6903206425,pdsnr
4562279217,sdbjy
2116508587,pfieq
4132097685,rlkxv
8654739389,iaufk
8834710940,gcttu
5445472264,wgpnc
8403030806,lpwwa
6000912825,pbzif
2635433667,vlyyv
3385192669,cpyfs
8224048537,uaqcn
7824723794,nmied
1313699743,htufh
5406530988,qmron
7102720118,hfcln
9040200196,dlicf
9312242615,boosa
9757486692,fzuhb
2867189831,nvton
3311201102,yjpva
8250617004,ktkte
9601052864,rzccd
5855276584,kiaty
8294869128,odlre
6918084835,lntbl
2501447595,jjhfr
5506079192,sqxqg
9766833105,kvdzd
4051039653,oxlwx
8145260752,sjrvr
8082041861,hlrjf
2531170662,jolsk
5748275762,mgjtw
3681790276,lzvfa
1811561317,ubiri
7698701517,hgqbg
4141464883,otziz
8637700494,ntufd
7411948737,znvkh
8543955334,ttbmr
9685906552,czmxi
1091283810,nygsp
7664263595,tpgbk
7191679847,wgzgk
3472001417,lexgi
5278790660,pbddg
9745870506,gvkwl
4853027131,tprju
1896351253,frgeu
2091141431,zfwam
7469422597,ktfkj
4262235761,hhcob
8562099904,omhhz
7855311308,fewbe
1167735542,uusif
5586950874,pdbal
1941448558,yxhyt
2030120565,yhuxw
5625651928,bcnos
7183236262,jsmnc
2040217507,dfbsl
8425729982,gbxil
3620642462,uoaqw
5777432600,jmadj
3558262259,mldyg
4387501828,xovdz
6548401297,glcei
6417426832,qhjxk
2777576365,dsreo
2575609728,xkkqf
7713869158,hymxz
1874497164,klolk
4857163106,wemfa
8169850156,xuuqe
7680301085,twdkr
9522935316,omefz
4635003055,lqgtk
1573184156,xvcdp
1521537636,tjutk
6968511118,gpstg
2198505254,kthfg
6282485297,mzlmx
3931084271,npiws
6012772689,aqbln
4602214411,fkkrv
3960902626,ofiyv
9073450848,dohha
8329841603,qcscd
6941835376,rvnhc
5787949209,dckbm
6469855738,zkkbd
2064107649,rymfd
1792171174,qtpkb
7705911091,jljvt
9907210279,cvxfq
2579951887,fzxvf
1330889608,daasy
2839174716,oadad
4662353908,njeyk
3583404387,mzubd
1587736283,fcoez
2213212939,xezjb
8729693910,fexjr
7313563670,grhwd
1964245738,xtslw
7211754334,tyzhb
4613911840,nusof
2516111462,drjts
2390160033,fagti
4708798889,xasrs
5711540099,toqzp
8688938214,iikao
6673799698,htuvt
5863307020,rmjfv
8610174957,xywgd
9787892214,wuvvp
2214182362,uzdih
1072074214,ogpwq
3766339024,cburf
2010930309,mrkww
4350191151,zvosp
6494631540,whnhh
1581087887,kylaz
9467991289,njgsu
1774675616,igmyo
6024708694,rdonm
5479179918,nshti
1736671169,vucce
6138522516,amufj
6844703446,wymua
2864293814,lhpso
4529367127,cwijw
6164278133,vonbq
2660153347,mwufd
4230962356,rrwju
4731153260,nnhgt
2343197511,qzmbw
3939041017,ldmuj
7054724363,ayopy
5811662767,xfypx
6823208909,jmehz
1697462893,ulkpn
8126211531,dbskk
2509238099,yqwit
3604455554,grwpv
6234313049,pqnzt
5927735581,oqkxf
6137910694,fsvpz
8220702052,sjygj
5701933591,puoeg
8132415677,mowrj
6835827070,pasja
4615369059,kgmjd
9746236223,pqtzx
7470009718,lldcl
8356057598,gheks
1117042347,gfkdt
5751616127,nawkm
6771573507,vubsv
7732415063,oxpkh
5126124409,nbmyp
6977909116,olssv
4676636591,mstrl
2061920170,jyrmg
5042357303,clvvg
4912618754,nqbgr
1088017298,tihvm
4124270734,idusd
8931677804,notmc
6272563024,jnelk
8465402326,imazn
9782955324,ghgct
7436232549,bsaqk
3798405656,ofemk
6156160683,ggbrd
2400953067,kxljk
5519851878,cmxkr
4363921899,lejiv
1112037464,fjcjc
5146252967,fxzzb
3676353465,wrgdx
8343911696,vrpof
6064745286,ptnhn
2163818310,yaqxq
4150547498,fatpg
4259212370,ddixy
9433616279,kjdqn
8831468770,okwlu
4461480082,ezvrt
9841818778,gqqqe
4945666827,uyrqh
2890126148,kmtco
2164361449,aliut
3369271399,wucov
2295981045,qevzm
9710538362,npotx
4597881357,pkjqw
3045707749,gvffc
8703665140,iagqv
3859088680,ytkda
5680249490,uoglx
7732694343,dsudy
2230162717,biuqb
9387812272,tajdg
5253574390,xefkp
5197547419,ffhuv
1461926560,azkqx
5097244116,esuey
6203512446,oudms
5085539360,dxmld
3492611828,geiki
8463294411,owvoc
8773906281,rynca
6663643882,grjfj
6498776848,zpofd
8640317754,hhiyo
5351038241,fwdiy
7373767756,qhmpt
7960717817,zvyrv
7686426803,zhhip
2863284564,oekws
6595724646,rxdlo
4222228141,wsnzw
1025652618,mjaja
7761099702,uaooz
1774686167,ocwiz
5092517168,byrsk
4302510746,hydec
1121504342,wgbxd
5927494303,qrjxj
2241433852,nhzxi
7818846777,iqlix
9052821939,bchit
2685269717,bseqp
6144593245,yxalm
3147635494,uptwn
4307812350,luxwt
7575251179,zmsgr
6430097524,utchf
1288192447,smtny
5376754834,yzuqj
4711652522,lqzgs
7770681277,danmr
5572673905,etkge
7361128317,glrru
6418747850,ttqqw
1251939172,hvxad
2776751018,mbjvi
7296905118,lygbg
9799238898,tunlf
3102874068,bqibs
7177975306,wiako
9100533040,zkucy
2539425975,fbwdc
5129164833,llkyk
7255721478,lrqkx
7756206656,ultsr
7278291170,edrpj
3661697090,dijek
1865568730,ndezr
3194435649,gxmjw
9376688461,ekgme
4526748179,sdfod
8284712562,yazdf
4725837541,cxren
2241367609,fsyrx
3281473653,wgvdh
7690769322,ckoiw
1715854687,iohll
4319950223,jnpgd
4663822460,ejfcb
1384034705,hykpd
3933482727,skrcb
9209533204,sjrcd
1790505484,tuabk
9240724087,ukoys
2737744652,oxkht
3407754064,gowel
5496561251,acnxk
6834781483,nuoug
2492106460,bhoxl
4498905368,qtrwg
2318232752,qvcqk
7307929216,mbadv
5893507054,ojmcm
1827146024,jhxlk
6990172192,iyckh
6840849134,ftajt
3984260569,uxkof
7624665276,tdhzd
4000973544,hxszx
5083145965,eblrd
8973008299,inbpe
1106229103,lzosy
1616560319,nrgzd
6177296683,caizd
5376146137,eddxb
6633204334,evqax
9987838903,piydt
6119772475,izkjg
9868468136,ogblu
9756971924,xmjax
7904937189,mjxoc
1423579895,nmrzz
7036104447,ywreo
6211652850,qonts
5447576917,lbqbt
8357534910,lnblq
1178075788,yryzp
3770066366,khugi
1622901069,nuodf
6304908618,fouzc
2162399219,phshh
7342651535,eqchj
5374348654,jqisp
2542594712,zpnil
9942059142,edcim
3504863563,yzwkz
1770338810,kiuzy
7754004897,vhjvu
1618018237,ygilt
9991014166,mgnfb
4983379967,sdxzu
3974461761,jepkb
7837124768,zrmsr
8384752737,wseyf
3754724661,kbagk
5068770008,gokjj
4533249324,llito
7603689876,mjvjy
9815265805,tnliw
6320708118,dzvkf
1611123725,frvjt
5172074796,emdqj
6098213343,wndex
6361316894,jufsz
9281674939,lcbim
2284276240,oqakr
2602977306,dsuyz
9841669054,axagy
7039147414,ecixb
6126084195,emkxs
2073451016,byxwk
7963370396,jywkf
6796912478,ybcit
8996884678,zmmga
4749534082,hucsn
2372658622,afmcq
7623225354,dxqfk
9798817625,ebpkp
6588992446,bsdef
4425401971,ezoed
4142625035,rmdad
6339632092,rqzhk
1765173924,xidpl
9445998314,wdoea
1123810186,ogdfu
6437036714,zsjkq
8210824337,rawzc
1630712379,wcbwf
8822295264,ibmxh
8399664877,flztp
1943512926,yozga
8041612492,flxtb
7908109238,wzhlw
7725856005,corqo
5756136215,ljntf
3338042795,qfsmz
8768272062,zaxmf
3198843072,udnln
7919895421,jpqvw
5206562336,wceno
2938940540,ojmvd
9337052334,zfewp
4787127164,fidsf
7823253750,osayx
2060254262,apdsy
5001143071,cqubn
4233795887,jwidc
1094597991,zqaev
5280295018,mqffl
3864470580,bijcn
4753297591,vnfef
7985155510,lynmo
9019406775,mnsvt
5397691506,yuvki
8082001709,gngwe
9769055108,sbpjr
2850043182,qqpwj
2640140530,jbcep
7070219310,aigfb
7100281822,ghyqs
3875395657,ximqt
5620677505,zpaxx
2119002980,fkrvv
1003618876,ezsdd
4443661019,szcur
8869310327,fxjnp
1305586992,cxcxf
7514114299,onnwe
2079307871,sdhwi
2099701887,tqekt
1663343427,wpkqb
8894726884,cropf
5386041582,bmexd
4694137066,ccjxo
7002353559,ifywg
5880062739,rvsye
5379807567,ikden
4747016662,cvpib
9928439439,mkunc
1000431665,qoird
1837797607,idbuf
4364652082,zqfhm
1496209800,slbhc
6684201985,bbtok
7602249427,vggej
8254353845,puyfl
8426789198,ixxrw
1584785168,reilh
1771934109,lrhah
8576857653,tqtoz
8091157883,ntdcj
3124407969,ypjec
4622098565,tsbed
2585703403,yevor
6270326343,frhga
3877077112,acdlb
1233630202,wzira
7255435772,csghi
7906255594,slieg
4298922919,vchga
5800889707,gbnhh
7781046038,zrohe
4667869858,iitax
8388284588,byfez
4014203381,fbxfb
9883311369,rmzzn
2894512183,uvvsa
9840684595,yhojz
3062090630,gugdy
6866097631,cgtjh
5220430083,wlqxo
9479594361,ajyry
1846751703,qedqs
6798613026,xcnnq
3112796388,lklrv
7583808597,obxbd
5609194670,vwnrb
9721199725,wtjoo
3582077056,itstm
7786555492,ueslg
6501119996,pwwef
9184958430,wlkrb
6343167807,prvvb
7709325128,vfxpx
2073149846,pxkmc
9149284710,ifntv
2841214277,dviia
7999903916,tubcu
8491577848,zgles
3082317589,mkteq
5325172287,oujdi
1053096829,arity
6342103836,rrzef
1590421889,ndgqj
6270761377,kgdfc
9663442457,wxiwl
7599360580,ulqnq
7430615195,cecmr
3354384383,ohgom
7866991115,evcor
8703316452,silvn
9794876198,rudqi
7370456459,izehb
1492389044,eqing
1962305746,dnoli
1725175103,pjsys
9524516286,xtare
4557960984,ajimo
9005887890,wwvxz
4710653061,djnpz
9004822457,wxopw
1509681997,kgydi
3043255350,xaafa
2927477237,pcgrc
8732594861,fqyzh
9495277700,fhkhs
6991499882,wmhto
3070793707,svpzy
3106355619,dsxyo
6186445449,jkirk
5828095492,ypjdt
5907202748,xvekm
2292502129,xvkrk
7076264630,pakbm
4323098659,jfriz
6507130097,noozd
5615404450,obson
1613884068,ezzor
6096602480,ufrtv
5597046350,trbqr
7058708303,fvoyz
4112075930,ioxsl
4673923308,hcgsf
9072020580,yaear
2446583111,pggqe
5746797847,etjqd
6209624355,bjtjv
8374360062,fcipg
4335572168,ydxfb
5134084951,vtljx
3217985852,ggict
7563253262,akkqg
3397204152,nsozb
2753690101,kmiwg
6297469695,ycwas
3696139750,werxt
5984892611,dadgl
7955185642,owhny
3096705870,hhvad
9380824554,yjccn
6605518235,mrylu
7133732272,qcwqr
1261508699,qkcge
8213927739,atiqp
4427422327,icggy
9550174424,skosb
3651552569,uzdxp
5819998461,xcrfc
7303087899,vmyzc
9031463234,veslb
1743884797,aprak
4572882583,mcuip
2229810020,xlwky
5037121454,rmjdf
3693568607,yyagb
9253758699,girpx
7495470481,dpbgo
6286869709,wgphl
9950325283,wwwlc
7324739985,bnpxh
7403129777,ujozp
6160309719,vsutc
4368692005,ygspp
9125378174,qsyui
1434679683,ugxmd
5975417192,vgfjd
5450272882,lmqob
1622848894,tqejh
1050828847,slwxn
7292694503,oonwi
9816476385,ywols
3534618691,dduyp
8492800671,frkdw
7155760311,aqhgx
1992596109,fxdvz
8281298441,uqpvf
4702276427,pisyl
4524189328,aevrz
9239979504,xxrlf
6395273723,lltww
5968294272,tzmdf
4395214825,mxixz
9901994412,yuhur
8701099213,ktgzz
8467452002,pgbkm
2856991588,yeurs
1504525446,iilzi
9306817742,jvdxq
4241275978,mbgxh
2469172879,qbxqg
5270955741,uxvqh
5038064820,sluwu
3621342069,lejuh
7334102529,ahrhy
7374238423,fuity
1314233107,lxbbg
4261514794,njxhl
6143454173,hvmvl
5739017618,azprs
9278505406,elvsx
5474442278,nlwra
8410525108,pkwso
6998340746,fimhc
6220972177,komgt
9300376349,kpyir
7594182767,sdsuh
8368438240,zbtca
1175514775,fyprz
6407720519,omcby
4927111803,xaahu
3288743577,dgieg
3119853305,ofpuu
1388967305,fqnnv
4374753346,cwejr
8218531741,dgoqq
8135468378,aqust
1273502394,ldqdk
7736236326,jljbm
2967866074,ilqik
8687190235,jlvqk
6230606283,jwmsq
4435876651,jahiq
9951405688,qytmp
7428266125,iraaq
8542493422,zspdm
5064827865,zhwcc
8588535384,csyaq
5969542571,zjhqs
5570113366,naysi
6088095912,struj
9779156950,uxnmr
5948234738,qvwda
9673597333,hczmn
2622132274,mtylj
4255477446,arlnx
8724392457,fyzla
7744219904,zemme
9249283374,txahu
4743405622,zqxyc
7133458790,csdzu
6215654093,sjbeb
3394941180,xelot
3462633158,popxu
6851339917,cbloe
2515455956,lqigk
7770498112,bfgeo
1753846730,qmwcg
3121313914,satuz
6803536087,dxyuo
5345242662,dblze
7256951688,sgyst
9199253311,lbcec
3281744089,pnrch
3736536334,ozsew
4699624261,tghax
4927714983,mjhzm
1711101899,ozlbb
9923653595,fqjpe
5735794135,sdzin
8104908714,sqien
5232556268,bsmtj
4615750747,duhky
8707623494,ezaku
3485354338,puxae
9200406007,ctvks
1067407108,djlka
6874599125,wqfwm
2984532430,vwwqr
4243804749,dzfqh
3320014021,oaqvu
1760321584,loruk
5529156034,qmqnd
5165816993,rggeu
7498353379,mcrxb
3184052795,cokbw
3238704043,awoqb
6665914931,huedy
9642109083,wngpk
4203879835,qczcc
6115022545,wmxpj
6156560403,dzamq
8285151484,nutlm
8240228066,wpeyc
6882549233,pjtnf
9518332034,eyhoh
3990670339,fclgu
7811830553,nvvan
9920082666,pdkgr
2194402716,xshvr
7564732599,jiyzz
9417383154,jlzdn
4690587682,bvhfd
7097494422,bxxmg
3514507495,owags
6668626527,nryms
7999219641,xvpxa
6780956982,kjplv
2324906946,stybt
3003817077,ibxyw
9001611752,nhtgu
7634323920,pazvi
1314685758,vvqlm
4805372771,ctvyp
8213985778,qlnzi
2820262091,ckmau
4602069606,cglpe
5893106106,qsktx
2151216086,isglj
7453590420,dduuo
7428488104,qyeqf
1708899204,mtnhv
6837088498,nsmpp
1380493798,cbqpi
2396179838,zjoba
1389919296,zcqcm
9036381064,vdtyp
6391090375,agrtc
3728152739,eljrd
3391390962,vsbfs
5581437994,phadl
8983201899,qsqha
8884200132,cxdja
7011900601,mzgyk
9398235280,fvvrl
6160043573,kdmce
5892733888,xorkw
8956447999,mxbas
7005296121,kzptc
3027925791,lkqsi
5805816685,thlck
2516861854,zcpui
3934410325,gqqnn
1565615410,vcubn
7741119117,lwgnw
1431782124,tdczl
7950188274,bbhlr
8622434909,pooql
8148966675,rsvyw
4443040896,zykre
5923672068,lqldy
7475271452,cjyjv
3273042578,nxyrq
8717303238,rhtkb
8895870014,rczzs
8899608038,yrxyq
8777789094,pwnag
5753878200,jwrdz
5967817716,kbpfg
4473731557,eejes
7867033669,nrmyu
6988153138,mbgpo
8729564004,pwdym
4000748459,eguqn
6322122392,jpbfz
3176861048,avcmw
4839606235,efvre
6218278005,hdhtz
8245911204,osume
6926887259,ifyxq
6480359862,aogsd
9654385124,qtjvz
3435450384,rwhxz
1704490647,hhqwj
7482761460,qlohq
7847032376,ggyxx
2852205040,qxefz
9547834929,myebp
4858141804,lfjpf
7736951889,nclbf
5447648133,bejeh
3099401193,izhlx
1437848278,qsamm
6010768291,mlbyw
1379770270,urqzh
4112539479,zxrkk
2551549494,sqmhv
9715356293,xhsdh
3019761359,svnpy
2979568132,zohge
4610228333,uqlso
9528688763,wvqas
1702963617,whftw
9495969711,bdkyb
4502111131,wpalw
5959019782,jvfiz
7654151105,bogbg
4633502189,ftbcc
4656975601,dblvc
6903039155,vbjlj
1418298453,rhtbs
5811403741,bmxjg
7429611934,lskyw
3282286495,zwkdg
2984374508,fzpjq
2576245993,snvbt
8601337147,rnxbm
7561477254,lnkoh
1353326667,hwyxy
1391458470,qhplh
9347157837,hobzn
7758886825,jfuqx
2876111210,hatun
6419041213,pjxrm
4690477423,plwue
2700148548,uqjnp
7418208358,gzqsl
2362830449,lmkpp
8829960334,uurzm
9831134719,qvvui
1149882487,qlxey
5242601165,sebld
1559102862,xzsyo
5862340936,xhzqy
2472869772,xtyrj
9161168310,ymour
4753034828,bhags
3200499188,hxxst
2764987804,rmavr
7498686112,jdgqa
3622751627,nxwlo
5393580282,rjacz
5108818970,wvxue
5472737043,pqydk
6148986925,tclou
5519476661,ziisx
8971951857,obfrv
4976294179,lvfnw
8776866606,xsurv
4898978821,oevka
5641826718,awunt
1937300825,rgpig
5789606882,btctg
4186150608,kurcc
3185936979,jhing
9169520519,rhqbw
9206128332,dzrvk
8092782303,uaooz
4580115509,ywtus
7693705151,ezygq
3114372666,agpdi
1341914675,atols
6479446106,giucz
8050353123,qtinw
1838788307,qtlts
7367057218,ktbjv
7675834534,lrnte
7271508540,rrykp
7679969648,aqogf
1815721256,vljwd
7443135482,vxael
2373975895,fihda
4066549393,marjn
6382982243,kxler
8948632853,mbclc
1291386563,wnoun
2727492001,mxiqf
5511279735,saall
8106295974,gwbpx
4428520660,fqhrk
5772183624,ixfmw
7454673417,rzuih
2113606380,khwuo
8403592047,mxvtq
8330152886,sbrzm
4922033541,rnsoa
1038820409,bpwlh
7504249516,yogri
1935958222,qdqpy
6304083325,kqzht
4922351276,ydhir
7474380421,fbmou
6490477023,wvzfi
7622525950,bitwo
6727697860,jurnc
4537393096,cvziz
3884608163,ufqid
5573198431,wehuw
4385637473,bxcse
3695504617,zcdbz
3600436912,cpvzs
6839151582,fkfde
3002447770,papjk
8695980103,shplg
5061173979,yqian
9273170659,gnxfp
8219899431,txwmc
6530866854,ukhwi
8616835013,noyhe
3182523333,rhiwa
3025360269,rzuqo
3341273945,efctl
1127205749,giavy
4056945624,gsbyu
2239611475,mafrr
7466325393,ibqlt
5544804911,lvlgy
8246048450,zfzem
5147534234,xxgud
6433405063,poxpc
7540874477,wcrmc
9157471891,qenaf
5601136886,bhnyn
5814919143,tfcaz
8140257236,gaprn
5865894587,qrlgp
9673111100,fauno
2750050996,yxcue
6181724612,zufna
2912803433,swkny
2808602294,csfqy
4300257168,drgfn
9822501570,nwtvv
5176301170,gjvyk
2932120819,kktwd
8914348773,bctws
4339225634,yojmp
1086430436,imwnd
5437448625,hzkip
7200079686,fqiis
3884527841,byyuk
4743646816,xbodq
8014722965,ackph
3848654816,lxkgm
9903200853,aleln
6869265686,ucmmi
7967961032,yqfzw
8532116681,pxesa
2521824914,lchyv
8604398808,gbffb
1223490026,ysvfv
1921560074,qkvvk
8952687098,wfsey
4459057810,shrpj
6083625165,aceqc
8514158020,vpild
2301299636,qvejq
7996381169,bgfrn
3847222853,uvffc
6772748769,tvfrf
9832782580,rhokj
7645820409,efssq
2857071665,kbdrj
8412094083,nusyc
6236687416,ybuex
2270448854,hvsaq
3855943798,claoj
1132381324,ojmwi
4983028551,pdbyv
2169851086,gvqvy
4611720510,vfkjy
5219651259,wpowd
1274552736,dzwui
9785676770,xmuaw
9007488474,wulme
6207179391,lmyjz
4569740564,vhpmc
8237946356,hjfnh
8150573026,posdd
9198842155,nmqus
7826885739,xqlso
5812391740,lbltf
6047126711,gldrv
9538226572,nagdi
1071895272,guvks
1210243244,nhwni
7159527049,auvxn
2760550689,icwrx
1133019433,ywtme
5408889831,iyihd
3865107204,cvmwu
4565350275,nphfi
5486887169,qasvo
7782489180,rovos
2981122715,kszyl
5160875949,iwcpp
4580311549,tftax
1100304195,ghaec
1594548341,fcpkt
4247187376,lumjk
8721842757,ybcyh
1396659973,otcex
8325008673,lypjt
8274136165,eunpz
8622771955,kizeh
5875866893,pdmwv
1950771466,efmno
6490417731,rtfbu
5096326867,gaoge
7884332807,cckme
6637827525,bfwqd
7137919051,hrfob
1871543735,atuer
8974381387,uninn
4014950824,bgqug
9545110788,gymkv
6689726969,evets
8866007135,ijlpg
7556189831,ffheq
6960143849,ijhnh
1104076606,qfpig
4143298975,fkpoe
5193195992,gxfvu
3013786657,wuxzb
9466484321,ahojz
3185344518,aclvs
2698241164,slbut
9076554390,zdvir
2619569477,zowed
4237125901,wcjbe
1686898027,hkoie
5700242797,qgcka
1893426254,vbnpv
1707739717,iyyop
2464094000,szviy
2424628621,evsxx
8312822899,fxajz
1277842416,ayofe
5661425573,lbdob
4484905323,oesbd
8047746896,jxuof
9826711443,jajiw
9626889946,njprk
9953368932,pnejm
6463334078,rilji
9718570332,zeuth
9360313893,pkzaq
9242753099,foizr
5153385877,ogzba
9759508168,daecq
1285961824,pxqaq
4868621940,juuko
4707286248,ljgtw
9862875555,tvgyf
3469227239,tjwkx
3321741791,aabmq
6679972932,gnudv
2193692362,hgnit
1454841305,jljmc
1689479537,xfkqc
6698182812,mwwxh
1856910377,cctdy
8201813040,cgcpv
9799548506,ncfae
1433899586,flrso
5798446247,ycslo
7210670058,rsmsz
8193033751,gndwe
2751679466,deqyy
5492992843,szujx
6770806106,vxiyh
5107450144,ailyz
7657921474,dtbfj
9051408932,deeoa
8583026472,rvwxz
8077569815,eplbc
3742668156,hvlhn
7471267331,uadgs
7238776090,dytpr
5415764001,wwcph
4224847139,hcahk
7020391849,txqtz
7115288518,gvfzq
6487146469,krmsk
1323394722,oulcy
2178665134,ocvxz
9541061285,mcrae
1569785348,ldcju
1938315342,uibfr
2377374036,jtldi
4052982418,ansbk
7039308744,bhmga
3429122781,begen
3165963885,lmrnx
9175357318,dqohq
9887931182,xazvg
3333978992,sifgv
1387443903,zwesf
9033427967,agdob
6617114115,zufjx
5992239863,ucqmq
9101432106,ypxmf
9273168510,jwimm
7514442194,rtnrj
1925906996,yvvty
5006405230,jgtuc
6805565088,jehbq
7650970244,enggv
8829505697,nzoxm
9531788403,whyox
6915758210,knmtd
1075415296,vvhhh
5221695359,sazxk
2036514047,jzhlq
6193290137,kcayu
4253934540,gonie
6367554925,mqixt
6958568811,oqgow
1589016916,mwahb
7785795426,ghaza
1899446587,sxgec
4191779688,qbvbu
4840679463,uiskt
7879721171,acceb
7166270131,uqkge
3587883787,lfwan
1073275527,fhljb
2485930721,ubdlv
1007155465,opffz
4395573917,grhgx
2179480749,bebhj
2590293429,cmgqb
6752169028,rwgjl
5910232418,buksf
9230880491,suruz
7211930952,fgnfc
7161590439,xsavf
8250709171,obeza
8410884432,ascix
6783870325,hkvew
4658829659,srnzk
4103761231,pismg
8152299091,duevm
7751263753,cgoyz
8680017288,gzwvy
9080016510,vedsj
4744732640,qhhjp
7702831819,xkpqj
7058343375,ozywb
2973785206,rgyjc
9464633456,prclo
9024623609,xtgmc
9575263695,syhxe
2489774883,ddehk
6596558783,yxjlr
2236150799,esftl
3380477476,ajvvg
4926009422,zyhug
2175692035,klqcu
8985702555,krkwd
1178748011,gnjik
5322717000,pejot
8903017943,dvaed
7150813070,abtdf
2484881548,ndjdn
8139377919,yaexz
9274578843,ctziv
2578773566,ncgwp
1702643945,ikozk
6423379591,mobki
3313897314,otxzu
8412639474,lbbhd
3726460091,dnacx
9263796568,esgzi
7518096721,ezcud
7978227796,glijh
3961436212,pivrf
5942459708,seecy
9340805364,opzsl
1403398947,sxzos
2702898893,sqrac
4583718740,uoede
2661640651,cqwgi
6888896112,orzxv
8786810241,fvvmd
6275064133,cpihz
5640437192,picjn
2464167140,msilf
5718108394,njnyd
7978194789,gketn
3055768042,duovs
3428038433,vhtpo
9164810076,yrogn
5810558230,gnjwm
6253956629,elfkl
7749610110,newrm
7821092261,wycdr
5065992727,qojhb
1028226327,cobix
1684534762,lscil
6496141144,tiojw
8598972900,fzwjc
2315380314,xidjh
4161635806,nzspi
8524660413,sngqh
6942566548,upzzh
9145902458,gypni
1546985172,dgcdz
5662822096,banqo
6190209015,zgllq
5806120428,pqsho
9509121535,ocecx
1908549900,oyqon
2535241382,ygnia
5734330849,smlsq
7929405623,fnihh
1657693666,vmcop
9540692032,wyuzu
4254927737,jqbrj
7280880342,gqbtz
9619912580,elnqh
4214537867,xtqqw
2308877228,cvhiz
8348742574,nyeoc
4276140818,ioiip
4138712670,dcbdx
1974572780,afghl
1587108146,jixlv
2626102141,epaws
7356125598,tqheq
3977068882,qkelb
5404464963,bvkjr
5751932854,nblrq
1052436229,zuiga
9428636297,cobfl
8030663650,jtntm
5843023552,pjkua
6229268746,pncpu
5310084295,ncabc
4166094947,rmelh
5490317992,elman
2103428611,lhmlq
2815990252,bgqal
6353783668,hsjaj
1792776005,qxslo
4193604767,rokmy
5013012843,kleig
9280604846,imylr
9201539036,akwoh
4167592544,pxqac
6598858943,enigc
2462047472,apphg
2584183038,rxkqn
9570757440,ipgbo
3608444525,lxzre
9931158638,mtgle
4488941995,kioas
7766366967,iejtd
1301336688,medbx
4674679985,jdnti
1416845202,pthtm
7443500132,gyick
9051988304,rjftv
9564023626,veivl
5269028958,wvrzb
9684085185,qahgh
4408936603,boccy
8256833063,blxoy
6672173416,irbjw
6447553077,djpcs
7885402395,pqfom
7294546029,pnxgr
1716827390,ntyhm
2137926206,ueejc
7224303757,ltxcy
8950808059,ynwuc
2787724644,phqgn
6527074841,usxmi
8828011025,yffnc
2650519225,fcjiz
7685381967,vwlzg
2722997950,eknql
3272919040,vmvyu
6097315434,hlxev
1483784290,qkxfu
8191853591,xbdww
4575514738,hcngo
9759267433,jlixl
1625964499,ngszq
3124324998,vicoj
8291123607,ykaey
5360836611,iqqyx
6133834275,xksqo
7755586510,dsluy
1942504538,tyflg
6603437913,ncson
4686872324,luzgg
6367418036,wshvc
5818709341,hmbxp
3267025473,nnazo
5597697604,nammf
1586423972,nbvjd
8441926789,ddlle
2529421936,buhrg
2164689517,qvtfi
1195887273,jilgo
6205101219,zrwue
6320976357,cbryx
1231148559,lcgpv
9433817347,bvyya
2622126782,ykfqd
8066103145,jimrw
4042544472,ilwus
5965280713,rwehb
9086391473,vjexp
1997580638,zuvmn
2279909224,ersvt
5567985056,mgkeq
1526587493,hyyov
8130249253,jhxla
1220239178,pzcab
7643285284,rdqjj
7474215764,vaepv
6936698128,gzibg
3374638661,mnghs
7253245623,dptio
1754171048,lczuv
4386409000,afghj
7104993122,tzlzo
8883481374,kawds
1106575042,jbntr
4717801254,qkoey
8846679984,ffgrz
7996090126,jfuyb
2952152261,ydzhv
1388315202,vlosm
6669269282,fgflg
6893943871,aqkck
1632995538,kgeuu
7831707093,rvdrd
9629679830,tnpdn
3597095816,gnqit
6439932825,iixfg
7080555295,hhaho
5223444627,uathz
6654957796,wkupx
4741329295,zyqtz
8567197305,wfyvm
2592247244,ysbqn
7676788391,datxo
6872883615,rgiig
8721202140,cxpol
2788249852,lqiwr
7930326141,embgy
6637199042,vzfvq
6396997212,nuzrd
1264440894,kbjyc
6543234646,nrllg
5296718181,ecqbh
8937174961,qqpud
9595679823,txmyh
6378503426,mkweo
1723499720,ilgvc
4809424044,yksmj
4991319542,flgpw
9665858670,qqnlu
1202355820,vccdo
6134330150,ogdmc
9379737922,sseda
2176122033,czqhw
4335113165,bcmfy
7866895215,emsmu
9033851917,xftau
9942446624,iogdk
7321895671,suask
6940654888,xowew
8386549677,wmukw
2603850254,qvmzy
6535206491,kseeh
4870456347,utfbi
4335576345,jjxtg
1244256585,ettgn
2185749141,rxcwi
1439868538,mqqey
1857618718,pptwf
2764400014,qsyal
2713830617,zrfwb
8690501647,fcvak
2716200597,nvauh
7117199138,hjexn
4873898390,fmvwy
4360923466,kdzln
8388967716,qchta
8215849311,updcz
8120789593,kxrfp
5418982248,zpabf
5964269933,prlde
4428258086,upzhd
2204092598,hvmeu
8919367088,gaxzp
7094121888,tlgep
1580784734,flnig
6409596762,bsyyo
9957944802,ouikr
9580250899,vgpdp
7973279127,thfua
8332050312,kkvkl
8828605419,pklpr
5433831119,htuph
7346273752,snvtt
8696201921,vefrh
4144618792,eibcr
2237028523,tuiqf
5096782795,xldck
7252576173,wozhp
7522066871,lgjqs
8538187116,bqkjj
1851625848,epeen
3662330427,rcmhj
5673503347,wwzqo
8717670238,tpbkr
8730117326,gswor
5812562288,vuenm
6690371034,hqaxa
6855950251,yapbe
3494234767,kvgpb
7521746698,efkfg
9808340230,htlpc
2368781919,dyfjk
9956445404,juldn
6217791545,eyzzw
8780519569,blngc
7462839508,jeief
2883109315,hdlma
1916137381,bicmd
5619712363,vcmrs
1624811370,wmaxi
8214963026,rlxoy
7660837959,psxhp
5841382978,qxifc
4203898064,wxieh
8777606144,rzfge
6951623577,bfntc
5118751924,qpazo
5023384650,hcmlq
8338758349,vmjkj
7768072263,wedqf
7394208427,opapa
6794859112,zrlgw
9125921620,lpzma
6999265857,obmfl
2856009863,ynspj
7382241450,hnush
9518873997,cymog
9198376158,hzqod
2916861404,hnieq
7819352097,rvokd
7857877420,tsfii
5602040844,nkiwx
1904135146,wbftx
1321118926,fsorc
5185002595,aynxz
1180268248,rdhqp
4054041251,geivh
2397422249,jpgcq
2115427712,avfsv
8532189396,enbkl
6979227737,kmczr
7410159986,uflbe
8381167851,xtvql
9125976525,jwqpv
1946344217,scsti
8548890388,mmqgs
4646052182,htegn
5244415820,tpall
6592694718,xnkzq
7233884603,ndfmb
9606628796,jpgco
5264293173,capfi
4180521243,tuokp
3305633480,qwmqe
7011284372,dokas
2207386266,lbxda
1853400962,ccljo
6443512741,zzcks
7986883037,cndkc
6711689092,ynlsg
6702029274,luwue
2952442540,oseuf
5708633768,sakce
2171283617,kmjwr
3046136297,qtgps
3291356101,zbutj
4381939128,hnzqf
6684525833,wjhax
9006282017,chfka
5383141567,okzwq
8194300599,daupr
4384307000,zuayu
7265928946,idzfx
5951451233,qfcif
9800324724,izeqd
3855462533,wvcuv
8553195681,scrjt
6112631289,frqzi
1009830916,suhdt
9266024441,xqrhz
1094405039,suzsz
2487397509,lcclc
9633871096,fjhka
6058050265,pfamu
9710017511,mclli
4814124078,stmmy
1450749464,jwrbf
2727973218,sbalx
9185119105,zzvox
3986102134,rhgtc
5689667358,gfjvi
4625857214,icyeh
6992571593,dlaxq
8808680466,mujsk
4380571683,sirws
7538104538,vqxhf
3384192562,pkbpo
3512893849,kttyz
8687552001,vdgln
2585871173,nxayh
3300638386,lemwl
7642379663,qqivy
6274688643,zymvi
7998829842,nwyel
2234852484,vtjqw
4011392637,valsk
2597477116,wnasy
8119505171,ontko
6677005959,jvqyd
3777898575,xnnif
3692240394,kplqm
7834767801,uqyml
2480212455,dsxlz
6329278370,urqbu
8421123594,mdyej
4055595425,bbqcn
8126182906,kevnx
4805616091,hyukg
2986453108,wrjht
8250889976,fjlol
4187137106,vjisx
8824211055,cmyco
1970205689,glddo
7364526185,iddwv
1471177665,zxfwg
9808526362,hmoag
9938261414,xvabb
7933121558,duyhv
9673297489,uolll
2829575159,ynvrz
4357965082,rrswm
9216854839,islct
9064632880,ilari
1379956580,dugqo
8469293980,fjhbu
4166881359,ecqjy
7699630693,vmgar
5234943591,wdxrc
4538928903,opjdc
6273956210,amnxf
8363871544,kpgfd
5232662137,qonjm
1331484516,vcqhy
8381498297,qjdsp
4543207382,ojjbp
9264120769,lertv
8114665620,riqek
1425864057,elnpj
6305753660,cbtgd
4825126577,mxcjf
8714706774,hzshq
5392899859,rqimm
7090966911,lthuf
1710419994,dqwax
2869576208,qvxtt
4669242915,ftptp
2307088860,gifck
6560270136,mgenj
2393624516,tgjkw
4227526736,nhweq
8063125467,xbyjc
9767732064,iqpkc
6764744635,fumkc
7529185628,zvfmg
4041690520,nekrs
7988645046,dcvee
7744285714,ulalm
5518195835,rtdve
3019088767,crryf
9099749969,rbeao
5398237405,ygzun
1821021117,birml
7476603591,bchcv
4273862168,oeadu
2890920693,ehowy
1488226839,tclew
4408906083,feqxm
9519861665,skktu
9678292633,gopzu
2683130331,ezvim
6219047962,qvukk
4291805251,qtwps
8301192730,srqkx
5177141464,wowsz
8419621192,ddmac
9706991042,grvtj
9987158177,xwaia
8203400211,ryuyq
5686692826,qxjws
6180618459,zjvxm
5371396919,srheq
3763856368,vdqry
2207205826,auvob
2404417696,orswk
7932070746,bbbyj
5359234317,nufnp
3090287085,asgnl
1698601240,ogsia
6744440336,orpai
5706572495,tbalj
6637296108,pmvlr
3930845651,uyuiu
6071696616,smvpa
6983103969,jruwl
9257988540,repwc
7658276392,aqrfp
1471379728,ciquj
4043670335,kygpt
4335129788,ugstx
8483262773,ctrge
8539666199,xhdrq
2106955126,dgami
4426622539,ezuat
2881591077,qjpra
6598434850,ytkbs
6457810723,gloyv
1479917426,foxls
6606195892,cqhlk
5413619052,moiao
4918872005,sfyrt
9534871151,pvjgk
5962615927,lndxb
9453446213,qexhd
9199269515,nxska
6775800766,cchyv
4948764641,morhb
1349232243,thkgx
7648293518,evqfb
4690672477,nrgpi
8201650499,ccbai
5309484910,vdnzu
7884941684,rkzcn
3824379085,mdcjx
2231287506,ykgqm
8759751891,zrueg
8295676752,yrmob
9431956840,nmszr
5355807079,yjjli
5902975240,zesrx
4655192553,ngdfl
2841300061,pkkhc
2541481701,riamm
9076243242,noyem
4951341066,xuumb
4058200748,dzcbg
9212102529,nkzcv
8362010290,icofi
7519476036,uhimy
1328719774,lipwj
5048328942,yrmkx
8819982073,feygx
4471125363,bgcye
1053370678,xaxtf
9776132431,xjwdg
9429748828,ebrlp
8534981805,hjjlm
1357632214,nvrpd
8456829403,nubvj
2035065420,kzalq
9409350444,ddmwg
4978321394,bmoih
6530927093,nwogf
4853058852,zujpm
3476963922,afppa
2579889151,uhvxo
4120136758,bqrod
1519774189,nrwsu
6891502906,bcoep
7457298165,oreug
3464924390,yfxyv
1498959084,nnbac
2510899862,ilbne
9933950651,hqvum
4281452623,nnodq
5918826545,idgbk
4087089726,yvbjz
4525397151,yvjod
7764950714,tefsl
1826028135,hhfhs
4214210642,pcxik
5583629391,iavdn
4466819634,gukof
2768386473,bnqnx
9634457827,ehwmf
2936751080,acstk
2350814998,fooim
6744390798,gdpay
9716490440,aenwn
6211867632,jxuet
9659499399,ttsuc
8619480309,nfqlf
4734400010,lcarz
2889619617,nyuiq
6262952535,knoge
3889160101,tovkz
2427106882,gemoe
6195712287,ovbou
6133140740,jzfjw
3295979980,qsrql
2684602315,iohfk
5575900173,bzmqq
7627736692,qqnbj
7675040614,honls
6801900437,ammtv
2301902326,rozny
2330118423,kgcml
9498596506,gqxmq
7946144645,ligud
6522828965,ipgio
6446987495,mkcnl
1332602088,gwdgc
5844874331,bpkew
4080214322,umtzr
6616013933,wcshl
2207038541,pting
1827313735,ukzmd
9178221618,pcuij
2140275641,dnweu
9462330433,icqyc
7574537516,zfgjt
4449897495,qelbf
8108082203,uahvj
2133424536,jszzi
2555867997,xtwbb
8134443088,fyhps
4829892029,hhkqc
7738399320,elgkp
1462408234,gzfqk
6618252500,nqawx
8434258837,yfhca
1416839741,mzddk
7305962356,lioln
3398605224,zctgz
4478208583,rtgli
4425732293,wrrgr
4374131975,relwr
8579716293,nsqao
8666930349,zshqo
2679073786,qxopd
6673900655,tojck
4946834287,rzqwy
8137543227,nqazr
4207552999,oiozu
8720015101,kwtij
7899050313,vwvbm
1738969626,ngvpq
3001631269,ibpiq
6258263179,enedl
1190447675,tkjke
1049737133,jngkn
7291211360,munab
3560330740,iphfe
9582050247,gckuc
6139992745,ewnta
7470678095,mitnl
9126244335,xewqv
4174961724,fjggh
5286950426,iotmn
2584877405,hdvqf
3227457391,auypw
2380546338,tfqcz
1411787194,wzjhw
2323696335,guolh
8586594069,lajgz
9388751493,ezsxf
1669036092,qyodr
4581525209,vcwtw
6262840098,xmosj
5502201252,tehtl
9719658425,orwuw
1696498030,uodpg
3576442541,serks
4259967028,jcgrh
4218554131,iqibv
1392221642,sckbs
7337223117,zpwby
6464636731,hascb
1365965530,pztlo
4849111259,czvja
5243565817,exymn
4471514115,fekyj
1816427418,tyqmp
9765975734,kbvac
9825409160,sbcfx
4957332205,vvugu
9659639954,xsqrp
1425621315,etdsl
7072806023,screu
2157897343,jotxo
9426690849,xfufz
7864818800,cyjtp
3401596491,tomrl
6755057514,rycjd
1481138610,yqpqj
5415174318,bzhpl
9222803520,xkaxm
5722305073,ooyeu
9733645560,ozwbr
5842258142,hfhht
2930130222,rvczp
9866720610,kywzj
9316133368,yqqcj
7121271047,uawge
4423606478,jukae
9105670673,aonju
1119246723,dihlb
1898701599,qcten
4428933474,oynzb
7451252543,uorhi
8298590062,uauyr
4842710433,imyux
5373762418,ykqwz
9282782125,hbxxq
9207496406,jkjcj
2565091495,ekfgq
3562876529,eazxu
3134704129,wsxlm
1726299524,wpnrq
5713052543,lmugr
6481548207,imblv
4196928116,priew
4472965999,psvxt
2845819199,wwofj
3451584785,ekysx
5246330158,itpiq
8845054091,wbdkh
1141715400,iaafb
3862186544,nmjgm
2851960123,eqjdo
9852235099,qzvpk
1714070138,jcujj
3243503880,gfuee
6695826362,vbvnz
7431105530,hihgb
2053314526,bfbgy
9201958604,ycvgi
3673711166,dsroy
7798648145,cughm
6857567315,vcygz
4004334773,mzetn
9217554651,lsvdd
7564419407,vpumc
1975567281,sdfpq
3840123489,spnvt
2268962460,uzvma
1080787028,kedjn
8366015411,iljxk
2265405999,mstwj
3744787560,hfltc
5916595894,auepj
6050264619,gjodr
2691593133,ipsiv
4775006026,uttod
3217358935,ttenm
5559486146,vtqqs
7208033436,cpreg
6173303191,lxjjr
8426238390,zibkq
6839574574,uroby
5529418102,qhhph
4419057265,xjpnd
7182055291,tgawm
2500754217,yeuif
2788521462,kbkkd
3623797050,jqpme
5051228027,yyxbb
9000290059,olpqk
5874119754,xseuf
8941150291,wemxs
9637262077,hpumo
7043284989,lekih
9087175628,tvagw
2232847014,emwwg
7327319073,givro
9329134226,dkobm
2705863020,trbnc
7006160730,raxfk
3184739635,fydup
4822552247,zuzfq
1838226596,ubopt
5800410595,kebjc
8100068261,kdikv
6514265351,irvae
7044888197,uowzn
1454234166,dzrji
3054026797,yiflx
8728093718,mkbep
1396819925,udwpt
4135861160,syyyb
7522186016,vnyei
6700953855,iyraj
5274471712,sbwun
4243097726,smvfd
6761994220,zjvnh
5026650164,atkzk
3011608614,ayjqk
2682384336,ecrli
4818356534,dltbg
2999919897,jixbz
4271830736,ktkhj
7265705936,urjtu
6700355241,njzev
4638749637,ureom
7571413877,hwajz
2589747345,jubcx
9186234799,qncwa
5051869708,muevj
5530730220,cggru
6032072400,pbuak
6850478786,yqgfi
4895644029,hnoti
1262565139,duisy
6480534619,airwg
2996077212,tczse
5849775874,wthhx
7631750148,axntp
8756260499,zpcym
5399322028,moexp
8338609513,bqrwx
1246201553,ntlnx
2914814821,kserl
7390192448,aaaak
2026898837,nggee
1756888395,djnvq
5331175818,pyboq
8018753048,lzuav
6069904043,hsowd
3949882796,kgpoz
8432839153,jjqpv
4895562124,afiko
1200327704,gmxpm
8078521246,hkwrv
2291767001,akubg
3956957017,epdza
1680817832,fnfff
6847942306,rtata
7207814102,djcig
6786076579,camxk
4580874626,xykca
5023630706,nayun
9866125904,tltck
6814759295,emkui
9534062844,lrefy
8445561077,kyzla
6454424827,wsrds
5066235608,xmwsl
7865348022,nbhmg
7868462084,mpeqg
1823503649,glhjr
1751060905,ajqor
6775032370,mvbkv
6162515432,tekth
2264941088,dqsjw
2715388502,hypbd
6506876018,zphhi
8393278236,vrfqg
6867140510,cmkmk
3420690621,pprdd
9244491115,twrcy
9483701108,wpmoi
2049167696,ycgmo
1166221354,dziro
4038284634,juwht
4755094601,uvtmz
5186398745,qzxby
8628927490,yrijg
6307071298,npyba
8727968444,eumvj
4747436726,fkftv
3926046066,yqwrf
4411813074,cjpij
5692468514,kqtgb
1376109025,ourvb
9445407032,punba
2245378742,crehj
3200239113,esinn
4751060053,azsqr
2286074489,nogqy
8671853389,zbvhr
8732678040,ihqwz
2138217444,dzrva
2992962069,ohmxx
8193535725,lucpv
5134308356,fzgxz
6985911672,dshfu
9199465733,xrgzt
7583189791,qcrnl
1982573658,mewqt
7302584194,dndfg
5951331669,zmvjm
1554469363,vibpw
6164098676,qrbyz
2785868899,jzaot
6437606341,lpppe
4520075223,ccrhh
7715390555,nzpdz
8646624016,hmqfv
5177828659,wpqjq
2092555847,hxpxv
5982341120,xlbpi
8091520586,fyhfp
8462747677,jpffe
3926254922,dxuwy
1887761520,zvfkx
7854649485,xyces
9056134229,gcmas
6747860443,ishzb
5188870850,bekew
1818994031,feese
3181633932,qorve
5660222812,khozl
7726932575,vdjvr
3047852726,kqhai
8711434575,hlcks
7693111327,kgnap
5572647978,khqeq
5336377870,cxdvx
6864788007,qnqdm
1377289679,bgeic
2837693973,adnyp
3861016996,jmyag
4682540399,fxtcf
5854353971,bwcpc
4977202324,tajue
6782652186,hrvhu
5127067611,fdjql
8390575592,auphp
9524859468,umqkm
4883979522,pqiom
8658772590,asweg
5800403733,zwbey
3851132236,czbfm
5090636392,ahgym
3897616102,dmraz
3253319070,ceotn
1151300170,uhdtv
5642648077,lmpdd
8537596711,yyjox
5461098791,zeblg
9038839296,bixpl
5028735136,tjztw
1344500149,iobwc
7834659588,xlrag
2286821400,tkpjl
8015649114,iaqem
1905902104,cqgwp
2880970730,nclkg
6431718919,uphvo
6545641541,tqffx
7205982947,vvwyz
1208876819,xnuct
8088702789,canpx
7145755127,dnkfa
5837488352,rrase
4434048932,fwgdk
4540259933,qibzp
4284595306,dlubk
6872386153,cwajl
9905230607,sdvie
6098835678,vokpw
7952719843,szcnn
2038779267,cybvh
7775590931,zgswa
2822799586,hluhm
9257426915,haygb
2966559096,likxf
3560524157,agxte
7130240944,xsofp
5432880915,zzroi
3585019226,avuha
4204548211,slrur
9161307112,mhbhd
5383475499,fkycz
6785088363,jxpwj
4509344577,sjafu
6986120507,djozv
1080263334,dtmlu
2943445919,nannq
3265633858,bkjhs
4015528741,mwezw
2098115564,vcagq
8657104791,pwhwp
6932282083,jhmba
7827670809,zxtcz
4086103321,mrdrb
9183449014,ofhur
9154752198,cxwpg
6953281711,ohrjn
3685245454,pnbki
8330158144,aheeq
8325123192,ujtqz
1520476522,zsntb
1444550956,bzodg
1874711639,boanb
1009489887,rktgj
6610340580,lkrjx
5304872537,eiqng
5994169096,gkpwv
2015824185,hbxgx
9800812863,bluiw
8953978295,saqxy
4750643394,ecjwj
4286836246,bkxij
6968373866,pjlax
2119083443,nubjk
4038837457,hqrgh
9966328707,belhd
8689530949,kdzvx
1092356727,ymdds
8491840919,zygxg
4031897830,vjcar
8245435714,fxczn
9815629941,fhjjr
6761713816,poota
8931498473,yiqfk
2342219027,gdqhf
5786834077,aygka
5635606593,srmcu
7305208681,vvxds
3282571165,wofzx
3882693487,zqdny
7652505876,dmkzy
4202851034,qvtrv
6960407299,cmmka
7634305633,vklxv
2667792468,vbzyq
8102234458,dmwmk
8710116848,rwspn
4680018403,iztih
7562348483,rkhru
9794473199,dlnrh
5035491691,bezfm
2592989704,tybps
9724438255,sxccj
5490805943,znmlw
3187666069,cfbzr
5795396390,yjjwn
6529597095,htvlf
4661848727,wkdxc
6274841203,xzltx
9501604796,wpjss
2492985477,jrvcp
6802217862,sspqn
7809048224,lrxyt
9673474982,rokdk
4889585019,syxfe
7885542770,axpve
6697789234,hialb
5435719298,mvfpf
9284429035,mepbz
6271828022,dqeyz
7553853884,gejbd
3955511923,rdzru
9013188154,lqneo
8302342936,rdvoo
4010591768,upqyg
9738343185,zqxof
7283814382,cjzem
3121724590,hhtgi
3375263651,neuqb
1275802327,yyiap
8227347829,gjcen
8904378190,jlkvp
4029374977,rzgdk
4654337255,jglmn
8552836346,wdclu
3244674513,rglgn
9056975338,limsj
8225552847,uzokn
4382761862,uuskn
6080779018,lfexl
1065356853,zkyym
4047192084,aqbfa
2934151664,ehjjw
5537018916,lupjx
6751236834,psukw
6212202908,vjair
9079224510,poeyy
8352972986,ucbhs
8691208575,qzhdl
8093731038,cqopt
1393631202,hhkjt
9718089178,xgsbz
8466791928,bjqqy
9249315279,touwx
2056403590,qjrqo
1360084086,oqaar
1172115189,xusau
7132975392,xnmni
9023230575,ytvvt
6455759165,ztyzn
9569666088,klklq
2810462718,eihfk
3133038956,jnjfa
1487188252,mvhdk
6227932163,ptjjs
5367676930,flmre
6450561972,nezuf
2544559051,nqubw
2578834868,jjxng
7181869426,facgv
3893986282,hduxw
4815945265,flobs
6704137286,qgbcv
1402416692,uxtps
4933267324,icaef
2402673575,wfnoo
8319640596,irnkr
9290547096,cpdcp
4341894476,xrtsn
8037029515,jythz
5942807806,vqarq
6312480494,zrzhz
2121216368,nekcc
6604764199,pukeh
2418901581,sqoka
6515555333,gfanh
3571086084,inqur
5982964809,kxxwo
4371190130,rhdgo
5622723055,xxkzl
3600034375,rvszx
3937387084,tjwit
7572472629,vkknw
7252837944,ipbbc
9662461206,juomo
6929986693,dxvyn
4882550572,xjtiy
7188070351,iznfy
8100979733,qfeke
1871145187,boome
2454216374,ekdal
5975929335,fcrqn
8341388241,yjqsr
5424858012,smrca
5424451309,kgjpo
9920471863,pnvfd
9386209482,xkdyj
7519113882,vkipk
4977465221,xyhgp
8885019800,epzjn
8527355813,qlzic
4568989572,ehbjy
6193278948,ipchb
3257389673,wibws
2410209662,uwczf
9272969579,zzjpk
5837742172,sysur
7614049648,ddnhh
1539944821,qamrf
2804877623,tmhum
8506159339,akjhn
2021722932,xoekn
8258601092,hbnbv
6193601015,jvxrw
5045345067,pkbep
3547662082,vsvwx
3632702733,jmkeh
8955885383,tiiqi
3036211465,iwtfl
5114004164,cmuet
5810649965,dcccf
5501902770,oygte
2084341651,qzxmx
5042850734,gaoor
4978494010,sfljc
7156434578,xzofk
5790096985,ejztu
4485101704,cydpb
5690574183,gnsqd
5255364480,ogtuj
2261253408,muieh
3819004691,cxzlc
2053482287,nqufa
8745902969,tkwej
1513707242,iszpv
8479444138,nziwj
9352024053,sgtpu
8306288292,vzwby
5546314043,odaxo
8256660981,jzkaj
2880972612,mclcv
8752572954,nopoe
4159859419,lpqzk
4373239482,udfoj
3305320947,eddsi
1026818751,rhlmz
8734854327,gezyx
6895516733,hnvcg
8595174555,ozpsn
8291999440,dkell
3303043987,vheol
5515778303,zjpbn
8724225876,bqsyu
4851958709,gtyqf
2152268276,csakv
3729661708,semng
8069609023,fkjcg
7783835274,mtraa
7400746005,iymtq
2614961299,fbevs
7749976577,amokv
2114315574,mtjgg
4129069053,wylri
8788913105,ysbok
1580105160,knoif
2046246790,ezxlb
5376703318,ghjuh
2060443009,ndrag
3320724740,wuzcr
1545817451,eytbg
6534299433,qtwbu
4065808028,zpxsl
5279110787,cxwjw
8607389222,bvipf
9053547135,lrgcu
6490842290,csexi
7565355949,srway
6088114649,hdsgv
6010424795,jrmpb
6603029690,qetky
3215751674,kxtwr
1840756700,eafyv
1481610195,gbtot
4114406026,ydtwy
8891110957,uknjt
8572924308,bfkre
9521828637,efgjb
8615400251,ompkd
4165532198,kpwbo
2938527314,vemjk
9390258214,gfaiz
9627896173,ikwia
4263833432,zlfjx
6641357793,ayaib
6472365000,xfqyr
9029080891,rbtwq
8243727524,gickd
8098838370,mjuqg
5878304970,lrkro
1520388169,nxhot
6819655186,oezcg
3441540521,qvltd
3408701591,wgjoa
8503459627,vbhry
1085595422,fmbam
6860619840,tamzi
4675751724,jxzvz
4904814809,jhtmv
5768824693,jijbl
2137768497,adyeb
2699871880,vnrtg
5266938524,diado
2846422001,tjqep
2669328985,vgaok
9503953695,bzaks
1385222661,huhqd
1632267710,zkgaf
8054223373,vlrpf
4062507679,dwoir
7269327765,hwgnj
2388140668,avorh
2000965488,nzhob
6308354192,yrmmm
7916956071,bsfsx
5535528944,vfszm
2273890352,jrppr
6416560895,rmwbs
2134360339,mgxtn
1524615995,jslse
9947119575,lwemd
9218299326,zbkfj
9054489421,vxsyf
1954119586,dwgpd
9009121204,xadom
7616015226,khzro
1054314734,vlber
4289150929,zfmfm
9314449169,kkhqw
1928196418,zzick
8085099171,zyevp
3651838661,hpcxg
8385540788,bybvj
5079920801,qyalu
9388046878,uawqb
6477276051,zuwax
6963646807,kucye
5352565625,jepfo
8802391553,tltzw
6235290792,nausp
7810811982,lskwo
5234982927,awbna
1623938501,koqme
6944849074,ztldl
7902938506,azxlm
1024074235,wqrbn
6138235941,phvyj
8166045737,btjnv
4764362206,mupgb
8421537522,xxtcw
4772975693,sdvov
2322420653,ldckx
9975725877,lzxty
4530372695,iscsr
4428623237,pevhy
8097144634,yiglp
5797250161,obeaf
1543395267,qbtle
5674314082,hcxfw
3470458661,gyfrs
7184665987,rbdzm
2627019139,qbbrj
7133976137,onopy
8335204844,mvepg
9277917029,thxmf
7585133527,wqhzc
4644037261,iwjtr
9929195810,fcbql
6946565068,ljyac
8216878484,xqvcz
8555982542,tjdjo
7895509214,fzbgr
2106235367,tkqjg
2517625660,cnocp
3385703328,zekym
7561111469,pufds
9186857513,sjihu
1702106134,pqzgh
6073593856,lybml
5675779140,modqw
7585229940,advqg
3595874462,mzrqi
2894049774,iaglj
5562468167,vxjth
8349097584,xofwy
5915014776,uowed
2143401667,aevvy
4012376649,jqrbo
7542204589,giwtk
3855098830,kjhdn
4022454809,rgrag
3767216186,mhgsk
9417583902,lymwh
1378081228,joykp
6684996032,ynobl
5863802174,qgsff
5588488549,joybk
4789657058,bntvg
1462649584,jwzql
5826094850,jzuam
1808743489,qhsda
9597856867,jkchx
3640347627,evohw
3226565715,aodjm
2927282233,wrwxh
7072960009,phxpl
6060406901,jiuav
1795461327,debsz
9575796910,obxln
8726909873,bqasi
7069972417,nvgun
1995864804,qtcrm
6505420672,euuvh
2960994749,tuqyo
6328666322,xynui
1972804015,klcuj
3115477569,galvb
2355403386,vgmqs
7637418536,uuqmb
9615799743,bmete
5514629271,jmksf
6285152466,iihqa
7840552418,pitqs
9119733460,hihhl
9589025021,yzfye
4366479788,liqpd
2470004951,osmxo
8871773427,lmtjc
6782130755,xdgae
3885398032,lmofa
7075219216,udhrh
5316625682,bkpfk
6464581815,ubazy
8324061160,lrink
6985074128,qdjmo
1813607829,ikvde
1311617773,ndtkn
8827310140,toevh
4339947521,dqelf
2004123309,lkpyn
3857246879,axhyk
3898773768,iszae
9704630349,fkufs
8720276293,caqkd
9647677399,rkckt
4318986442,pwsxt
1689511807,jhjzo
6264420672,pzqcw
8816413074,shzgu
5123861666,xxrhj
1072904234,vimxl
9755779986,mvlcw
8972319687,ifple
6546123478,dchpq
5946567300,yktmx
5527401793,tcbiv
3213560428,eezvy
4492896046,vubdf
8299016202,plxrx
1782787330,wtoen
5507512275,wjpfw
3263732810,abfwe
8563032204,mvfsk
7959528537,vqlui
3358207503,qpvvz
7772277854,gspjk
3910243997,lqsdv
7185053440,towbk
2655955736,biosn
1120730122,yxrwo
2493945670,fnzrz
8061031554,mqbzr
1940653259,eglon
8495198752,lxzgy
4864735227,cgkih
4003642708,vhgbx
9810851828,yurbn
4467979441,lgsts
6668275330,nmvci
9371996249,zpsqr
8100024968,amhad
9215872521,lbjkz
4656670625,qqkwv
8631070428,vhpyh
9462979938,dsxld
1256139395,ykonv
3332389761,kbjof
1319679077,wqdjj
4147203005,hybwf
9907966687,bipfy
1625702553,bgpvu
8349782279,zwzsk
2323252446,tqtws
3026472586,nknpa
2348269029,rktch
1239468741,flkkp
1957363758,mgdea
7059744891,jevfe
5127965742,nxnbd
1194611140,skbgy
9652461892,gqejg
1845529907,wtcjn
3633565906,fjgjt
5593105842,ronms
6580932176,vahjz
4381841209,oevzm
4894872622,tjogs
7876465196,cjqmz
4849614790,vxqcb
5629332843,ihdek
6307826116,etasf
6043942786,oqhab
3389816756,zhdud
1766141496,aciqk
2037070208,pvhjb
5236087600,jsmfl
4811376243,cgora
9847755670,ilklr
3446529308,uodew
7985345046,vuccn
8529050562,qtiga
4284492932,cufdv
9293500165,pgmdk
6442093565,iogrt
2019214262,rzmbn
9973184431,opcex
4040567183,rnaye
7379484686,mwnzp
1457174625,vsrcr
2596687954,retyk
4725146236,ujrzn
1169137539,qmgjc
5600919048,vegjv
4153152790,qnfwd
9385685892,gkzmg
6297873030,aleff
2895929573,pvnfz
5941159685,lysnd
2891116104,dxjor
3675051972,apudl
3403996183,gjiuf
9583799057,jvlee
7678396074,reoxn
1968301211,kovcq
3158702493,xcigi
7166643433,wbjot
2768067413,xjwrl
5372538508,yfxvw
7261517716,olxoy
3886983261,rrqfp
8613985860,sawkc
8639870061,vnetd
8606019898,dhkon
6442052113,mjqmx
1480409511,qdysz
3665679481,gbtab
9196894832,ipeny
2501178917,htaxi
2806315232,bzmzs
6204457941,kcyyw
5217275073,oahjz
7941021176,ehiec
8576395136,dmxhv
9518311860,ktkgx
5187753770,owino
3227227824,mhmhe
1292464313,hifua
5550836570,lubhw
1705742488,xyzgl
6429675283,skski
3734268059,rypxv
4161140303,bijwh
6759391609,bzrdq
3447565432,uqcsv
8468987407,bdaxc
6776726843,oltat
8546077449,vbyfr
9833368834,ztgmw
3876342567,ylntx
8995649248,cwqqf
9383046157,yaunn
9110310748,bcthg
5806228826,bmwyu
4067791972,jshox
5972044831,rzhqv
7582485690,bhphd
7254748095,yffql
9814581742,pwvnt
4740226939,avzmt
8300894640,nvlco
9738508757,cryjc
8249222282,yxbpw
2925582794,nloht
8389161958,xqukb
6402559170,hscqv
3163956806,vrzdo
6856708789,juqkt
8282314950,qffbn
3626135038,lpjwk
4642601448,trhxs
3513547893,oefkb
8705018876,gammw
6700344232,fgjfg
5143004425,hghty
6182498249,yagrd
6881397248,byndv
2798436619,okzdk
9578065438,xogmx
4173727274,qkkxe
4980650313,nnual
8661099024,flagv
5352602396,ttvra
1239978247,siklk
1846971177,hdvkr
5680899074,psbnr
2244332560,shvds
8074445562,zbqxr
1078240436,mbsgb
2566677942,aobwa
5002360332,gocet
7435564361,whouf
9797197501,wjutz
1287228017,hivfk
7251113975,kmmzx
3635684925,svdou
9191692381,xcuki
5957856405,tecay
1437411840,qnjfb
6638053791,kynfk
1794117837,viwni
7063647873,vaytt
5826979608,nbvmd
1437462683,cturf
6619728361,saiio
8223196845,rkasc
5152757047,pvyul
3850940060,diwxj
9966831121,ydqhm
3119737795,skqqv
2049801947,doyau
5994096036,pwxbu
8520394105,bnxbr
7149785271,smsha
3185671127,snfza
8807252960,qgaqm
8005580317,tfnrs
1125473713,vbkdz
3284641567,qiywp
1140020530,geopi
3022870042,huaxc
3837830142,nhwoi
5835521796,mvdcf
2580550101,xorom
5589028029,kxeuy
8928932786,kvxgk
4727319084,aoxfa
5032048354,redjg
4324212178,xclqh
9081935474,jrsvy
2110279741,xyvat
2210557830,fxsxc
4712068063,pawxb
8231920147,oruiv
5861074359,ufuuy
4864710242,zaoee
4175502856,elnau
2342680784,wijmc
4825344190,jgzbf
7705819450,ikcjw
6478853616,przhs
6171250175,lbcje
6954921490,fcfsb
7027862808,blywb
5560527616,dcnbh
2692659564,hbsdp
1895323391,cuehe
5949151807,pszly
5897979930,ylfso
7138933933,rlctc
4283557614,lapaz
8549364644,sdocn
4242591354,groeg
3357191760,vozwv
7560263368,flwih
7544246931,wraof
4849520770,jfpsu
1858106828,ubdkv
2711260605,iwesk
5213136076,bzypn
2674849081,eztpx
1955423466,efblg
4908179954,asswf
9475173844,tttyr
5576967731,silam
7964654788,rgqrp
6408208924,vrgtt
3393247191,rdvzn
1915269958,hrafh
2204169832,tpjts
5447080031,brgrs
7584213987,nqarj
9216608347,niqjy
8063509327,aolvc
9741846232,rijka
8160104804,wynkj
3959953387,ajhap
5396113476,vxrsu
5725364977,gxmjx
5362186402,rgyui
4031835190,uvbph
2530420535,vgvsd
6094287636,sqbvz
9533992304,ymfhi
6499290469,zozbk
9718811785,mviuh
3631639002,lqrrl
1571830711,jwowe
6643404429,ahxsd
3944008362,kqrdy
2265728214,hesem
8488549728,nxczm
5279736311,tdpdu
2651855679,lcies
1040763231,xqdcn
8969174847,ilmlp
4225313662,yanjt
1791536044,fpgvt
8997222904,dugco
7432541340,plwtt
3845348429,toago
9094548662,yvqft
4593141624,eobtr
6375926931,njced
6383247053,nlkxd
5552530106,weent
3914406425,lmphs
2792914087,ftcwi
8597267182,ecsbs
3532264146,snsnn
7347500395,icmtv
6234086430,zpnxs
2160657175,yrgzp
6751434072,chsus
9977624917,zpufm
6943720340,lnxiw
5973950393,zikuj
4935474923,rcszy
1568872954,nealx
4101602699,msrgy
5184782817,qbint
3275306358,gatnn
3141274894,soezy
1801690465,balgh
8650822132,uilnf
7448128811,yvmyt
1565862933,aqwgx
4040762270,ajtec
8439543370,ioeqi
6320925576,ljbrc
8526981169,mvyki
6350995845,ymccn
6530272996,ojtdh
4845433218,jwaeu
1435549963,ffsxk
4065046915,bqaqw
7870075556,gfqfx
3649852547,aodpg
4972366963,hjreg
3115810428,tzjyh
6954744553,eoxdp
6474122532,hlqey
3985668751,gfdxq
8840743363,ohbdz
5821837402,oyytn
1886706285,gvfmj
9798352325,fighi
9083214703,senwe
3215295719,eyjwd
8689146285,wraxn
5139080157,woqoc
9016841445,bmvob
4245833315,repey
4589017293,jokda
5944768428,fncgq
8276571779,lpgdb
8656984465,uowcs
8304605978,jjepp
7020510822,klbsw
9019182808,tuocw
1870713190,jidsp
8018335810,iyllj
6233523788,ywbxt
1616957027,asemx
1421767494,ownsg
8974515857,vkypf
8286454897,ydwdp
8026912512,pckrh
2796831427,alsdt
6668762000,phhyo
1442171944,ivlaz
4198657416,iyzsa
8066806838,wsyax
9510613544,jxomn
6206184464,lfawy
5745925696,fmbyt
8370110928,cwamd
8881967530,qfwlj
5707844991,lukzz
5274376505,wlcoe
8429459369,wybie
1057002321,dznno
1814054764,rwslf
3767272565,sozcx
4187459647,tsuxf
6815066954,xsszy
5043183187,jvisx
8019311425,dnquz
9930163664,vymzy
9857498030,andww
3279153333,jtnqx
1740732692,qiciz
2993346441,rzmsl
3620823366,jiwkr
8516544306,ogeav
2496608835,mswyx
4115171752,qsyzo
7509532380,kqvbp
2245615850,nopvn
3733674074,akckr
8515024710,gbafz
2237601718,pnhmp
4207191229,ouqmi
3273485580,dlxuh
6377600565,pohbu
6521319883,aoqcu
2716057469,tjggq
2398564946,vgtby
3086677671,zqzwk
2566787994,wkgfb
1175242768,ovbwg
5450845838,kkfhi
8949980739,dumfb
3959109885,tgobv
1703198269,rjvba
6898177941,emocf
8173352938,nwemu
9390317005,twbsz
2993959240,hejmy
3923214728,xbday
4596445828,ytfqg
7194349433,lycfe
1587308539,bwkix
3593193024,sqrdo
8930157181,jzhwm
4409243492,iwujt
5312971021,ctasz
5319414950,fiizt
2866694945,qwsgi
4479032717,vecko
4906253653,wfwxr
6492882235,xqihy
5173930063,jweat
5498629364,zohva
9511785866,cfwgl
2248274760,rmhgz
7694761415,fhpmc
5726488304,dzdkw
6252140106,wqlqk
3396460499,asqli
7989353786,xibne
4174456955,lalfn
8580146733,xiuli
4166860684,rrloj
9722312623,xhpmi
2250041581,ebkjx
1417495215,gkgaq
2842149913,xrbjv
8076563363,qpfnv
5679834078,cvxok
7074243447,bswlw
3583647669,rlags
4260340291,mcqaa
4806676860,pvagr
4081047647,mkbgk
2522365442,sjghn
8949097412,ybssx
3694467761,fyqqd
8019172030,arvtu
4457885783,knbwn
6535498893,dcgwl
9880409108,oasrb
4047655456,lynkj
1521878015,bgvpp
9823357121,xeukz
6648323564,ljqqk
8979107527,riwih
9822801004,dlpck
7994078807,egerc
4712117936,ycjlc
9883414238,toeeq
1657513530,tnitr
5284471435,qdraj
6538738246,nxbaa
5886535984,kqnie
3309477376,cekxx
8523586130,oebut
3796043000,eapeg
7131012843,majvn
7929544760,kiacx
7583125305,ndbxc
2106730049,dycno
2457407666,jiudb
1924893868,sjcrj
8750887907,kbehu
1522280956,vtekl
7154737527,jgxfl
8181432258,vsfgz
5970772464,riggd
5898750330,qjdku
8812526806,hroni
5217845959,csexf
7746173387,mkddz
8982653329,cugch
8876351135,hronx
8866614082,buwev
2758055440,nhrft
4835973670,ckgml
1173760414,enxip
7513618976,jhdjr
5144158840,gseyz
4416672852,gqckf
4520721657,mgplc
3913365358,uaxde
1547397398,okfdb
3212812609,vqnwq
4336230708,iwgec
1086722633,nrgss
4344658243,ifdjo
9734713830,sucfm
5285103042,ufjpf
5140557193,udgif
7517773527,knczy
4171134711,jymno
5284733079,ckoxh
9383439856,sfahl
5028832140,vqbvd
4703836111,tnbcd
2654830098,lvjaf
7863725852,yjowj
3243206278,bvovo
2424864242,xvcka
8954645408,xekdj
8937600858,rehal
1445445249,xschf
6062771603,tvyyq
4372686993,heyia
3525519648,nizys
4196720041,onrgw
5379567778,ahobx
6809880415,qcydi
8213183927,dljtl
4689853418,pdipv
1200792061,skcuh
8551265180,oiwhu
6404865847,kcvwu
4656901096,iphai
2637191793,wnlvg
1464383538,ipige
6968893648,lwzml
5998068206,kkuwg
6180210561,bpoeb
9740168113,ihlkj
8452883447,lrunz
9629620030,sduxs
6805119003,enfar
9989651680,ztuwy
4614527993,ubqpu
5998409727,hvxvj
9495704865,yciwy
3165958248,ijonp
6539656076,xsttd
7401078862,rfmmy
6438523472,jhyyb
9980352881,ounbp
2310378630,ijilr
2623167246,yfrhp
5132378379,zepii
5068041193,xvxah
5302150766,gxedx
1613868524,swiui
3945161600,ozekp
5404899407,rdamt
2665161836,jkeuv
5641727891,teypp
6901981293,jvhyf
5945491929,lglod
4210195063,jpeti
1812207593,quaod
5178990741,vzrwm
3500028868,difvy
7648351997,dkmam
8009760926,eyyuf
8748510149,lvcma
8062584976,jwgqw
5175544928,ttynm
2802194454,nqhgw
3014756057,kfntn
6897604295,llnno
9802558536,aqvml
5061293034,orkqz
6884878047,fzqrl
8723388720,aicxo
1905170501,hngyi
1868278802,zwals
2734883287,ugztf
4173760243,vzfde
5136654702,hvkut
4302679928,bpnnz
2850566593,drcre
5340238480,qputi
9457944606,dmnyc
7747657947,vnjza
7311929756,usqrg
9054465745,eqjlu
3522819534,zdsvu
3147023890,oxquh
9497561546,tmjxm
2008079916,rkkcp
2390871381,mgefg
4533043459,kyunf
9956866583,naxra
6820459773,nslcx
4424802554,tkopt
9453653185,ouwpr
2276062424,huvup
8423318353,kuyis
3859717231,vgang
2778643552,yffny
9320739834,obzkn
1539753807,pjaoy
4400635143,zcdje
7324933817,ixwth
8485516573,ggkfs
1401566164,farqw
9929604021,qhkdm
2052933598,yiizi
2360939880,efahe
4493208055,yazqw
1583481154,ofgdx
8317353630,unpvx
8268230631,myqqm
7063775044,vqwne
9436475679,btpiz
8587637724,lrxju
6996026033,xuiaz
3766921011,iqpkx
7888017402,jcqyf
7277756495,zmusj
1032684998,sksnb
6454648267,iivnk
3155207935,vmyhg
4466080151,wumfq
9198565716,vlffu
7342180733,gtmnm
8586055296,ygjts
5885583428,zuldl
8835241809,nmsdb
8212502269,audzk
2748844121,uulun
1184550571,ppxyl
7598339970,mpqon
4706687993,ekpqu
6021878114,ohlff
5325894292,afrax
9488484631,gjyvp
3302052520,vsjtz
4050663899,nsvzt
3766044771,wkgjy
5302566348,enpmi
3517868623,kdame
4980701502,viemc
5750369546,fiezo
8465162054,cvomk
6063350476,zywvp
6877807688,vtwrg
6048401615,hyjil
3791959086,vkrqr
4019764559,athxz
4014845149,dxepx
6936606489,qsxuy
9589658286,gijyn
1188339581,wmtpt
8326571992,gerxd
1093782446,giejj
6578263199,ygnwb
7674400924,gfkoz
1555272574,gxhiz
9306546215,zxiqs
3565828742,snhcm
2358601546,bjsiw
9046611744,ojbju
2837204057,lxkvb
5715422682,ftphb
6563044471,eqrlw
9596682443,kplff
7018440929,zqnno
2382320214,ldemp
8488468059,wstjg
9445237609,muqqt
2435401964,roqsp
3623405732,uipfq
9185499140,wmbov
8153748254,awllw
6541709607,qarvb
2911684247,sdumx
4960465363,gmvtp
9449800806,hnhoa
1279511550,opcox
8569686730,qzwgn
9118271278,zflja
1781566748,wmfic
8345889462,jaray
3854632950,ythct
2784776134,kajln
1104738507,eaxfx
4690530776,zxzjv
4914593951,cxmqj
2319765287,fqibs
3089332696,xvezy
5195802988,ajgvj
5130296017,zbmmj
5260791396,euvbx
5312116042,xkocu
3676168298,acxht
8259626288,nrdqz
2688190243,vrbzv
5923381942,ujihs
6428892809,pfuvu
5655678456,kwkpj
5003564435,uvlws
4605087137,dytkj
8086817412,lyhzy
9336883157,wpphb
3170267753,hfhdi
1101956076,gaksq
6201385874,luoef
9034096445,mwgkd
3244605673,gxmbu
7870077990,mqkba
9463503763,drldt
6905677185,ydtma
5077438240,btrge
6953515141,ydjpy
4399956643,rcfym
4086657843,ooeca
6108732291,brart
1900720260,udzeb
7289063787,xrqlp
8101310144,gwfaq
9287064178,gswae
3400471498,nfgnu
9572759817,jehgn
5238614789,lcwjb
4655924442,nfdvk
6057952911,miatk
4144555673,kefgn
7922977851,dteni
7572459317,plaop
9196428392,zllug
8850394958,maopl
3941163618,pqhdg
9129663154,odkgp
5143759060,daizf
7872434623,qscmo
9535974070,jfxce
5482833723,xxzri
6472896684,peciz
2103399543,fmjxx
4475589369,czatr
4723607569,zjuif
4239042196,pztld
9102761139,wcjgk
2660537689,gcwng
7920370416,gxkbe
7335309380,pbibb
2379662050,lbcax
5087159645,dylgy
1650712075,zwzkq
1267266399,txord
2015672456,stbcy
7734492100,guvwv
4635017861,tmasb
6622881019,scffi
5970625856,lvqek
9676069728,cevnr
1368414461,cmqjd
6283067045,gayhe
1619136877,xqfyn
1996691316,iwjqg
3972342553,xspmw
9776964955,szkwz
9784998075,qxaws
3901065499,suluv
9303464592,akmqn
3275734226,mkdpr
8514282083,xvken
1705321281,alhyr
1357085862,sjflf
3464762866,rlwcp
2932485072,qjxwu
6828470240,bwpnv
2231845601,jtvez
7580726582,acnba
2113498900,nopxc
6243469742,qhdze
9668939191,exaxv
7198891204,wxpso
2464124027,ybbss
6724855912,hisno
1007638453,uhtmb
5239315522,pjjwh
4553587159,shiui
8209612268,tkfgw
7083068983,pcnib
4142486372,avjnc
4936599351,yjewf
6331210741,wsyxg
1985613482,mwewy
3551382747,zxqri
1638759709,azyqg
8638054081,jpsuf
4206276062,dwtou
8898451041,wsury
9644967360,asowo
5479337303,ioaeh
2007661728,eokpl
1761464529,uzdbi
5119170457,huhbb
5152046268,ohnwr
4860300802,xjsvk
7107478199,mlrsp
2183412795,qpgmp
4689911842,qfgep
3340102278,bhyrk
3117470339,aroiu
1130235036,yreje
7768405885,uzxoi
6481093479,cdopx
8221476060,jojoy
8134181485,umqzh
6729240879,yrgia
8430480681,kzrma
8890372855,aybhn
1880635543,juamj
6517528508,balar
3087091448,emqzl
2175330198,kyzvx
3555060660,bdhpk
5721338561,prxck
7636258300,rptjr
7231612911,stjej
8059141697,dtllf
6315773718,ywbka
5104394145,sgigw
9449327604,iakzh
9662304890,bvzez
5475338600,yenyv
2378133076,sqnnz
4067340173,xmxjo
9097241082,gxicm
8859164643,iuubs
8599714896,gknhv
3777351354,iqpwt
1526717774,varpt
3587796777,aveiw
1279876066,fvphm
6611443723,kasmk
9926072337,eyoiu
4382620056,jxkfh
3184434018,ghijw
2388017357,ijnqk
8437501026,ktzrt
1768553246,whonw
2226854500,vybgc
5377553264,ihfae
4748955152,hgxlm
5885932073,zeanv
7268128346,acikf
7711806940,rflnw
7264000489,evoqm
4520741029,iroza
9939501124,eivvg
8464447320,xvymp
4672620584,dzrbr
7545317966,aucxp
3746895766,ffase
4793000772,dsbev
3347309442,xzkrq
8756262134,syvfy
8348336141,yzqun
1324858068,ieoii
3312606841,jmmhc
8234866514,zvugh
5959853265,iijqz
4679751431,aynrc
5463989468,smlga
9144918292,pkrkr
6233076448,tlomq
1479349148,ofpuj
1673834516,aczpi
5629593315,guiza
2054718658,wfcli
6004000340,ffvgz
5163062415,eugjf
2322956351,mwsrn
3866163763,rtkdm
7538084816,exyog
3854165978,cvwop
5995334644,debin
4589208856,vyqkn
5734488685,wwuts
9421190759,roohx
8553504658,bfolb
2784256898,dihvx
8404441518,aysbx
7759083434,mcvtc
2147638557,rxicv
1451977986,xspba
5780901675,menmg
2678178230,tfmnx
3052483314,jmiqu
8013843729,priiq
2949806358,mjztd
6495525733,atbrq
6144210694,kzmcd
5384617202,gofrl
8280537951,ksvgy
2975284927,cyzkv
1658388989,yanrn
7938706345,edvet
8633172205,svzie
7034008313,jnqzo
5964139112,yjgwf
9987878028,mdxtg
4231747049,lhmyo
8580624128,xdmqw
5552943689,jrxpw
7476493627,obffu
7621740946,mnfuk
8204466692,elfya
7102354163,kipew
3045513610,tokem
5960793776,nhkuh
5832318511,hsysm
9056598146,awnbv
9032862784,vteyb
5335971897,bpxve
5241845598,wdalj
1194865315,jgtls
5310344812,kepfy
3352980563,gobil
5375920720,sdsrl
4356096307,uiory
1064651579,yqijp
4550290948,ciyed
1033729485,cxfjg
4175800510,nhhvf
9035071714,znssa
2331425986,cfeqo
6052856792,ngcqy
5583652817,qqnpd
4288756666,rbqiz
8625501261,qzqno
1123274850,swckz
4385538411,mongr
5900979126,biszi
7692962671,rncel
6185154793,ehfnu
1947984240,zchjb
2607463944,orwtc
6758210368,gcajg
9988559310,vwemp
9014807704,aoqjm
1001027862,rskay
9060312411,occit
4036929066,gbhwe
3353656130,dwvyh
6587464669,cglwo
2681652092,owwdh
9853832947,gibed
9709510019,aqtrr
8120907331,kptlx
8002709474,gfnsh
1313174840,eworw
4841255290,sukqe
3612523506,xnoue
6825274306,lbnip
4083766795,ekstd
8474934966,luzik
6645692998,xcgrq
1221994979,lkgpb
1158108403,osjag
5788124831,uudzb
1619987723,fient
3039764978,twcft
9587274041,wenwf
1056540868,lyqnn
4382973148,qtmyu
4751113891,bvrqd
7217477299,fqwzz
7197587471,odpdr
3348071684,mecwo
4404262852,qfpoc
5759363605,bsvsa
4380025538,jnram
1402638715,blynq
5581315597,ezzwj
4660754716,stnuq
4519433263,icozs
2580555868,qqcqq
8835672619,eatdr
4378666713,dqpjo
1566251395,iflji
7963715995,kkjge
3793203368,wexcr
2875921666,xeoxp
6709895741,iebqk
1916225746,ddszt
1564830004,usonq
6677496843,lhgbu
8029675616,etgqx
7212386677,gxbvt
7961669691,tayfc
5303994670,xmsrh
2700307720,wkgwh
5117402585,fvddg
9976089254,ricnn
4245745173,nyesp
6737754490,rzjoo
9985637201,btppk
9572785376,gzjsy
5448234429,adcho
6200456605,ncahh
8741373702,rwqzf
3279302195,ehohu
5528198806,wglld
4811734422,ezzmi
1539800459,pogpt
2514749659,hqrxn
6093103290,bwlze
9575294980,lwdiq
5906034835,yhssf
4769409749,ofxgn
5958569389,paczl
6160896986,pikok
9616260472,xqxht
3985383999,vnvof
6616975515,ecqfa
9861198464,fbair
3340970140,rwddz
9499507087,vsial
5363871630,qjpxc
8766240144,nbudy
9978325687,kuozm
9610054870,ywvnn
5821817277,kdbcb
3877526761,zvzws
3524953039,nbcul
2932474584,tytun
7682617487,tswic
8701961398,hvtgq
5192794560,bhmws
6183944807,bwqzu
6321212581,qfofh
3409844310,txbtq
7573725801,ievrl
4874808273,eyfsq
5107700130,obgac
6065521280,fxgor
5224321114,euylt
6693657600,uhoog
2405267102,xbqli
7687585557,nzuou
3821866150,xqxxb
8680369546,khodh
7238480633,hiemm
5065039336,jsmwj
4997745142,gjdwr
9164259229,gruex
6397079559,rakad
4115259797,ipiio
4685050033,umaoh
2618659281,rbdwi
9308209842,wzfzl
7416241712,ngjvc
5968190082,epzyk
9290774824,yegef
9623675010,cejsd
6192398238,epxmn
1028308012,wducj
5795429425,iilqo
6799605124,kotbv
5227702589,fndsk
9185997407,argat
6429710115,tooig
1927321542,ccvhh
3893546807,fxlxi
4338241794,oalic
8615113844,mcuqd
8719501640,orlnj
9334531506,tpafq
1568155863,qgcai
3523809965,lzpqg
6557069167,zwyrz
4380421907,ftmdc
8698701607,tfgdc
7762304110,vjkug
7433361219,ropvl
8993918565,vitfl
5644917412,rphsj
7606263753,jwldq
8402814444,uzier
6605378442,lvkxd
4739684931,dzzrj
2766791730,dzdnj
6241324787,cxxoi
8341669869,ituzf
8779371136,gpvef
1665382421,sqyfk
3759231416,lshwz
9920980087,xtqqt
9550174633,vakbu
6785042898,cdiih
6079817071,rdsqf
1079168591,zwpht
8809699458,qmvxp
1247419265,wehzh
3147804054,vfxyq
9316098513,xefvy
1014454758,cwxte
4358736571,aekzc
3860016359,omglj
8051081079,kwnnn
2527755114,xenvy
1436961834,owsev
3205844581,ntpfi
3325455259,qfvpe
1450812453,tfpdl
5248752473,oooro
3149354408,mvsnu
7193722816,atzqu
9108982994,zulxe
2701298208,iazov
9824145608,njrnp
3672648682,nryuu
4479592785,gbzmk
7097385891,tuyfu
6611744731,cebjl
3779148944,nnium
8294962976,uerpj
1605992358,iesgu
8517080729,fdrkp
5713200490,itygs
6791793974,ismko
7730888295,manfz
3947948178,mjupj
3086555262,xevac
6050257775,ssalt
1742784648,qpnlv
7623106025,jkueb
7162318637,jtrtz
4853595378,gbhuo
6343409300,ffaqn
7937570313,glpnf
1009390563,uqzcr
7839896041,zoxzm
6718090363,rqjcf
3853632108,ilpft
5737248930,xfrhj
4606285006,bsmcu
4469686427,xlvjh
3629623343,zlzas
9894739387,hntbt
4216946437,pfzcn
3988308351,tiwrk
9330335025,vddmr
3701864662,orxbe
3608880922,bdvin
2572705910,mziam
8520851753,yxevg
3068780938,bguic
7713769721,igetf
7530944679,iihdz
8253497703,rxyyk
6582621399,mmcbl
5618708444,pwkmf
4587868013,wcuoc
9346450767,ltmbb
1120836290,sgvaj
2218584979,jjgtz
7608130782,sjonn
4302696472,vienv
3050194181,lkorx
2233465178,lfcrh
8205141908,uttrf
2529572342,ebqbh
2088037155,scpnp
4326833603,rpwsl
4223666564,cbxxw
7073764775,geeav
6289714111,pnhou
8617586168,vpvpj
8155244344,ewhfl
2117964643,csurm
5133902349,vvfhi
4254101469,upcdv
7266056873,faoqk
9753259258,gpxan
4244370724,wpryl
3916940667,dbktv
7264532272,kyted
1922701932,aerhq
3243814259,hehbr
5154762450,iouio
8981210589,cpozi
5659442585,nhlfl
6620124604,pruur
2097718417,igtpj
1098912820,bykkw
4009523040,lywfq
5197156723,eqanq
1877116309,hkoco
1149684659,utxbl
8158828952,rmvhs
7880546301,vjkwe
9292549648,eznxl
6765047476,smvqm
3266370317,ofopf
3586190537,ehzpy
6459398597,vgwfs
1180296210,gzupx
4012509513,zhzkp
3242931594,erfsf
3733839724,mcgdg
7463420785,qgynt
6086366602,gicvz
8843792709,oqvln
3275377117,mmdrk
4718587720,bdvec
8404798834,nnvvv
3772183597,eucrw
9744991357,cgukg
6661737539,wapol
9696788190,riydm
2397434901,foozc
9858565471,krntd
4540649670,mxmyp
1058405325,qjvkv
5831127843,aehkt
8690288367,noygd
4418335673,hjrel
2271101981,blnei
2703257432,rtjnp
5317107689,qrpld
4941281520,xjfzi
2372967730,souyo
8116263965,waqjz
7479871857,yeiqc
5808009301,hkvcb
8124733384,xfqan
7265187306,oefcg
8789756203,dkzco
3598716442,yvmdg
8498133107,aaula
1885605525,suggc
8004701240,pyxld
8165939711,wwkfa
2024546607,fppmo
7319888386,tuwyk
6042657821,osgbc
8818946001,tvibo
1572809256,biaed
7187367857,jdjkm
9934198409,yynxc
4005192841,otihu
1483633356,crhvt
8939668653,escfs
5620608175,zwvhr
6835360160,oewkq
2368898834,hjlwf
2350925591,fqgnm
3523150006,pcrdz
5363107182,thrwg
8103055663,xtevf
9582569402,jploy
4668972667,fhspj
6814417407,unhxu
4888296270,xcgxx
8697547467,rkefw
9056927636,bkyvb
3277517626,tnxbf
4965652268,odmqz
1846843702,muzji
1513260509,qbars
3903166028,jebja
9335062467,exari
6611271407,eohtm
3774352945,jjjyr
3246576103,jlysw
6909933430,shtmw
4489736533,xwamb
4865499026,apjfu
3153992262,iqyid
2633336518,pirbe
7370542177,smlag
9191897961,glouf
9934989747,vkkao
4294609900,xvfmn
5171773741,mbmou
6426252797,vdlnj
8336553171,lxjwf
8175209224,ftqoh
2834723921,huwje
9252418618,uvjrg
1035023201,xhoxo
7343625244,evygz
5385679578,miefu
9097193707,pgkmv
5765565989,xaoth
5663489087,hmeio
9777989460,karor
6242542308,fvpqh
8164512710,mtntv
6574505180,gjwbs
9129765947,tlsjx
3499007405,bwjnd
1188987629,wusgg
7940402131,dsbgf
9804021649,hsogx
4246824404,nplyu
3253261889,ledwe
4588072370,bsamx
1937982046,jnqmf
8175821134,ucvqv
8475904262,rjnfb
4794315060,ozipf
4967937532,xcizl
3087342922,kamcv
6472809994,lkovx
6651982151,yyhhk
2519942811,bqbib
7388216209,tjbkc
9133389371,naxcs
3301945341,zcwez
5384064741,szjoa
2245746204,wluzg
7487969493,qpntz
4943628985,zcedy
3915132720,lvtyp
5035348531,vmnjv
3403167994,vbwzm
8787907442,sxits
3916707334,ndncf
4914709340,owqvv
2415152859,vxaoq
9997241868,bkiuj
4914862283,zwmch
4400460990,bapir
6294604489,gjfon
9169348883,gmsxq
2783987752,qndca
7942156437,enons
7062272417,uyjqg
3465431099,jxchn
2942626738,mvvbu
4123141084,icnwk
4083524789,slzjq
7858769892,zkxvg
8862260818,nwyyt
2463697588,qzrib
3968837401,toktd
4311422089,xuskv
8284078273,qvyxv
3672161424,hvnah
5953731465,uvfhe
7615793560,lwjco
5466844997,kvznp
1879052759,lrusf
9588647222,sootx
2698296617,gjaxu
2637966355,idelm
1081721490,fmltl
2706526060,cznxd
4038291944,gsnjq
3534300359,usynq
4607815538,mcowi
1928692446,ewwln
1607581031,jxyzs
5018576109,vgghj
8178117697,ziddr
8002221929,ogixb
6247458400,qjopu
1158892481,sbgiv
3291937173,lsaqh
9984844311,robat
7753938739,iroji
5695778005,leiqr
3357926231,uhudx
8419165952,crukq
1161704197,veuho
9932861923,axler
8743893659,ojgzi
5928657247,mekxq
5408883113,kdqfq
4679016815,gveul
6453021364,fujev
6124077080,cbore
3721661846,knuox
6199498674,uurqc
6373647810,qupqr
7012304847,vsctx
7916467111,rnvis
4736690563,cemyo
9005347616,yrcou
7336230694,xjieg
2824724412,vhzcs
7255149812,ldbgl
8574501976,theyj
8492777411,zvqgq
1355637659,mpxmp
3859513595,dxsin
4743500956,uzjjh
6998555912,txnni
9797799747,voalx
1259758632,mbkmy
4197193959,geegg
1059009787,jblob
2119849837,ywbip
8488876051,cceyj
8421509955,dzzvp
5147126838,tiwwd
5146455264,kkyio
1648093331,mfkqh
1271866703,nnptx
5971139640,eotze
6727749786,fybgm
7011256026,tuiio
4716047886,culec
9752512505,dmocc
3255111336,ubrud
6473795583,lqqch
7958536821,tdwhv
3589489884,qenaw
6325679006,vepjo
1047921729,wlmyg
1745044016,xvvgf
5155700556,yesef
1703116806,jqpor
4557337338,rudov
4920423212,mqsul
9764981253,lfzou
2553444690,xkjrk
4828846594,oaoux
5986494735,sxofn
5785176852,anxek
8524056300,uljdt
8889634713,vvrcu
4682177748,xgfvn
7911571810,vdbha
3101064003,ghrmr
6982919392,njxki
2896999716,bnvac
3769977119,alodz
1755688969,xrwro
3938831657,amvbl
9470029982,hfqyu
1999351508,kjtmi
4810384006,cvces
2103967162,utrwi
3747182176,bsrbh
3141563424,pzwjf
6827358774,rbsgy
2834489291,arowq
8439335328,elojk
9731512516,qrozx
8266847698,swwoh
2896834695,hhcly
2392524368,fsyfh
9903286684,nfadf
9470107103,ehsmi
6392243985,nvgcg
5622227935,ybimi
8104659621,xqqrk
3270469953,mmnpe
2121176004,gvrtf
2336309516,bntyw
5953920556,skecl
6839914349,hjkfx
8481467674,hfkew
7254223626,uzdsj
4524650666,xuhcz
9995597650,hdzoo
7865926020,gobqh
8877388482,dompt
7849412461,nudvw
3288733768,uizqk
4551194562,jxoma
7146372930,pgpvu
3176390985,ssfbr
1358145448,nknth
3737509412,oybre
5406589606,isqus
4736321443,irsqt
4734066535,qskpr
9030137358,hyylq
7355388842,hzlvo
6869812500,evoxm
9740442185,vggjk
1737324646,mbdtq
8760773806,nzpps
5621217181,oovrc
8300750143,kvyyd
8102940446,kpfjl
4010335651,koiww
8266469420,yddwv
9011102309,yfkwk
2908004232,brtyc
9746176926,enzhq
9093937817,dhxwt
9121251297,nqdng
6397417200,frfkf
5932273910,lmooe
1908884660,irvnu
6213999366,rfvcc
7367260854,wtpvt
2789447912,ocjzh
5559982834,ccalt
9274262868,iwzri
2717788064,ckzwg
9927861212,nojhz
3759229532,iuweb
8143673976,ipkxt
6666498754,thfqz
7729936499,xsxmd
9049915646,nqbop
4592375939,sefof
2958854319,qfnkv
6281101460,wqcnf
1610676365,cwdsn
5445041988,eekvx
6349934992,nzqgp
4060253386,ekksg
3457213514,ffhlj
4261476515,hczkf
4182566149,kkqpg
6896990911,zfftn
9294162732,brlfe
4237248149,jiath
3137412172,cjpyn
8496508495,rtapj
7616419908,tizer
9452133113,bnokv
6652791531,geadw
7082977724,njlms
1898689710,hbilw
7296785794,macyp
9924391469,cjsna
2347252927,kvkmc
7031308704,gjrhe
4425606699,dydmp
2284480886,lfaru
9526064498,qhwqv
1617205955,xztfu
9096803129,cwhhq
3094773286,elcmc
7925735611,wxryd
8732977666,tzmlf
8593504098,nqrof
2444985497,gidgv
2482434137,ckiec
4719168926,kupss
3643417508,nsuqa
9893281840,ebama
6304322870,mldxo
8917048544,ebgda
4786906072,xrbnz
2703804777,fnqjc
6310953183,tdzad
2314796380,dvday
6990136449,hnguv
7129840351,scjbc
3317228481,rnurb
1048696727,izigb
9504388586,rfysj
3192665203,cykxl
2805005052,vfswy
4391989665,kvlyf
5209693871,ggctf
5354211760,rzbjv
7795358990,ozuqc
1365639898,kuulj
3658665668,rteer
4559879378,hbstm
6856213634,ypkgu
6771951525,erisn
9218619681,wkhtn
2826923000,lbtli
7998238812,ducma
5930885409,xrhzm
3727218601,pkjwq
7499553256,uhnyi
2850285196,ftsbi
4110302056,memit
5295358162,cjxxe
2934748400,kzbnn
8970990494,xwvvv
1564830671,rkuww
9974105636,nfocm
9340839835,zufsx
2922440769,ioxeh
8403885064,bjaxy
6040246837,tplzh
5932866663,fsjlh
3170130578,fmltl
3439359518,qgnxv
5647188916,cuzdb
6949526262,qnhmr
5403319368,ihhdl
3803626158,wwreo
6119350370,wwlzf
8066987934,bojne
2606701057,exiqy
1133596122,oiivp
1684639120,jgvyp
9302989295,vjaov
7507479902,dbsby
3831981533,weecf
9767014634,wehvn
6700175384,jzvaj
9479573482,ygdit
1201700997,hpzzs
2749229268,swtbv
5864295914,peimn
2367989786,sbsnv
4309490637,uhtdf
2961059388,ticvy
8933459232,hmupz
8980434333,hfaeb
3913951365,sueqy
8846372651,fjpdp
7612089089,ruhre
6116339612,gojkm
7623998997,vlzyq
1868552511,relgs
5337949451,bnvek
2113133808,vrxzk
2555795334,sfdmu
8015687365,ihmdw
5792392240,kegsp
4326151750,greih
9822093962,sqtci
9327579534,jxsks
7910274277,nvemz
3855888463,hxwvb
3588739381,mhvug
7596065519,hluhf
9500407351,qkavy
1683438537,bfcsq
2351847168,ktnmc
5788864856,ikgqr
3580698531,xpfqo
2047615254,sowvq
4859941975,taero
9199723068,xntvz
7386021850,fwtdd
3926967970,njalb
9270284509,oamza
8659459267,tcluk
5637673529,wjfnu
1038388262,biekg
9185660885,nmfim
7840342070,nwvxb
8463572750,lmwbv
4890951415,aanat
1982914249,xnqss
4593314041,ggmvb
2061191624,dsljk
7756725747,xceid
6678626912,faklq
4773803184,jjnew
5166899291,mclxk
3482211069,btwcd
4539988514,kmcgn
1778706700,lgopy
5360204940,ptlwq
6710491725,pcfza
1703244584,jljnr
1824206884,kcqab
3204481904,uazoq
4219881191,qmyxq
2076189343,jusnx
4035184682,mxxhg
5584326176,mtnba
9102478482,ccove
1456865293,phrvd
5978928219,akvhn
3308394786,gxntq
9810089021,eklln
6100544761,joxjs
9547448840,xpcmg
6772602929,xgzar
7233749620,asjpo
3696271599,ciuuw
4694162146,zqxey
7518771550,fqnwd
3897426585,izqcz
7554038702,kxfec
9375052239,cxwek
5089206117,tlrqf
9085176655,bgryo
7805576203,juqoo
6121939897,aijji
4463169297,tmbpt
6054880710,tffqr
1650981476,eknbn
4985823067,kiuob
4491824307,yenvs
9972228519,dsadj
6167380331,oxztu
2744645189,qxyyt
1620271929,wqshb
2133541872,qfsse
3499627592,gmezz
7391733163,sbwer
3480655088,pvrkm
2423002005,ausma
6745287642,axsif
2689739855,ctibe
8342053946,ecgon
2397945420,ghnqr
5526715758,numtu
9124365527,syybq
2973986723,cuati
9711648572,kwiir
8181606145,otqwe
9515115214,ljsvl
7960244948,pbbrk
1265563414,lnzls
3028805433,yusad
2483167163,nhtjy
7605614048,xocvz
7868220737,agugu
4559636882,lkdci
7056345839,cguyv
5925729987,falxc
4239507971,hiwya
5921525782,cdntr
5284671674,rdsdr
7153884156,xxxmi
5219445177,kiwik
3836602511,uqfgl
5489458130,eelxi
7685028805,hepas
2782094463,xxxzv
8960266001,vnqbp
5999731922,eylog
1651958702,qngov
7144848679,okpuj
6696704011,jirzl
2243640275,hbcpy
2544087026,xefhi
7576487175,fzokj
1673393153,poxgd
6059336016,cphtq
9621061123,nvzag
3317342967,pvdud
1591123062,yccjl
7427996449,zirtl
1519982853,qlscl
9842297538,xlmko
9001546898,zfsax
7625150548,lycfy
3955048259,fkhln
9500721737,yqyyp
4432796542,ssxwi
4603598099,fovco
3744895414,kfbyi
4800797329,brtci
5104249913,ygfhp
7596493945,coxlj
6939458286,vctib
9668037538,qqfvn
2569078420,zgqfd
1519715573,wmsae
2829585824,bfqah
9947661439,qmlko
8960112305,mmgul
9353236839,djest
7807380804,bssay
8471467479,zlvzr
9621969770,wrgge
3235705588,pshul
3352948138,hrtni
6533359099,vnvbr
5455056531,mgqyu
7566686597,afsss
2214741296,htyru
6319223519,uspvm
3562467949,eywda
8319383866,ciyhv
2621773376,dkrch
4836983308,adndx
1763016639,etuxs
1048003935,bdutu
5130946402,mmkfn
4242512580,kcxcb
5850064869,herdr
1302975813,qtgbq
1100122790,btqvh
1107610156,hysdz
9909452211,nknbf
8546001990,rxnnj
7249921337,ksfso
5784736702,wttzj
1166879615,etynu
6278007740,scawk
3664112597,qogbr
7990758822,enzgo
7980762295,akapz
3679337752,cwqou
4568027226,obbvs
5717180242,lfgoy
1962486879,hnkda
7531966396,mviep
8897076444,vfzza
9297404661,lrtrq
1906450719,eyxhi
2321339375,jwymf
1742028649,imxcp
5410701020,vmwsf
5399952094,tfums
4004967112,btefz
2829277833,bxurn
9738027711,vrmxq
1591509740,inbzl
6290689830,helsh
6897761382,phely
7899898152,sbdov
1560323837,iwjif
4269355406,ncphg
5974798593,jwzla
3464944885,exeig
8010024758,votui
9020413077,vmcbo
3826368339,sqpdy
5694929013,kbryk
4394016234,fhrfk
8458914736,ldcjc
3883373830,lzarj
8406946185,pacio
5661367222,uvlwp
8095784560,nkraf
6810656592,bfump
4522612943,tstab
8889329002,wcncp
3708446543,osfdj
2121541828,dajgj
1183726272,trupw
4292723200,nyxmc
9070479755,ijakj
3606823701,ecmhl
6563469728,ddhfc
6517654818,abshh
9427261932,nkazc
6038745642,bqrof
4685299080,xdaag
2453706698,rflkx
1729064053,hcaty
6474432418,ndjxu
6961697850,srfjo
1634683593,yyhqi
3861777911,nfbmr
1992480017,opuud
9325221119,nqiuo
2341271843,kdfch
4329650633,dxwzx
3939009668,xacbr
1805833350,vyuut
8126891358,ozeuf
2004556124,bfbda
5563984756,sholk
8765506306,mkwcf
5484944019,vsill
3382870549,frhgp
6136084851,qihbv
8776865461,lqlzl
3810108386,iceic
9520476730,lxyfr
1270267968,pcybx
2494173018,zccsd
1092909516,dhkcj
6744722456,kpqqk
1404196888,vhgzm
3186212934,bpmsj
2237266349,lhctm
7704480053,ocehe
6519181505,ofgzh
7071000218,wlmdl
3399790821,mlzew
3816995919,wuclf
2376160131,yixjf
4177347457,qjttr
9894251717,zlldx
6215350833,yldxr
4549226033,hyvgq
4094071407,knvpt
3330058071,wtkrv
7778597708,xrjec
1502008835,xyluo
5672498946,arewu
9358309289,augen
5060757045,bmjjr
5606070130,uxuje
6314238220,lotug
9474125333,kevvz
2788031166,ztbqv
1044749779,gssxn
6253928276,chivq
9335728934,xybau
5661893010,dgewm
4231133607,ttxun
8921674605,ujank
7972634937,aymrb
4954405935,pdfhr
2783979915,cbxix
3192037185,cgqsi
9726531424,umldw
3209355263,atjik
7566142675,aitgo
7734146601,gdlew
6998184370,nrdib
8944099359,ijgpu
3513243656,wmmbw
7584722051,xwrdl
4182888936,ssllf
8671769819,stulm
3181115095,mcrhk
1650469880,liguq
2450840543,hbbap
4473178591,pnbxj
3169989279,kitdh
2438354302,zdume
4068250747,pqegm
7927105607,unpza
5469961000,uwqpy
8931919340,khhfe
8546428720,cekuq
5817989191,qzsbh
5831220247,rsdwd
2402126984,rgvck
9253546684,kzlfj
9234953088,unxpx
7574985309,ajjvp
3781425443,mwcgx
3710651404,bieqc
3317990604,iaqjy
4300554847,gyeqf
6949357534,fenir
3794449384,zzsby
2333580917,wrvkq
9961191659,bcfvh
7218892391,hhadz
4777514205,ddkdb
8947548874,nqcie
1539910978,bdwqx
1351051195,ofezm
5485024336,fobjo
4494944014,qwpcq
9670746465,lwggz
9407364695,yxemm
5958794983,fpxrw
5988191421,rqcxi
6527510099,lgygx
3972839684,sjvvl
2284536190,cfyqi
1240803190,dvzpp
3305142968,qhpad
1453449929,eaxwi
2997757841,aimvh
9342059391,ldhia
5399879076,mstpb
6530965166,tpfbp
1078929389,clsdm
4784106378,pvwou
8170345186,atock
3524975075,kcaqu
6458472064,vgizj
4258194445,dscyy
5621110949,iqhrs
9193879724,mpzud
2861767167,uvrey
6607072002,rbhib
5207871553,qvsma
5219582938,buydn
2842117810,cbycr
5229187566,sbkxr
4993128673,vkiig
5169652940,npclc
7434583382,amqrd
8764945277,vppwc
4661389651,rdukj
6814801972,tcjhr
4370458709,xerhl
7418943699,tdxoy
7222219837,jnskm
2260490831,kvkxb
5937008843,rehvo
8505013546,rmvkq
5174945259,szpze
6207137800,mpnad
4435283179,utfxs
6621067332,ejzll
2733170894,dnufc
7236339402,dabeg
2196225545,hmgoy
7458810222,unidj
4933756061,dkhcs
5161212659,olrfl
7565592449,njqst
9409128129,facyf
1910928985,kcdtw
4577228118,dsoeo
4573634111,jtvso
5648231854,stufk
3152227718,dgonb
9121247572,fktof
5686198188,byqrl
6328300876,xitgw
7015865412,kikep
5174557735,mpgku
2783509535,ocfvd
3216944146,urack
8248930075,qyzef
2677285082,dxxpo
5528122708,mwnve
5161213437,mbvso
6769908390,nexzx
1301049143,pdiqn
3282279327,facfk
7105796099,utedk
8190311712,eopzi
3026460770,vyqdq
8166260524,lxunf
9499161980,hezbm
2908006983,kfnbb
2685244605,lsspr
7504507341,ulsgk
8073789321,isqur
4625458019,rlpwd
2082584654,twxhc
4825404853,kapwh
4256743323,fnwxc
8088036591,petba
9515288051,tpybm
6973885491,ejnfm
7553949919,ttlqg
3887804798,flfoh
3766020355,uuwiq
5998992670,kvskv
1872962286,qsjya
7756918762,ixkeo
7763057811,oxgtg
9494391058,imtdf
7184653961,ldayd
5138083054,enuql
7747530225,pdlpn
3988972501,ebzzy
1667270820,fbvqb
3050378389,ivlwi
9512509750,iyska
3739230501,hysjc
2133153888,zyngm
1629668024,bbrme
6168664703,ycrmb
2383876276,bcldb
3166889015,gboug
7637912672,ymkdq
3446285603,tkacy
6442434699,ejgoo
4481776744,hgces
3466871473,qdixa
1521772026,aynsj
7625372183,eoqmw
8734714025,rchzf
2870103489,mokmc
3693228072,gaymg
7805949127,nhknp
3548908413,thdws
4928634245,ifwzs
3846572443,bphkr
1291738919,xcfex
3493039712,uecfd
6481275825,ihrly
3859084246,mgueu
3283053474,gnhoc
4401366783,wdpjd
5677842134,qivyb
8820024701,aoxbn
4296296499,hihkc
6432055585,ygjhm
2559055101,bvhot
3902708807,cqlpe
3557145715,zfhfg
8972858922,xbcbx
9761367711,jlosl
3743944460,gomcw
4172537223,fsbck
4942717992,eobtp
1565269982,ujlgb
1017532369,jcyoe
6375072179,bsbjf
1823921150,baepz
9356611243,mfplm
6821796086,ptezi
9725621099,snxuq
6840924177,enjmr
7110318889,wwban
6944322828,sqjxh
1603836604,jsdpe
2887992310,umijj
5378799972,vpvqe
2018653489,avdpr
8205610917,vclqq
8897365542,sicrq
9086368067,hidkj
6880763522,osldw
1881828834,agzir
8677213868,jwsxj
4731047326,rgdne
9075670176,ukkyl
6752678601,rqmsu
8058494904,nusrx
7175334639,budld
4659361658,bvegx
1963956882,vkcqx
7472351754,bsswr
8935759780,aimrk
8396547894,cmjyu
5445771436,mdiey
6386371869,xcrve
8292427556,dweyn
8024670057,ksrkc
5509018212,aippx
6374752431,lksak
4151050171,qwzfn
9464309279,gcyrf
8498410044,kjglg
3562149292,zhnnl
9164589987,qieln
2976172883,ttkhl
8811411352,axgff
1674168400,psykx
8337867002,geqgd
1477660864,tlmyj
6742991385,dabtj
8179231126,spbgc
3297273783,gmpcu
5831485515,bgpvf
6440006181,gvrkh
1200217443,xcazc
6069241857,pampj
4493203998,uvjjl
1869247290,wzkuj
9284615269,qklak
1061150608,zozrx
2984291763,xpeml
9380940829,qpjsm
7467624133,pcces
2661694580,egxoe
8271220957,cxmit
7228271422,lrhig
5292193869,hfacr
6738718877,vrtop
7953059781,otzvp
5466910191,autst
5463461291,thhsk
8039516433,eavxw
2230374053,zjmvx
9897013050,vxfvz
7637678325,cswch
8445898440,dexcg
4713861315,msubf
1192798238,mosav
9768594775,bsaie
7791518457,gnjev
4600056491,pohgr
6094225050,mlfgr
6549866634,verym
8470882237,tcpim
9950992025,wqjuz
7798447614,epmmg
9949093316,bkjik
8846446920,rqgqb
6958453025,aesao
1716927891,ljaoy
5603475057,lvilh
9947100740,ylirp
4790506697,hrept
9783859994,wxthu
7584265873,mpvzn
9669423131,idxnc
1218191774,lpwqq
8779395528,xhraa
8805547106,fjtih
6357070970,uuvjm
5609703382,nywtl
6246563813,buaho
3131562901,ymvbs
3690418996,hygza
3830310150,gsass
8261402537,ihusw
4845538983,ftkfv
1051213423,rbvmi
6867781422,zasbk
4825448012,bhiqz
2962702774,chwnm
3934500304,bvcag
7018751966,ckvsf
3591629569,cjocr
6067786573,aqbqv
7151751436,vfwhb
8314016606,occbt
6379303508,iwytn
8914357968,diqfn
2098475106,yaxmm
2664306048,kmlpn
4336304190,mbrnw
7040870500,hknkd
5534268033,jmdli
5906518928,msnhi
3568660596,cdtsn
2987175021,amxuu
2025693657,mcfke
3320440530,dpybn
2021332072,vgujq
6505290676,ubezz
8186799129,njxou
5126348591,aserd
7988950408,ttedv
1818814366,rcxhr
7504271661,cidpd
2423558176,mqseg
4107105638,cojef
1655979887,upecx
8910623624,tigol
9210070211,gyqov
4121342760,ksuzv
6913816368,lidbp
7733132441,muval
3517704398,ckdce
5558953680,tlogv
4564791225,kztyg
4546211556,ospkz
5921970503,oeuqq
4486681925,lljby
2476998207,fokkd
4394742714,qbivg
1391228004,jjdzj
4425371352,xiyku
4575017991,eclmx
8006927252,ytlgn
7166595809,viiwj
9468061477,stgma
5923925584,dpdml
3626363546,ensga
4940451264,dfcsg
1217338376,frzmo
8734744437,cwppx
3331969759,nstgq
2099325062,imcyb
8953687973,hxmst
5372742617,rsiza
2915827570,ykeeb
7746179570,nhsac
8358453416,bcczp
7355739443,tjatk
5255173499,elhbq
6555724265,jpwst
5168454505,agrha
4612693243,dixof
4380892733,cqleg
5212739648,kvzsp
1281601563,pxkyn
2197018718,umhbe
5957980296,ksxbd
7250664826,qwxoa
2045866633,rkgmx
8431924975,zuqcc
7041170813,fctum
3577384380,lgcow
6026511825,sfyuo
4040684266,fixlw
3826716603,efjdc
7703480664,qjjkt
4959792925,icuha
4248573124,fdhnl
4299765844,rkelr
6490841813,mmjau
4534061407,gfehg
8037957615,ellvi
8713594459,ncsnq
8713274353,lyivf
4051435221,bayws
2001605666,ximgo
7499505059,nrdiq
3326441963,bczcf
4580984551,onfhf
9581260111,lzsnk
5215401517,thcvl
8551677549,vgcqt
3116785375,gelgy
7344356443,mgdip
1371014814,zfdcb
5290849863,gwkfa
6688982695,rcvzp
2718850273,ebeqp
5057696853,mlfmf
2659143931,xertv
3369413320,uehsr
6902772062,itnjq
7101349246,hmpgf
9386286916,hbpkp
9252730782,awzqc
2571546066,brjvh
2518066156,mielu
1859200833,mwnis
1139477240,mkhao
5006070082,pccui
8124644027,yxiku
3094372982,modfr
4053098487,iziom
9223856425,vlqxk
1563189310,scuxg
7738063797,vfjes
2891126008,zstjq
6359237496,ldwts
3741320054,puypk
6353462381,bzhwe
7849221732,vfwip
6204619558,yfjmc
9610774161,hqgya
4351803588,cbyxb
1069331682,azaya
1921125975,zuamg
6584956380,zlvim
4957823903,ozcpi
4909047086,yebpg
9680100429,foixt
2254572574,bhemy
4908406486,syrlv
9803502405,hecxv
7277530966,eetxp
1611056572,qkwkn
9979204309,qhkbk
5934727917,qmdgg
2035898911,pepze
2810614980,laomr
7783729006,bqkcj
2865609471,oxrxe
9676977948,lywyb
5841571441,fctyd
6905162856,mxyys
8518312380,suyux
8295360515,grbpb
3471736946,cmdii
5290189342,oggdo
9586026496,lvxbj
2083291234,bqvcv
9148357711,xpogt
1281599592,kkbmc
5354933817,ftnae
5958366958,gdvod
3920299258,acxbu
9551738865,tnaad
7045828619,vtkgq
8567264479,ctllf
9590466022,omjpo
5062040503,hqbij
4263554270,wevaj
1213207112,trjog
5162771601,aaclk
1070386821,lfuef
1988909849,glerf
1495373629,pibzp
8991305617,subsz
6723791428,btaaj
6450050534,avdlb
9102230869,tules
3998757999,sjbtt
3282684849,rsqtc
8408358073,dszxw
4733050399,xsbkq
1866014252,iyxdb
5328942219,ybbgw
8483335926,gttnk
8468986397,qmuuh
9701096876,mbxft
7141806138,gtltc
4109592424,ifqfq
4659615675,mdrdn
2425634282,kwaib
4538752628,tkqvu
4294170657,lfvsw
1498203835,lrxbn
9805809624,utgzv
2128217244,lller
2477877153,bqdgp
4203352820,zuocd
7175616644,mefrj
6053213800,wwpop
4472328676,zhrhd
1541512816,cdptr
2815842719,hcwpy
8295373163,meudh
8176894996,casms
9612803992,jrfwo
8053692644,wisbr
9211778084,meogj
1356832876,uuuiz
7440757516,thmeu
8656516070,aisvk
2657551505,asvcp
3659367226,zktla
3489770349,olrxi
3018100577,hxbqa
9462350264,cfcfo
3041896089,xrskd
6402859086,jlpie
5434374488,bykxx
8799238864,zqngo
1893097620,xrpex
8894939557,hapro
8319631856,pdjcy
9660398915,uqqie
4963319299,kddlx
2521180318,gfrdo
8501143567,lmiew
3109297510,dmwhw
3545229722,ljlgb
5167231158,yltft
2825963236,zivqk
1656940455,jqcgy
6806426141,psrtx
9617478377,ojvtx
9512701004,tdhlz
2620366098,glgxy
1621938459,aneoh
9777752152,cxjrd
6240231556,rsrwt
3997513761,ogcvl
6409588428,yxlmr
2328025057,rakvt
9176456489,jzurz
7550568428,eybyt
9650987474,nbnlg
9400154221,mflli
8731910604,ajuiz
8796032164,xxzoh
2663076600,ivder
5079173058,ufall
3021624967,ujazr
1300279407,bjgdh
1553752871,neyzm
7039462881,glauk
8922392687,dfbgf
5795712303,gljac
3393315910,vjwao
8896291160,pwkpe
8210071590,oclah
8705037903,mrbjl
7992902210,vzcbh
6441481987,vepno
4576696933,ijnro
7120846419,xudwq
6718962550,dckps
8252996333,lnvvv
3143813054,qroar
7905180335,zyqdv
2364260152,rfwhp
5778107768,brgtl
5919196500,tyvty
3897179294,lcmui
9794103163,htgpl
9314580291,iseub
3074149713,ccwxw
6175361484,ddsnx
1205103507,fxabb
1308763633,ruetf
6681048995,nogev
1944643684,rmuty
7759413472,hocof
8627408946,ksxry
1941399584,xsyrr
1337096753,khuro
4025760161,rxbaq
5108317598,jxstk
9116841133,wmqzb
4114275576,pzrnz
5178985596,xogms
3724834554,cmwjz
5852435085,aexei
9978200707,okqjj
9889108847,xogwf
2547021528,xmlds
1516385345,vufbt
7996913339,ksqhg
1260585336,mevdc
2371200659,cqyzk
5445000345,tfaii
4678651976,mqxzl
6326397023,sqrxd
7142496719,opdhd
8222129375,yabwa
8697815364,duyju
8303936906,ajjpo
9081593742,qeeuc
7085051114,kwdnp
8645096752,gukic
4308501816,earob
1329403114,fjemc
6071442243,hunki
6433303811,qgxol
8371668723,qnfer
9399906429,dobvk
1101092727,wohak
6347927548,zflwq
4942233159,dqgmj
4745958997,boqpi
5956110504,telpm
6072193132,adxdc
7365227226,mqxyj
1046472776,bcrqm
6829518550,semzg
1850859356,dtpzi
2589913816,vehhq
3154153177,mwjcm
9072278256,ooozu
5627303785,fwpyf
4255882219,iboot
7193954124,huion
2571655954,cflrt
5466814173,tcmkl
9245131634,wlutc
2779239121,cjvdv
4617553057,qokiy
8424369896,qwcwg
3761563105,zqqwj
4241078952,byind
6889631160,jnpew
1725043029,kswsz
9133740664,wlwaf
1072681399,ikqzv
3684679982,irwfg
9482847090,wptoh
2992103695,ybmbr
1693514509,oogqw
8455709202,zfvyl
8573070926,ixexs
2753462666,hgkqt
2883767204,ckzng
9350613381,ybfqy
2695207411,honbh
9193261300,pcpan
2950226148,qmjfx
7560827300,aiaaw
5634261446,nzirn
2019224387,erowi
5529834630,qilzo
4714557728,seaej
6304940504,jtqvl
9971413882,ckjkz
6510829268,rfyyf
4293051849,dslah
4666498326,isakl
6453454650,wlyvz
6766759397,oiozc
2887067214,tpzru
9607409602,xexfz
5297969030,muqic
3482615240,dqjle
4152102966,povee
9059482583,jfvfg
6670228068,dngfw
8734661301,djrez
8276151697,gyzts
7136620360,txpeb
7648858586,akujf
7562454872,tmvye
6092906126,oumnp
6865345588,zmvmk
4582471430,yozac
8155614178,ibcpx
4054476910,wcvvh
4790869056,lrsfa
2949085799,nnhwc
2244668528,ooaff
1866751107,hlieh
6924007995,otjfi
6332414836,mqlbz
2768871310,eqlld
8073645779,wmfmg
7823895246,ocgdb
7089051248,vnfrf
8951714599,rdsky
8420831693,wimyr
6294937836,jlbgh
8110079779,rhwar
2926353710,clojd
7938182613,trlwg
6153379473,dbvio
1333723343,kmaoe
7684310022,cqkjt
6174142476,sobxp
5915995134,fsczz
1142594578,rwhoz
9727479557,epwph
8930798869,eweju
4512117643,lrrxl
9067979154,jkeyl
5406131305,dqssb
8863913455,xdeli
8226903792,zdoop
4444980140,imxrq
1547833865,sxgrr
3554701458,xwlqa
5962585711,srkfd
9118115191,bmtor
2844699891,wwncv
8638745580,czqwh
6505641752,rjykv
9703840977,qchxt
2731243430,hqcfk
7165034920,qhwgk
7360334493,scjnk
1958987570,wupoa
2305510175,wdfaj
4540643636,mtgkq
6195522732,aijwg
9768213755,otadp
5434691618,vphcf
6815747196,ebuiq
2216579850,uattn
1035834752,uwfrv
9554842643,bfpxv
3530134927,illcw
6083198601,hokly
8223305349,rhnzi
6710395430,dbugr
5462991879,nmjiu
8631361145,orrss
4660086019,ekojz
4504661222,rquil
7696201071,twpvn
9440056363,eudkz
6064078991,uimmy
3586475242,ksqle
4840307037,trzxm
6552247952,vfydb
8740672563,jkscv
5110882542,fwcka
6488913266,vprwn
6813594456,onhpc
6157256064,ilixu
1100886682,qwvxh
6725490838,cjhxf
7607151335,psuha
6324800193,pgwml
5478721059,wuyvs
3209157527,incoq
5926525949,mlxpq
9494193763,wnpun
9372480364,ibgbh
2052480367,dieow
4716018102,wuwol
8853487748,myldy
4453458792,rdhed
8045528440,wrqbc
2616227102,xdpll
7175509739,rlwox
2090393327,htndq
1406796514,evycr
1010776491,zdily
1159423407,qcuxf
7324981851,expqa
9796535482,cddll
1377026485,kdlqx
1191560313,knjru
7652452499,hvlgh
9364019380,svdak
5912344953,wsels
9928880389,prdcg
4890188084,cijue
5947427569,pgidb
8768461889,uywqr
9310217953,fvcsa
4275214177,vpaem
6856399421,rlmdp
9609092397,lhplt
4877816101,culua
8231419535,owszc
4216921168,mclat
2263718890,ocvcx
9391503589,jiyzc
6290383793,taedm
2816312588,hnooc
2221681109,xmsdl
4778481336,hyvbl
7534750545,oqmox
3821087802,jklxg
6025487957,afiqe
1637825690,szqrm
4403450156,dobui
4524912309,lyrze
9338217620,mrzqc
2757186292,abzmk
4593110290,trdev
5597775388,wbwrv
6708480641,extik
5961605259,qbyyw
4730457125,uqkfa
3820929300,qluei
5833434426,lvvea
7548452506,uprnd
9875887994,aomqv
7658906184,utswu
4546345409,itygz
9384856429,pxcma
2648535029,gcirm
2392514576,gbmhs
5906653090,yyrtt
5266589013,tyfsh
7641950875,hhobd
1830037777,kwuex
3520418604,jkjbw
8469597545,ssjgr
4176477462,xzugn
2322882869,nblae
8630607274,zlhsk
5537042856,opkyv
9108327079,fhlqr
7265391977,znuok
1201426417,ztusc
5203989784,ktbaq
8265128755,jafzy
5836194383,hcpna
3097306737,ngdqb
6721241331,cbyyb
1526064599,enewj
6761239683,dqivq
6986141009,akjik
2663136881,rtdbm
6905431411,ebwze
5679597457,znorw
7501069201,perkp
1133710259,dovmd
8087733721,lnphk
8828945642,syagb
3295158565,ueisj
7266172153,jynrc
7166147531,yqgtq
8006999639,psszf
4608660234,coudl
5638451704,uyrvk
4261153645,yqehi
3077632643,coxjh
6736480195,cxcyi
6374596325,inpbl
1021682035,csyqh
4841987996,guujp
7220235865,chgsu
5983072997,rdnmy
9607512336,alttw
7530734524,gnwyb
7009634813,joygg
5300812237,iefpz
3071374936,ffrsy
3929868516,kafpr
8647150236,rcimu
3002402606,alypg
6642024271,etfds
1795316628,ysuvh
6001248436,ameem
9518158749,mayae
4320868011,easyz
8309999940,yzcid
4344320622,jbdzs
8681461087,kfcib
2485409719,pomol
7726356445,akzvy
6500740426,bzbek
8527505558,jtqmf
5157319809,qeuxe
4404464096,clmnc
3959152154,snlww
5031600006,lyfqp
7016111284,yyebg
8494289742,orimw
8216633541,weuhm
7030751568,sizrl
1832333523,trmgj
4468620394,xfbvh
2118768464,fyfsr
9776504112,otqgv
7339687412,wgbhk
1558374987,yhxvw
5176819121,bsfys
1130381827,ohbxp
8272335526,vyray
1696683283,bvdci
9713897232,bilov
3248142290,snvbz
4117448121,dwobo
3377216853,qsbqy
6831758366,tjbfg
4090690599,exbqs
8375138009,rnzuz
3484718944,qxntx
3577808493,vcgwd
7067330575,fxftg
9035326649,agivd
6351517972,rlrft
7769676747,gqhjp
5738639676,qvxuw
8836200509,bqtty
2073629455,nauvx
9077661216,uqjvw
3694617541,xbxff
6913092791,rbtyr
1906539209,ctoqc
1458530634,ejlfv
3554736570,rstqs
6647275063,etckn
3861028766,tykqt
3464668916,hxjhp
1786816973,jndel
6614848549,cdfbc
3095472978,fnhuz
5780085577,dzkev
7403589946,gjugj
1314822308,pdzeh
5154086995,kxlvi
4829406211,wjujc
4433459493,ccxnc
5499414238,doqru
2322369944,rdrtz
9635042791,hggbq
5825086281,jpexq
6855751709,txzyl
9730035246,iaowv
5252730570,axjsj
9124861487,ukykf
8273201182,ahrio
1604806354,lpqeg
4976065776,rpoxf
9542317813,arrwo
3262163825,ipacz
1924641329,omhvt
8325502103,gwwup
9435811073,xgods
6561351647,wdeei
3716759879,fddxj
6460443124,qkian
2486946177,srmki
3139358265,gwfzk
3037547839,wrmoo
5617542157,kefzc
5187765944,oahgp
9000756478,henjp
9946603532,hnucp
4441297482,xpwpj
3239193334,fajxw
6701812308,zbmax
3872442277,stejd
5632413177,tmhce
6542051305,mhuvt
9575032084,qjbyo
1503393183,hvwli
5733758598,klxko
1057634977,ybvqa
3948658781,xmdtx
1950450941,yklzr
9560723187,nctpe
6149394612,msiuk
4354795399,eqlzf
5586675770,dpkus
5605243392,xztpt
1451766089,ihzdi
7055664870,mpkrp
1298544515,sxnmi
8998948405,ndukv
9342167267,kpdzm
7196292734,linse
3010047362,jorqi
9194824434,qxckd
5657349919,oxzum
7495902303,wquvf
4205846419,sbaor
4805869454,hlzvx
1303162920,dujqv
9755506931,ntqui
5486815678,pmfio
9555706625,qoghs
2380419663,pekgg
5517515657,jgqui
2410607536,mnhaj
6637771183,umvbe
2182884421,ouftn
5760618612,irsvc
4175625637,erdcc
2905357180,ofxhk
6550551323,jfrmv
2609516923,sjupi
6799249744,mfclz
7564696700,dcgmz
5853070468,mcoom
3971775742,ytpme
2035990833,ctizx
2818993492,lfqqx
1676480613,rjppo
7100464029,xoapp
2100025682,bqydt
1205103585,xsyzo
9956775393,exgvh
8008658014,ayegp
3352315590,jwaob
9474451997,rgvwh
6149141100,wcesr
9028715772,gkdap
3233676967,lwewm
7011492421,suepw
4234330155,uzhxv
1711657798,zblgk
9466655397,psuhn
4810060501,foyjf
6724342798,boiwh
8407648434,wafea
9820289592,imfar
9496540008,jkxjm
6145038696,urboz
9469023473,gpnjl
1687055730,nsmqo
6561579730,lzven
8521910551,crmur
1382427865,mwfqr
1012878867,hxxnl
5801657903,hqukl
6219402523,ddvkv
7060925837,zmohl
4669797477,noazr
1154221759,dlglm
5315214100,cemev
9584849151,kxvjh
2798610846,ulyzg
3922191355,hbaib
1756969256,uaokx
3905053869,zmbow
5128739046,yvxcd
7733940831,fqtdo
8440210329,ecjxq
4803292727,sikye
1055415240,lkawf
7598943479,hvabb
8756762221,kbhrc
8269311892,jganv
3897718191,hwknl
5647729653,vidsr
1200121633,aeqel
7844663578,xkqdb
5499825263,pzqpf
6422286834,yyrzp
7578112950,titfl
6579550588,rrldf
8871374864,whqrl
2134873057,hwhev
3968418770,utxfd
9919904479,abxbi
7664907473,xblte
2433864151,mzqen
9775530536,zdgzj
1121017616,hlhwn
4766101939,jfcor
4800496949,iqgxm
2550696200,jsjjc
7991493077,clhyp
3429756253,jtayb
2669953301,znmzs
8463962789,kfmhl
3107164159,mevjz
4199653544,tbqju
3216363873,dhsfv
3795625804,advlp
9257384688,zaqcs
3558450686,udzun
4676003653,hcgrp
7080401929,lsvbv
7157437964,gzhgn
7278323420,bkecp
9005913261,hqlsd
6085008428,xpzwf
2684843082,sbper
4503849716,stvqq
2689707353,fokcz
2916228758,dpskv
6640148305,sjxal
2822747269,rkigw
9431245989,uiopn
3625954709,qnies
9440651381,hlvwh
7020176323,dahvh
4634191872,bhxqi
3244298601,llhgv
9905761752,fsiuv
8272159840,dzeqw
9645168473,prfnb
4107789130,yhjin
9401297470,weaxx
5879400845,yywgr
7376688514,highq
9487469219,ufkqt
7135298891,sdaci
5259362981,cgqxm
3005628079,rovrd
1377574140,gdogz
1262820353,uikam
4289414109,etexb
2011603979,cbdzj
9592884783,fddin
7675239787,heswg
8369369278,lskbx
5664025489,yawyp
2556529867,rdxpr
9454102837,mxiqm
1789289468,xylkg
8629681774,pbhgu
7065149120,nqiyp
7380035355,tqavc
6631211145,jjlha
8507797281,kuvad
8942362237,pknas
4131530782,inzuh
7591015513,ulqmz
8702310612,jzvxm
2241861411,pvkpy
2432093800,cktad
5287068474,zvjku
6332150466,idvxy
8008287525,nzsql
9034491770,wuark
5142268685,kmjpa
8725609587,waqgc
2376873120,mhbtj
4199189661,eoegz
6867709204,uizey
4941341971,qsmye
2098364054,wxaxz
2051420809,xdnyb
8671704068,xvgrf
5317633831,vtypr
7151216246,wuvdu
3623009252,onbkj
8184455073,sxper
9998475042,dmxme
1341062384,mpykl
5566553883,kadts
4221720964,ymvhp
8757429505,ywmdx
2619448841,dbmlb
3597550855,lzbjx
7548631882,qflmv
2446394387,dljfa
7630211155,pjghn
5029664377,skpwm
6505510034,huxuw
6079639671,khldk
5410340676,nsvfr
9261244114,oqqmr
2351902016,xeyro
8209315681,xthzq
6446344652,cqnks
5706870688,wrxzm
8811329948,gubmd
3051698151,docjm
2252025377,fruju
6090321126,ffkzj
1985115777,depaw
4769403201,bvcrb
4874425867,qlrbj
9505927610,stltc
8841528348,zsarw
1437279017,bpwpp
7431472098,pbupo
6409361422,cenkz
9710119171,glbbm
7653465498,btqqd
3042150684,osfki
3203549076,fzlnz
9427004246,ycfmy
3968241419,lujbr
8059887309,fvrkg
1448529508,gqrbt
3353783054,ccqxj
4206309866,wmjzc
2853906930,zthss
5429796816,roqpc
1578466959,fxzrw
4050653554,hahfi
8707503406,nhtyy
1267956228,fgxdh
3985938311,trgqk
5788389525,pooef
5648545255,odrdw
3972557260,scqnt
2341564417,gxxim
8387497231,fxxcb
3652831353,nxjtb
2046558698,cptzp
7345937712,wvozx
5105436532,ozdjv
6795854301,ewhdc
2712017389,wlygb
8773289476,tcoax
4909469504,ayctr
4640590589,bywtu
6436623525,aegol
5403351821,zgpus
2546116017,zagny
3642543094,mqjlc
4103491794,adzmj
2761968346,wngaa
1670010812,ispph
5014964632,pubrp
4409053491,bloki
3545379719,nzdgd
6700197356,blklx
3973238706,tvnwz
7892930187,kdtsq
2176438746,bipdh
5941382783,kdoyv
7041734051,foptz
6711602454,rujgl
1544146839,uyuec
4124549202,pviek
8249279710,cdrpc
6901419637,rwirn
3933888126,eprwz
9007969749,uwycq
3911533567,qnxnk
6386022093,rkcjy
6372243810,zkytn
9667606023,lwcsn
5426922927,cmsqm
6682851460,gzxwt
4001475373,ulaaf
5257619326,svlwz
4096983590,zzncf
3103598162,yjmtw
3249297088,hdrsd
1631817401,gkkfk
7380575718,pywhs
8994339848,mzwog
4312184584,hpodn
2400520478,grabv
5485788260,jmoap
4790501097,klvax
5762644032,csyrg
4562026463,ssotg
3246636439,zubgs
3718859311,isbxe
8387070516,sglok
4567557569,wbefr
9652654218,huimd
8685373236,spdix
5860732371,kdygo
3716214570,rxqfm
3605276929,msclb
1225960545,teqrq
7391534096,tlvds
6765324962,olzax
7469725313,pponv
3395735257,ioxqf
5551058362,tjisl
5276249749,swjil
8567530267,svkap
5416156891,isyqx
7804777845,uacfj
4672598300,wnqpl
1344292810,mojoa
2514882832,aewqs
4648334726,opqdp
3869195028,prujk
9428480066,qrmek
9989971145,zznae
9203754388,zpgha
7399272659,dghce
1061338978,ddayu
1639205980,ixevk
2638907134,mwoxn
9459978583,ffvrh
7431252077,vpohd
4464237888,sosvg
7211679079,mzxrz
2763623648,jidau
8928268332,owyac
2966896792,tchee
5427868248,kuxmt
6650127360,gamsl
3082656166,tvcqc
9546192335,qdtdt
8455931741,gmgzw
4387519035,yobvt
1700334143,pufbb
3041813826,smgfm
5990473546,rxxvp
5301659994,rljtp
9882273701,tvjkd
7058503831,sumga
5873610520,otial
8008127209,detcv
5555380771,ukiiz
9428962202,oiftq
4346631883,caymp
5001707572,roeqy
9855622462,xpwrz
3025307344,osohx
2681008992,aabgs
4098493453,madbi
4543815175,daucr
9025954099,uvmst
6297748457,rnheg
9014392844,pbipc
3674781092,kolot
8129092679,rtkac
3422552639,usash
1358613397,rcvli
2914643456,hdcrj
1661345056,wvcie
4934187542,pekeu
9549398146,cwgok
7527349317,bhvvr
1706013718,bdqex
5014791547,kbgdn
6692234732,ppdbc
2868436814,bmpur
2378212071,gqgin
6139184241,uggvz
2260631801,rpido
7842737226,pheca
6414519916,nmilw
2126718719,pbhvd
7892730145,gbqvc
3768490086,xrrze
6139402957,oripm
1213719528,nhfls
8437115199,kiwra
1540766264,amemr
1420260394,cwmwg
2942083274,awmmx
8001480150,oxbnq
7541049023,cvejh
8311462519,ypiou
1390335901,lkobs
8207461732,egger
5684510374,ibvei
3473099562,plaku
8430621157,rlprr
6225286990,dltzh
8357333916,vpfij
1569479481,xnxke
4288898339,smcql
4951370176,cblfz
9220778111,lbdgz
9714294984,vxiql
2304411964,dgoni
2054677606,galdo
4424056633,zyaml
1654960469,cuxtf
9726783702,nunqv
3227905707,flsdo
2471312757,fvfdz
9044121713,xspor
8029954038,lxrnc
5362165500,vmcym
2486974159,nfnkf
9844425588,hhcgb
3225901055,ulfbq
8313353017,gamjw
9601235853,vqbcf
9005417780,kguec
9875285608,lstbe
5961970308,vfotv
1625845686,iebux
8647597256,vfcyg
4934796828,yjcnc
8073010814,dnzri
5669289066,asmjd
5561353057,clkvt
9052361086,lbiui
4443604838,uyujv
4754839576,bdoaa
2421169947,rgogd
7785673296,rjjtb
4346805112,ytguf
1998848130,xmmie
7087432286,agaeg
6540703799,juqfy
7197846118,qyphq
7281352647,waxan
4611385405,opajj
8415621432,qxfft
9098588614,tsdja
9886713762,heswz
3489346208,lcbee
2897803741,lplcv
6860820259,jmlzd
8178813470,vsblh
6179614052,zfiec
8410497550,quoaa
5735127191,yvvbv
5843270502,rfrar
6121890643,grnng
9796398965,zruzd
6603594140,slkrh
3542873813,rnegl
4974675682,mgvqx
2181076656,zihwk
9251241756,ulgxt
8666084967,nnjfk
3942661897,spmdc
6921256252,tdgfj
8239250541,brexf
4832095996,vvdhx
6915959475,ertjb
9694449905,ytfwy
2421178775,efxsj
3598440178,uhosw
6091869110,snkil
1185381704,atbgs
5318785564,eprfy
9026038056,ueapr
3344681784,mnmij
8324653322,wzwvl
4475149191,wbkki
5189072178,zxgkh
7907967709,oerqq
1063637682,plkyx
5931524705,ijcsv
7459670714,szwku
7901494645,azrje
6373873838,dppaw
4462597186,tgorl
1482735722,idbjl
1568463058,hoves
2699127066,pxpkq
6112164853,zfgew
2283587414,ezsgo
6803803370,aohli
7624110038,ogqoy
3028318305,cqrgv
4023388364,fcazm
3625038321,vmyis
7799198963,zyqjn
1956652339,rxebs
1056906105,ytozj
7296208494,ibwcg
4612417786,kfgkn
6878013234,fgldl
6392083900,ysnvw
9477757855,rbrjs
8072415148,hylwm
9268942273,yumwl
2203883359,oofuo
9343742743,fncjb
9242066979,enjwk
6692916255,blain
8459924138,inwmi
8721130861,ttrod
9596876170,rvjeb
1582594315,mlvpi
4046328183,atbmd
7962716323,wahgi
4431231281,qwquj
2084064167,iikaa
8090475787,tzolw
3212146009,oqsuv
4098549533,ugupa
2203732203,peeml
6936123555,tlpcq
1076727422,tgxny
1186694880,hlzkf
8515424967,onykb
3321700185,ppxbs
2805615092,eqnap
8556780882,hfapm
7141412019,demmt
2856203413,ubmpj
9478149607,mlifb
9005034616,iekyw
3169057804,aysuf
1211233579,zsqqb
1997789725,sfpey
2707455847,qxomt
4063704365,lglun
2261910058,qgeuu
1461730061,eaght
3481628268,xwmiw
6127086817,opnrm
8947889090,cjxup
1510755292,qiynl
5933400831,gifhf
9636556862,ynyvi
1367081612,rwhdw
1892247097,jyocj
9186306452,idsnr
9690191666,kcxzo
5668565430,isjqt
3815475070,twotx
2184493636,qfbrt
5640140911,zzgux
4239021999,evsuz
6850253538,tdruf
5498785192,wyfaj
6091440311,gnrwk
7810605549,lssmd
9186639567,gyeqp
4082984497,axhnr
2821333286,lphoj
8891448583,khfhp
1751466290,wgdgx
4375638272,werxt
6054669336,rikob
8127935167,ojpbu
5481555239,dnovq
6780034556,dvhfq
5177684528,rllpn
2639435821,imaik
2917125320,fpjlw
7146480485,mnqap
9557232615,nmcob
4607587384,kfzxq
7031846154,qioij
8333508205,isyst
6969831897,jornt
7538644082,jjhkg
6334388017,lgpbp
2008940069,ryzdv
5810289356,nmmjt
2219830669,wmmdn
1744914580,bhlpa
2686388795,gqfgi
7493831265,mjgzu
4018505769,yvmwp
3373476871,qrbbd
1789843347,scbct
2118154447,fdhmh
5364448838,eutjm
1577303792,qjgmw
3966132392,ysvfv
4082410586,poyiq
4518249802,icckc
5875840249,dtrin
2324145493,wuuxw
9406196514,pvbjp
3385931149,xorlt
2013983556,msudw
7449784766,jhzrw
6622695648,svsoa
8778885637,tonzd
8241139179,viimu
6701203779,zmlvx
3556605548,kxkpt
9526981274,yulie
4334230390,mgfli
4861690079,hizex
4872775903,kscvv
7412757300,vskmo
8910715666,oxgey
4326255891,ikwew
4366879023,xridt
8922178119,vmbjq
9800781008,rvnzs
2195976523,cmuyr
6551875406,bqyqd
8357987761,mlozx
8876580253,qfptv
3916100721,nwrjz
7657562668,hpqbk
3396653037,ftuii
5513001317,phpit
5978773627,dmqfr
8168419170,pcqje
7161217125,ivfum
4142725690,dwhho
6887999012,fofjf
9556804103,uwhvz
3481731672,plvba
9290916560,fepkr
7013213038,rpgca
5662514929,slztc
6387588082,xfksu
9480487592,wbyoe
3253031946,ipaxb
6788262839,cdzzx
4671224647,xselh
2241444620,brpyx
2001571228,jgppb
4664282765,wadhf
1260979112,chedc
8477847424,ugvec
7153593428,zczoc
7600128793,ajvxr
3663820095,wrmli
2165315465,wvoij
2081572556,koidn
6871936391,ripqz
1080616105,wuxsw
6783513898,kkfsd
1445681354,xpyhy
4248907661,fqxdc
4598713257,ekysl
2818262271,blfpx
1165829987,ebiky
9872816931,vkrte
8036605380,hyhkm
2636174009,nzgzb
9206813790,tairt
8780760090,neyew
5982343524,skaws
3399308371,djdkf
8288874669,zsqbg
5265364852,exkna
1676396899,oivdj
1948998808,ahado
1034269728,yejrg
1864171298,oykkz
6329611790,zkmgn
7643573922,bjcyg
1847462221,rjzbi
8637082069,oorex
8491031608,gqxmy
5583539214,wntue
2334811305,coclq
2278685967,gmbso
2922767588,snpvm
9764610239,mhkdf
3021020129,okvzr
4967892201,thgfl
4862235990,iuave
9960862015,wcekv
4219712206,eyjce
2885982480,schek
4794827133,ilujd
1477557760,fdwzf
5909862632,hkhvh
8715575825,ckdng
2014895293,yjvvq
9649300716,btzme
4642376595,ihada
6006879660,jlvyp
3215010138,snboi
5844356260,gymxf
2993718605,ujywi
6380669736,wgboi
7202183990,wuriu
3331755705,jtthb
6138694102,pekrz
4269885573,sblsn
9148354791,whxyv
9481688620,wpfbn
1711841859,ibhzy
6569619253,saijq
9063734854,ogiug
6357536218,lmves
1639372321,sqeyc
1401745025,krjul
4714963853,pxznl
9601907189,wphmp
4669273894,pbrwd
1099951016,xswzs
2264896287,ogyia
7598044221,kxpmy
2623615021,ybtlh
8862679558,qynvz
3244777628,yfenj
3293070877,pmlgj
1977149015,psbxm
6720419081,chkdb
1385394224,wszqy
5071321273,ozjat
7694916369,vonsk
9507138027,tmcnn
2290755960,qinmo
5844018143,ixavl
8003677953,ywjgc
6389738292,haxgl
4979295364,pmzhl
6280379958,fpsdw
3653248141,uegrb
5255109451,flacl
1246357793,rpweg
1175075220,lrval
6202945379,esnuy
8061518375,rwyrc
3887468783,rgaeh
7258742463,hvujm
3241906683,dmpjl
7455371608,tufmi
5937431262,cwdge
2565735559,camyp
2209955597,vklim
7584668822,zyukn
7382994094,gmudn
6834225360,nqhew
3205119971,bhbca
5852976650,mcplm
1136053959,rchcf
5114773061,jtuwu
5806904420,tydgi
6038119609,qtrms
2220334310,jxkdg
6721948545,icfuz
3773936293,hfdpt
1852569833,jqpqf
7967236927,cblzu
5968982872,egghi
3558886200,kgkea
7586946989,awrhw
2258563330,ujwub
8751728726,cbnya
6122648326,aijlg
5082125093,rufqa
7677103144,nrocy
3029625375,gafgm
7190484406,kmgua
5138344271,ixehi
1165602088,xlayq
5006030115,lnami
5552179070,etexb
1429837638,msbgd
9390214758,wajgd
2134712844,kqfcp
8420308862,hyxeh
9705928388,mmkiq
5101462980,civfz
8411855308,zjzox
7136757973,cmyrv
4810034241,doggu
9090952403,kjotl
6003309469,pxutk
3105284287,gzwug
5933412438,kfrkf
8790687151,wxoei
6312008113,gqnrh
2484187364,jxxvw
4232362975,nokum
4328553304,ehokc
1432090497,dmjjt
3572255452,cjkzm
7449288492,izyne
5487251386,ydlnh
3646302679,bunay
9023140901,ukich
7688845831,kltfb
9111505737,zswpl
2107119183,siyvk
4420628812,nyyuy
9273171075,edarn
8478014062,bkedy
3319608995,vbrbl
5433216728,vjxmk
6566260445,caogf
2090731883,bacft
4647685917,kyymd
8447961405,gbrxk
2008068987,owcqr
7295430923,lpdyj
1197578250,ejwew
9793351885,tzldr
5078651367,rdciu
1522306825,hwofu
7411983551,mjvsm
1968187637,kbuih
1256650575,auukc
8116781220,hudmc
9281093890,shmqu
7490656187,eckak
8364917146,nhwei
4662515445,rgghw
3794068796,nrxuw
2664817824,ynqrm
3866228277,wdsje
4282632218,vzzpf
8940287243,ljkwn
9057216052,dqvza
2007356251,muwfk
7449145364,zyguk
7195188479,iqobu
6622844340,yuqql
1554248124,yfaam
8348216741,cxaiw
1561316324,klttq
5345301463,thwur
8154746389,kcedk
9544428160,jdymq
6543080794,vpckf
9548500903,hamrj
3290972803,pvqak
3771878019,wrnhq
1657557728,qgdwl
9747572444,uiyga
2411281265,aepfq
2051793975,bqacd
6531260279,xbfvx
7177019924,udnzl
7606022798,rasds
1127542211,vqhbp
6905427043,rgqib
8498295371,rtajr
2918101499,ldygy
2673767456,rybgt
6446920396,kqybx
2432440058,gaush
5873103926,foytk
9394752555,pijxj
4229937727,znvmc
5188429696,bnwmv
5031708311,fuqki
2911895705,smdpb
3242194902,tpjuq
1956948569,sizvb
1487294738,fsdzw
3619264587,tdmly
8827540690,iwhqm
3722286167,raegd
9231694378,fmwmv
5803715563,szwsv
2712607509,abcyo
2771912045,pljlb
9317467021,qnkyg
7334968829,ccgiu
6910073239,uqury
3851098122,hhhml
6523737142,vlgrz
4907554446,aocwi
2613465692,vyqhl
9390704618,fpyij
7297895321,aeenk
3675676819,ppzjw
8645984165,rfzho
5364001937,obkps
5935931995,yijrb
1260411955,znkez
2364983198,kwfek
6743403913,qduwb
7692004305,rkutf
4815001889,uefmv
2870729978,lukoy
2003691346,uzhul
5840172738,yzkvi
2012476405,uowmw
9689303622,ghagg
7182892183,dqsgy
3657947227,lcdia
4632305205,nfzzm
6390076927,qtwqe
3197216593,srkvw
7505832476,kckfh
8651286913,izfmz
3601743624,colkr
6778702345,cjuta
7399647251,pixxm
9285397451,qklom
3882887687,rtijs
3159305593,dojhb
8980322670,rsudq
5542475224,zhoux
2212891187,tjikx
2527370693,fnuaz
8806493362,iabnu
5988006591,hqlck
8645351446,ulvxd
5127021111,rlgiy
9636807515,weyps
5932382133,sktwl
5006014057,rvoxh
3642171566,asopl
3613906981,kbkjn
8020066834,gndoh
1850755113,jcvuh
1506324079,bmdpy
7213267313,ofclm
9502378276,uvfop
8775078785,gmgig
8554261289,cqcja
9809939975,xmpjo
5280159156,bygbo
2590999487,exuzi
9045953412,bbmdm
3231002006,gsxsm
4114156663,aanwc
7444418845,nnitv
4205448456,bzuin
7543021511,ekonw
9081188088,vjace
2097517016,ovskk
4565469296,skwtz
8660617785,iuicd
1862498025,gjzsp
9226133766,zsoiv
7006459785,eqqjt
7728060149,fxzop
6428865848,bzajm
8002265183,hmjsp
9633125584,hrqyy
1557424789,owihw
9631549480,xwhng
2815123015,xezpm
7478839426,naviw
9311705233,vrsrx
4485165235,hwevi
4136117491,rcbts
7498309410,ycaxn
7192433235,rqnxy
9892061245,vgvyg
2408075965,mtenh
4211989078,nmhik
9405472448,ngcij
8478864063,joijn
3934016199,dsgnc
5304097271,uoaok
5169698914,qlyul
6430970225,kyyul
8702768285,urroi
3650897229,uzcsg
5917003541,hjnlw
3928278915,cchpj
5131237891,sjpoa
5155519325,qktig
9490391459,frdmd
7697751526,vrciq
2463619535,fvjox
4112283014,cfhdo
9475153688,qcytj
8683625076,wdckq
5452208978,iqkgp
2557057929,vewpl
8128364113,hquon
8253198067,ejwzy
2358001246,sjwjr
9550115674,uppro
8169458797,pnuhb
6300769429,jclyv
2178681713,pzmvb
4645787131,jksvn
7984554108,pzquy
5734456741,qczlm
9068797298,sxmwx
2513773908,qlbso
3577137190,gouit
5162477373,tmgew
7718865503,uduvn
7545504790,nkwxe
5057961673,qfthd
1415351267,wmwqm
7218820730,bnedg
7578733912,buzwr
2910634586,gjeuw
7457223751,xaedu
9080587076,fendm
6383889924,evmqy
7180941119,mksaz
5337567051,ntjgj
2741393401,womki
2371116113,lqkpn
6877159091,wnpvj
2197636697,xydlv
5760668481,telqy
4594263197,trufv
8284963788,axshv
6481090369,mdfog
1794609443,kiidi
6745484455,komui
5684757676,tehjg
7126576184,rzrjj
1423511184,rlbgb
4509944460,dsftb
7730368952,fkgln
5711479063,lossc
6249321954,olpyy
8091101081,qotnz
3943049486,hzipr
2268495289,vippw
7615911096,dtynw
4841017046,yvvep
7878225565,niobi
9937753663,sfsvx
5371572687,pdgsf
4615742407,cbpum
8866769163,pubzj
5492577197,dhkdk
8958310776,napbi
7225300887,wxznt
1393243854,icevz
3538162538,emevb
2228456339,ykizp
2016502460,wnphq
7266493188,hifml
9414913996,wxmdg
4624283097,arssj
8831764297,ogsdd
5509701426,emchu
8950767207,bnozc
5183192411,uomoe
9703313184,wmtpj
3663352461,faidc
3573382242,avrpw
4955592339,xtehp
4892459697,gexcq
3731137300,ypwrj
2436122718,mxody
4533203909,alvul
4614186371,qpikc
6125088095,zmlym
3952083386,dkpfg
5630312194,ewjqw
9825610644,ayosg
7377562163,rzfae
5544597939,lehgt
1865819705,eoktw
9026905703,miytv
9368376312,vmqjs
3625892739,djyxm
5682345076,apwjc
3957032729,dpfps
4341681636,dbzxh
8057395692,scvae
7468359099,lwnoy
4206303227,tfihc
2283127932,azujt
8051519758,inbsa
6835340491,vybvl
6364307752,fxrqh
8711429866,birkz
4971047992,afckt
7601611428,fjvov
6200615071,oqpry
3886140409,qspeo
2090276108,xwkfz
6889424205,zkxpd
8260878988,zjgwg
6018699110,krnbs
4770179321,wikxi
5864963167,ldpmg
2568439282,tquej
8011754885,awoli
5162097965,dpfal
8641706585,ymteh
8318673819,vaokr
2845518516,xbkxo
1976263926,trwqt
2128596622,dopaz
2978901368,gfsjc
2880384542,luaua
7829958384,jrosw
3172794802,oriwv
3065185211,zjazt
3734100812,dwmao
9681863113,uvusr
4465439210,hwbxm
8020961939,xynht
2764871077,rscux
3488036482,sllkr
9552416822,ihhel
7642573024,xmilz
9519968933,tpmtg
4729173054,cbisa
2054154784,xljmw
2001764231,nvyyh
4788107586,zilig
4310871826,dyoqa
1970089614,cdcsv
8472653861,nyrlq
2341393663,nybkl
8772895933,jkrpq
6571081368,emlqv
6256764987,ybisv
9091836086,ghbgw
8319278496,dpkyh
4951544958,tqsgz
3609301512,yzoxf
2034522644,zfivy
5463936312,hxquy
4012650142,rqpvn
4540007482,ksoed
7632093002,fxczd
6605572632,unapw
2189131280,wsidt
5037237308,bwdvq
9003740213,fzuow
5374923845,oydno
5495674794,xvtvi
8143187007,jruje
3679321931,rjnnd
9703626169,xnsnr
6173709710,csckl
1877743818,shimn
1214052360,cdgxg
2081580616,pgheo
6813894187,ukwrj
5576443994,hyblj
4565943295,uitox
2801540184,xwqur
4409084467,snxye
2194698138,bljwu
6117376937,mryla
3469180313,mpacy
7729499096,zkagc
6927248808,tumhk
2895612248,ocgsx
5836435298,mimlp
5556438646,wbmig
8747414131,puyvr
4326429187,cdujv
7187550761,aixzx
9522846348,zihgr
7526990734,kudcq
5643459026,owcot
2959454437,kivoq
2388988133,qqfsq
2306904568,jprxm
7301860067,hhkuk
6989655477,esoir
1885972908,tenlg
1512981881,zdzxu
1484728010,sefqj
1235762778,tuajb
3874824613,jofka
8149484929,fidgm
2518339521,rlwgw
8520542540,gezal
3836176026,whruj
8026712220,ysgig
5811457511,iuowz
7587260628,lnvfn
6090425028,okfha
5733659760,occbi
5567697730,jaupb
2733090293,ouhmd
8725930555,nwocv
8049229032,nlrsf
5703164945,pdlta
4233374159,vswwb
2732492085,mcpto
5279521769,lvype
7651161770,oyrgd
5428566723,mhprp
3388794396,furbb
8773850303,naxzx
9852396145,kctyt
1225756642,xmmdy
4767117220,hshhp
5791767172,uajom
2708626628,sidnl
5579784879,efmlp
5943713576,karko
8649844270,gfrxi
6659685281,gittk
1025661818,oyhuj
4238219963,kqvst
1517372485,hdfhd
8509520225,nfwbs
2489391874,uqdgs
7817237445,lmdzi
6449465343,ldqiu
5070889827,dnwzh
8901031122,xhasb
4402528635,lkvpi
9591768767,jpxbq
1053712789,rhezf
2640202279,gtjoz
5521358553,ejttv
8744113455,jcqye
1338239946,szcdd
3608902011,vussb
8633307658,aiqsf
1533480213,zvddk
5087618171,gajna
9490010440,bivge
4180342143,vtzet
8838978588,hoixb
6830566379,zbbzy
5588091655,wlzsh
6195608826,goeuw
9927406431,trnxo
3892605972,eiaex
5713661406,szodl
7942600999,qyvdt
2085004529,megvt
6349052847,soofz
3755336452,zjime
7092322094,lkfyr
8924681229,utkdh
3885532202,bzgbs
9390532802,illzv
4465726319,vymyf
7495905918,mfwik
4139374172,kzujb
4214860488,ftdro
6701251524,hetio
6329533067,loccm
2836671864,wotyg
3555617430,tkxpr
4674853907,vrspx
3026731232,omsby
9865937197,lcjsx
5265800666,vcazl
3276481965,dpdhb
6067632869,xiiqm
6850309048,nzocv
9148038904,agjfv
1214085935,gxcyj
5175458845,meblv
4286624509,tsfre
5955946644,nogqg
5235136922,fytvo
3502589383,misod
8841226921,cjrse
1768417616,kkiyb
9301476378,cabvt
1717466724,ethhs
6958991032,qvfej
9310048352,zjxyj
1894414577,cyhig
8263651144,xcdue
7494379866,iaush
3278937727,uujvr
1800971562,cumyj
7518554333,yusvg
7236238899,oczfn
9976282223,qbmta
3830226112,ltact
7865162674,rlvpy
4509509839,ykuvl
7358058751,bkwfx
8098685622,vhvzn
6147482272,xbiym
8936602045,ilzco
6599730533,klxly
7746430895,zbjee
1972256746,zfdhe
4400266698,cjvig
4834132012,nfvht
7330435111,stovu
4110386669,gxprc
2541705155,jphxz
3953883052,xhahw
4766390924,xxani
1153768569,xelml
4736009678,pywkv
5262825673,vpsba
9990816092,cqfog
9994199103,cyvhp
2780024675,qgosl
1799822780,rkfme
9121023536,apura
6696108778,mhorv
7353976503,mloud
5913673781,fltfw
2419904191,dtymh
1548225896,dtutp
5379453547,vxpyk
7153001869,jsebr
1072430098,klaas
5996818142,vrzpd
3990374938,pkzrt
3780121181,ywvof
6326969553,dalva
1525081659,cfbcj
8838750910,jbvws
3064637728,khhjb
4892953655,oioah
4431504214,noaqq
2478161629,cqfpj
8297622414,szjew
6047131975,ftleo
9464840929,ocgzq
3712269951,wykpk
8453038056,gxhgd
9981853846,wscns
7592051108,ijoiv
1512841379,mcjce
5732423924,iyfae
2161308456,quoes
1873580203,iepql
4315809081,pzjiu
4732533050,uvrcq
3223254876,nlrbc
9770513024,ebdht
8277455117,ypbgy
2849503051,oezlx
4079421247,umfkk
8106727017,iiutr
1337971137,isnzs
8024228024,mfzmj
6497346144,ixsvo
2660293505,uhhnz
6314346917,lqmrw
7728709148,yorvw
8442063754,abyic
8202645680,fqhah
1721383410,omczb
7810687433,wddry
5040682760,vllfk
5366424846,yoslt
3422245461,iwfqr
1839165884,crsjb
1043815544,bslgj
7036536963,xqeox
2274209964,ffbpg
7556057716,pwfye
1884116515,wmnqx
8770243657,qwzfb
3110088182,kdhqy
2810837476,yzqzc
7522589212,ddoqo
1200088271,glnpd
6427926910,bdkto
6639596051,vbmbs
6077568468,nrgns
6085206540,rbdeb
8178178955,ejlxc
5131870550,xtcou
3307450146,lhmzj
5321142118,etgwg
8981747068,gnbrq
3481870505,tiugx
6812472228,uuqjk
4490548268,slfbu
6867401246,xbosa
3983482438,qrjjk
8063044567,olrps
5483189093,idwrl
2292865232,hypsc
9885764812,dyzji
9836374732,gnezg
2436359132,coxfk
8479752693,wjrud
6289767758,yitgn
8025533318,ahkfc
2099228136,hvlqh
4279399318,nmdru
1912386945,eedxm
3126163092,onfjh
8966160418,jttbc
2086941948,wdksd
9367858946,eowoi
1358071181,nbfjw
6644332616,bitdi
4939576870,vwtiw
2526501887,nskfz
1044043226,kxsay
6694597970,ncbyo
1509253382,jnmyr
4619671576,chqrh
8321410918,cwqva
3229235202,tmxpq
9780932293,qkgcy
5828589952,vszch
1902037689,ogwjs
5665367241,epvly
6477860184,hjktk
7346699740,ghjfk
4031244455,aupix
1656275618,rfjbb
5952259960,yzqxc
6423278964,wqbwe
6233999067,wiueq
2114214657,wowhp
6397846830,wyoeh
9740194183,znprc
8155160285,wjbxe
5810766737,oelga
3370730614,wxafo
6387044237,mcufy
3800997565,ngbjy
2537108507,chsii
5559793082,rirrj
5858814289,uixva
4984967469,nrhws
1199556177,vrhhg
3912237868,ztyep
2681504165,cgmjl
1917117182,buvss
3671903987,hrpaf
2614906222,hxoph
1561582391,wubrd
5969296768,wyhji
4829065738,kzqyz
5381049357,oilng
8193222257,icnhg
4000434788,iiugx
5665331414,arjko
3331597727,kxhij
7820416667,iqttl
9297546049,trzfp
7059543099,yivey
2020380802,nfnay
8397003040,xetuv
5887652607,vavov
2373875544,hejno
7660571434,xjnfi
5086352089,aumjf
8329999692,uzvga
7740687172,rllfk
4595972583,benvu
7082675392,iwnij
9493961173,qlbks
3364246681,qxizc
8248486648,quryg
3728477682,upsly
2674505921,lmvtv
3842902000,nkger
7620853536,jiwtv
6270914626,fsaen
3249344279,ryifd
2396099841,vapfk
5250260070,oqwrf
5758884036,qyoqn
7270421875,viozn
3333791144,dbvrz
2405369641,kpqir
3390330671,cnovx
1930541680,ftkpf
4510426473,wzjst
3569528454,dkquj
9425351253,gzatt
6107904493,puife
1374393115,xbkkq
7937234621,ntwtp
2759151185,pcaed
3632941727,kxdfk
2510890266,zaafd
5169850383,egxis
8073514766,kzukv
7711192707,hvkly
7789788347,mlfmj
6370585670,dbnms
1008501501,zmrjg
5431354146,sasll
3723479737,wkkpe
2377963440,raklo
8353004987,lkwnm
4437560352,wpvfl
2425682350,vmops
7106357040,cgmmi
1399128547,eedge
3801358732,acqbj
1610847316,uwxmv
6753066305,jvzvf
3388317704,sjzrg
4888125668,cymxz
2206942733,xtdho
2075147507,iurtl
2927760954,onpyz
8952191111,xfpap
3871924094,jodir
9741987532,jnmjw
8554602775,zernm
4229688430,gyoih
9130807169,wlqgv
7889173983,hmyrh
7454319739,hixqh
9331156435,ecfcr
5707931375,qxbai
4725001389,qmvkf
6485792098,vzfkm
2773660499,lmcgh
8893868360,hsltz
5676236462,huguu
2469094971,dhiyr
4024793667,lzugs
7324004619,ylbed
3439723964,ahwfl
6732344436,rzcyn
5229576010,vbwea
8506264402,axmvy
3570085078,wbizt
6785043800,snpwh
1534347308,jbiqw
2416751791,aruwv
5363708374,rbntq
1844257099,dvxlj
4549548741,oumva
2917066385,nsbes
4169831489,vmfef
7994992956,gbyvx
7123607824,iwonc
9983974086,lbykr
6865071423,tntvv
5176141459,fcgru
5518595047,ltwgc
6277151138,xdvxn
7527895968,atldc
7258286327,pybcp
3431775053,tbtzn
4312946593,fnhpg
4766360802,wjdgz
3093847129,rkqvs
6062906583,vggfa
4299085127,hyaty
5432555700,typnf
9023700461,fuocl
1027055805,kcgfp
5049130004,tqpxa
3587349305,ifeyi
9296362199,rlxxw
5343060472,zrmwr
3266463993,idiur
5776894314,nypjm
6470171905,fginf
4460171922,tmgas
3063451701,qxpou
7512943573,pxlnz
1337022827,wuxgl
1981648596,bkuze
9122479122,suvno
4039326766,eepbr
5828600611,kmlpw
9673139166,uksqt
3609185489,pqmiu
8550092241,hclvb
6205677637,rqutc
8854037808,zemuw
3032790042,lvdgx
3689051572,cxlbk
2162497734,untnl
1947583591,zztah
5525941582,bwpzn
2272037886,jqxom
1456658773,pyqln
6218072828,vnskr
4835858962,jlzpu
1905502384,eqfui
1892350361,jehzb
5767061700,mffxr
8246595758,slwwi
6188854249,wsywm
5145593896,lnnlo
9540026390,tluua
1563109929,swykl
1597395724,xooaq
7474236010,puegr
9718718445,uvfjp
5955208062,zychr
2304928475,iyvdq
8007511784,utklh
1298084792,llebc
4049691595,noyzt
2065819087,jbzks
4872059724,reykq
6741691842,lmxxn
5558037021,gnmsj
1401446886,hgjga
6664649628,hxhgp
8563194878,fngwl
2283113921,oqaqp
7129949550,hjhjw
4230179894,cvufe
6447803797,tsjfn
8362146350,sciqq
2111841909,qjhnr
6927657659,cbsmg
2376405861,rtqwq
3373141775,gpvzr
7910558456,pxffl
2731227986,hskjo
1589055417,nrnfw
2522779118,jlefq
9806694847,moryx
9169952720,vadsp
4299472233,xhiak
2757540641,bjuqf
7283948010,oqqsn
6539747287,qxggl
7133604853,ctzmi
4825789407,yjfcp
4016166287,waiea
7818691463,ruupn
1466909606,iwwmn
5619582249,szbst
9635660436,fdsda
9401018064,uialq
1762064905,xqmju
5991135195,ndpmx
2937863452,gibej
9291847302,fagai
5843766707,pnlnq
7888451493,pylfz
5323161508,hfhug
2703233247,lcchm
1467165338,czogw
6492194613,gdnqe
7130709005,plqol
6383515695,etpoy
1960171531,ajrdw
1623969689,eytdc
4351145923,xyujg
8856141460,atzww
4116001381,jatqz
5630458137,homem
8503613147,vwqnt
1633427784,xnhhq
3071494965,nfvyn
4362697893,bljkk
8761676744,toygy
6749599947,ayvrj
1426811538,jxhpc
8040044082,iurnt
3519740069,bjdow
7044749212,jkhor
7563423994,oedvc
2651017921,ynniv
1509978473,voqst
2190623878,lcnlh
3911965961,jjfkn
7722791081,ghvfk
7197665930,yvyad
4525755702,pxtqc
4430437413,bhyog
2985373369,bzjkd
8305421827,qdess
2722286489,rditd
1603015351,jljyr
6221562532,lkffb
8712153523,bsloi
5169029271,rtvvw
4073917520,kufpj
9221850758,phyca
5159978347,hqyyp
7789635626,rnjgb
3402082188,hegvp
2355279816,nshvy
9795497710,dpjzf
8644144982,gzzmq
2513798985,hlwbk
3711786914,lkmoq
8870754991,dyisi
4753342612,iioal
3692973518,tmnfn
9929348571,jafuh
6800913461,dkmby
3970720964,jyeux
4143203916,xdokd
8765799422,enqve
8563649266,dalhv
3507263867,kbroe
5438361242,grphe
8685769710,mkflw
3142361956,pkffa
6562585401,ynsxv
6704301949,mblfh
2269644295,bhqrv
8311756706,klkqw
9587290834,sggwj
6556650965,grhzb
9850303412,gyzen
7760128243,ldgxc
2417474038,ejhpx
6444051221,lzsau
1043888344,qsvdr
8094430230,npleu
2862319071,doqhc
7774781410,ppksq
4843541150,saooa
5814866438,ittmf
2748406084,akohg
8056649382,iyval
1625128752,jaeom
8875390279,secfo
5366348514,bgljb
8066705159,nnmvh
9739361426,vofqy
1270810253,mtkgw
8686839788,sscwx
3886932613,hecdf
5926942559,zuxtq
9935972535,cqosc
5456506940,asjon
7632321999,zlaul
4222260208,fgwsn
1914803108,oxjwz
9695106233,oranj
3377989242,enngv
7599249232,jskrx
1470341149,uhvro
4964323584,rnvfc
5305205668,anxcl
2101789222,hbjoh
3062572509,wsyfb
7685946884,vxjmt
6290748000,tzzyl
1295660623,ohzqq
2193982088,atabo
1458412761,lieso
5378077367,hadrx
6319808302,hevsp
8624771306,qbjya
8567229584,fgtpg
8952941637,jspcn
3075496497,mickg
7726579037,eceex
9328306610,ohabz
1927389414,zhnuv
1165064365,ofbbt
2343938463,cgshi
6463853981,ldnoc
8950413147,ymnfd
1569548630,eopwd
2021795682,pwtju
5426570792,bvcqw
6072569885,oisdx
6181728830,fzbxr
7378993045,vrkmy
9690718500,gkpjo
3226069310,ciapa
4615956291,uovsf
5353961724,weegf
3090195995,wkcpy
4078664946,haypj
3590396842,twpor
6769360588,wuted
8958612180,pgnff
6943091847,xhmyi
2466102476,jxstw
4812396711,uzdyy
2638266622,vrmon
5704121266,ucryq
3649177710,emhqx
4855271326,ezlya
1674500156,trwny
5282465182,pbyea
5709044609,isqzu
2543449537,qelun
5336670159,zzhux
3259546625,ifcak
5217583935,hiwkc
4466776290,iejxt
9154645396,sflfz
4562175830,sihff
4975184268,txakm
3120379739,emzmd
5537673440,bgjyy
1018088422,lzzla
1792866866,keaen
6338976949,cnnpx
1427765166,gpfts
1718156974,cxgvh
4368351518,qkgbi
2355442920,wxmhz
5302620784,jezwq
7053240097,tklrw
2142784939,kaftr
4363858687,wowkr
7167623299,ibpye
1220526473,lsawn
6293048698,kixbk
1205590609,ziuty
9312028901,jnsyx
6525242006,jqfqr
1920257579,vnptz
1498561809,rxjkq
3658094282,wmzas
9269498837,lhury
5950600996,pacvv
3688719555,yukbi
6430354997,jzkcl
1986078788,gifuk
2793193603,rfdyu
7576998251,emphs
4891550738,qqgub
9612499416,lpqxi
4217945391,dgqnl
9224907595,oclmp
8983203997,kzknp
5786740969,zpdpj
3783936389,vnote
5248035053,gwbjh
2455672048,txhfd
6474886201,ahvkf
9978163212,arxhc
4328348139,vlkqp
9984729717,okzfj
1148038554,ahoer
1363419970,squwt
6958604855,wwesq
4250687237,qwxsz
7762098680,nptkj
7110928974,dcjta
5641885622,znydp
5715338151,psmid
5187702238,qzxzn
3718771685,nzntv
5037550331,rzdeb
6136680036,ujsfb
2921439011,nxbfe
5289227045,isjrn
1265229644,mgnig
5668133353,rpxgg
8179636946,hakuz
2322919591,ybhye
2682943590,iebbi
4154799448,lbkan
8058165764,bendk
3424196762,komre
4320970328,pgewl
7847220397,eohck
8962176459,uqfcf
3004594621,sdfsn
3470756760,xwwrv
9717489075,vxrod
5110362988,bvjor
5000702312,mtdxs
9599133606,jdflo
4794135282,jzgmo
5485752025,lzojz
1874605738,ymtcb
7850046068,fnlhb
4975855772,rtsbe
5673921174,srlej
3341064595,flbav
4193979686,kesob
2167025898,segsi
6348969851,sktgm
9144611167,okumq
7116132259,wyijo
9435040190,ytqzr
7990800621,uzead
2111443140,kdton
3563244207,vlmvo
3500658408,iuaux
8270282035,ounjm
1272583184,zoflo
7590480979,nneyc
9984956672,kyfzo
4525349068,aondi
6885422153,fkhab
1018535044,yeyhi
1561576308,gozkz
5626466202,eauoc
8659087101,ejzat
3491490754,qvpjp
4788443558,bmnhc
9588815426,adzsj
9322544193,ycfdp
6702561138,biytm
3526205684,wstwl
1942735329,mhzet
2438148120,gmqch
3759257309,pommf
1737600049,cxqcz
5312548196,hjiay
6716409043,bxtqp
9489680681,lxceb
3860341312,tathd
9157062649,qeuiz
1715738702,suyyc
4310086312,aqttu
8854163817,mvvyv
5933359753,uqwrs
7844040571,qgbiz
2316059070,znryr
3619898363,wcveg
5117665222,vlygl
8402816414,pojbi
2215163313,fgfxx
2718092269,vsqkc
2739419021,ushul
4804791249,jtifu
5428035576,rtykw
5740459091,fpvdo
4250542997,kaouh
6313676207,auiqo
6193455149,lbxso
1222137297,ilqja
1174545990,iqkpd
5950319666,dqfok
9060388977,ltwko
4742927705,abyrc
3197266352,zgpfu
3689887567,idpsh
7528850587,jnnik
6373484973,jwnzo
1485533075,vusac
6048082446,mdrhg
4972604425,lskzr
2552918597,uhztw
3615315833,wmsxp
7453793184,pyhrv
5794624390,fzllz
2012566607,qhslp
8059004438,eosnc
1959926587,ovyxf
4430969444,shpia
1675959344,dwmea
7280025799,ucotm
3211193803,fmxlg
1549689179,jqvdo
2197696438,iidve
2684879200,yusoq
4679695143,mmfwj
1612707397,vzoot
7335806627,uraad
8763633313,joidj
7621439816,aetct
5848289123,gudex
1170217613,jsezj
2482921519,nqdmi
9815025176,etssl
9045006192,clbds
2276474062,xwpqb
5385360431,fkwwk
3059013429,ekynv
2771945329,akwry
6512476010,cuufn
3645970826,widwf
2898466334,fnibk
7072130690,akuhv
7908106337,ebuzp
8588145987,ppieb
6111137636,eiyhw
4096992940,hjbmc
5276159259,kkcyu
7384402221,ahxrq
6800624739,ebmdz
5658450590,zklgk
8423026823,mikrw
8168303502,llqsd
7280009502,ovxkt
6553356919,eruhb
4040558188,kuxgy
5647225360,gnvns
1813141306,wmugt
3577394365,idone
8341957908,ndsuv
4783627732,xcnjm
1969550947,coyqj
9806300214,wfbvo
4258303792,hocqa
9460283122,pfkpw
8506934598,fwiye
2420169775,lobwt
7436971814,kcyni
1560742301,wpopv
6663082621,lsmlq
2253279946,mreay
1907793857,qjghx
4059783675,lcogs
1508623506,ouwlm
2776257803,rfjlk
9827482138,bdlyf
4150940351,btsrw
1431426110,lcgtt
2113183961,ewftj
7420332419,furzn
2851294094,ezdpx
4008342150,cdzit
3938520742,wdezo
3045942594,mesyk
8243503356,skjeq
8660655283,gkasu
7528919510,yjefr
3468057574,tjxeg
8945932402,ocnxx
9764058062,vcyqe
7026752094,seyox
9254329441,zmjax
5722637273,yfnba
6061710122,soioi
6276773145,fxgok
4923074065,okoxy
5708485231,yrfym
8882327543,ytaqt
3745812483,wdqjm
1907024028,veaxf
6230579507,pwefg
1857699341,ltetw
6312015142,vahkv
8433710503,krwox
6685756882,bvvyt
6916848113,gvllh
7911450288,ddyuo
7416812356,muafx
2414893712,nucuk
1921904325,vgwke
3678560737,mcuua
2776373315,beokf
3267525619,dxmvb
5232319343,axfrh
2837256885,brlwm
3097519596,mzenr
6491237246,laihj
6345142690,abenv
3584874660,qmjsw
2819654221,xkpvo
8995536899,lbozc
3596769161,kuatp
2374542884,mxpal
3855079836,qwxgo
8944316216,enzck
7283669703,ugxbc
4860363906,ypumo
6029813678,bhucj
9460800613,kcpke
1981428157,fhysr
5056307687,kqkmk
5293409078,bfdzx
6676753044,vlsno
9833248101,ybwsx
8751673302,fgese
3446091544,ihcbc
5228609084,yttzr
1148814577,jxvmc
9585030577,cwwqy
2282801514,wsfdb
7490299588,pnjmu
8609904039,cegfu
9990563541,yklfv
8543942878,eccbt
5718476563,nahxx
3706206893,smyjj
8476552490,zdjja
8305593626,bnqmt
2804233244,ssvbl
7635719483,rgnlf
6264000574,cnict
8740130441,bpfiu
8677755702,otljg
8322344594,aoqir
5759453186,jlwup
1624669958,mlfif
9094689536,osxhn
4520951352,xibza
4188677311,ytwzp
9002909574,rybsy
3887532612,pqoej
8368690263,likvt
6689965231,kurlj
3433519261,qbwgn
7841995166,vlgtp
8721314734,fxlav
7744582339,oajzh
9199497157,ogbkj
6603052041,sqiyc
3652918795,iwvnq
4674039187,sqpqb
3188165181,vpgrj
9563394831,mfvcj
6264461756,rngqx
8327429773,nhopl
5740858275,rirtq
3972039678,qzlpy
7525917471,hgtiw
1074951705,usxtm
9675544086,ljyzf
2471666136,czlwf
3730727476,yzvty
7835237970,xxqpf
1516708979,lstwg
6570624118,imfye
1411293474,biuzd
2535016608,xwsmc
7209877303,ywyot
9776721054,yocka
4776047655,oenhz
5138601739,sbjzz
5714081186,tevxi
8102692697,mquir
1740138200,qojht
4053707837,nrzfq
3500446137,fkylb
8243612397,mvlws
4252601727,crwqa
7062976308,wqvgv
3383374637,ajvhh
7337518920,ghvwl
2658801527,znziu
1667144934,xslfl
7571571312,iedhb
6282150084,gnkiz
3079715723,efuij
8563742194,fqaaw
6577354210,pqveb
1703073258,royeq
8774645267,abeah
3976451632,qmurt
1960725847,ztbzc
4308345697,mnqig
6394804199,qxyht
8160277244,rgqdm
7972084024,cwgeg
7016055466,ujwsv
1023079078,iodqy
7194030953,mynee
4278646288,owsnk
5942727127,azlhy
8388942764,jjbrb
3862091982,jdate
6616097113,fzuae
6220814909,elass
4472001054,mwgcs
9752079303,wyuqs
7507588630,uxbsz
4400832466,rpaut
7776799109,mrnwk
1554544162,kujlt
9281963517,wmbik
5469612605,iolxu
2509922924,gnqdk
8455179525,wmuki
2112959748,jskkg
4896287112,radcs
8788341462,cplcp
4189853609,kwgig
9513130947,syszs
3548952271,djgqu
3873461728,ggfus
5898030772,abckt
7913714926,golts
1745841183,ubzgx
5583073989,rdslk
6399355443,qfjam
4980120010,crzwb
3204702117,glcjl
8914355822,evtwh
6600004624,rjvuf
4114292357,onrxd
5480114530,aften
1877016045,hifds
3539225564,dpewi
2703250665,nkgkb
1507854845,tvsds
4967246774,klhgc
2182058427,frsux
6814453280,lwcum
2028621946,wwwkb
7099695799,ltnhw
5397055793,gfrss
8938807933,burxq
9887311302,qtlvr
3768977362,wlbqu
9540503244,gpjlw
3281818381,fjeea
9181668192,xecnv
4390945413,sevsc
3977359586,qdwpy
8989256402,kuium
4809877213,qhnpw
7340008052,vppxm
7577818495,fuvha
7918976630,yjjqe
7501201932,kzkjh
8483046466,mrlgi
8012686657,ftolk
6034376219,wkumi
9133482525,zdeyf
1483117652,qweka
5843652248,kqmmv
6182105382,utpsx
8411500182,nfltw
2565181443,rfwla
4597715720,hcwyj
7188378634,wawji
9943396708,koeqe
2601669289,ndmta
1366853380,maowg
3466633513,cbljm
1230047310,myuiz
5826349738,ctxev
5432898966,mrzzi
1238076443,lfwhc
9340102784,kxuze
4066990738,rptmr
5546667710,yavxg
1121217032,kfrsl
8613184024,koyqz
1884956310,zvsgc
9103423402,zpvsq
3922447534,aqwje
1769194572,eayhb
5430301508,johdg
8113636640,hpyva
2791717356,fvufr
5241185902,lcrvu
3530324791,ceycw
1003830129,dzpdu
1221299504,gusfv
4524117291,hrhyx
3184139413,emzof
8823795167,avfjb
8850948804,xgidk
6569160167,ieexv
3661849676,dyjoh
4487515131,wnsws
2388492106,gujia
2452379646,bxgmw
8540076622,tiqcy
3333088197,srblg
6751237676,ezgwp
3979479507,mimvp
6444924783,boogs
8140303997,fdakt
8091470999,widyp
5015791218,brgxq
4009275741,kqztl
5278518602,sefio
9987564553,ybpos
2125074359,iqskp
6935210131,twjel
1473273495,wuyiy
9358918114,jgqcn
5925642499,djpxj
2133715933,zvrsr
2669249810,lnvjz
1991045934,gisdg
3343687034,mtuno
8524164539,ggquh
1366388744,wneby
6951168449,ubjiz
1566760614,shtft
4967020361,jfrbk
7175368296,fuucw
3873488561,bwhuy
9612765797,opsbl
1560890054,jdefa
7945440931,xrwdc
9132916093,lrgis
1535073815,cmaby
6552991278,wqsgc
8942821604,brotk
7970154483,qkdzu
8485970558,dwhgi
5767410732,cxzzx
4790404815,zybcp
6575595874,pgvap
5379451786,isogb
5878271990,bxqog
4478823603,akqye
8046938732,wrhyg
6856132379,imwfa
3689305181,iqmcc
6899519794,ynluw
4908147210,wzeww
5878792674,oghzc
7179323659,owbcz
4524768881,xqlao
1738162615,lbjbu
5360342410,ibexx
4244527672,tatkz
1555642472,ktvom
3385281691,djlsx
7787543395,fhjen
4517639615,gfhwv
4888422271,hnipu
1170305598,yevzw
5255104483,mynsv
2488579230,yzpot
6395389650,qmosh
3136261324,ckhor
5502279166,jjelb
7637906420,jmkah
5411482584,yqlyd
9962689709,lymga
6931897851,pfluf
9836375932,zsrkq
5579265474,sfjft
7553652508,yzahe
5958015509,qmlop
4021110072,tlffs
6494495268,ludvr
7627295826,einky
8961653224,jrkbd
8761486191,sjvru
2803204727,dfjon
7627741538,ymtjj
3893896687,srzyy
9980023680,wnnhp
3659127980,svpjz
5988758150,oewjp
3019463753,etxar
9260062084,qwzdo
8427111788,boodw
8488202164,kezwk
2142923563,oihba
4242808210,ujndk
9530627900,ucybr
1126977350,dfabg
4395648673,kazgj
5001475702,xbodc
6067883498,hzvbi
2357965860,xazlj
2628658262,isoov
5700774002,lyxlk
1809601783,aionm
3428180435,zxgaf
7841269010,bcxbl
7896044720,clkec
7130420790,lzdea
9693648447,ongxz
9401036962,gduve
9026398877,ajeee
9512307447,ijubu
6683542725,ejtje
6642662802,kgrbv
8068405780,scxzv
3426752207,jcnhs
9380781888,zzeug
5447223243,titwn
6627696543,qlpvx
4330550700,qajgg
7892244846,kckhb
1277059983,ybhcc
8125599054,xoczl
9512579038,yclqx
6542030958,xkzjp
3366880207,ofkcc
8320789646,sbvyq
9758599684,dtegg
5484930982,xdqno
2521460158,nvvyy
8391317075,ahoyy
4856884205,lggir
7073676195,lqrmm
3000316903,nnxpm
9552562072,ksnrj
1579277581,ewzsm
5607807733,wiemx
6960804989,tgrlh
9545764081,vqati
5291689819,yxzft
3048686179,ixqoa
4551795051,plqnv
4825794132,tkiji
3149149671,sdzfa
9324976850,qtcis
6267582884,zfwnu
2071473782,yuajj
8534472094,wqwru
6218499901,ossxe
8246203540,dzfse
4397667496,fwyro
1236665690,zjztr
6029303946,azcoa
6781434997,xuohn
1729189665,wktvd
8135059104,ruwrl
3826809323,vpzvz
7290967456,ygxet
6078621685,gbfdm
3238937473,ocolx
3307151690,madwp
4285779475,bkwoo
6564247389,vncey
4663576347,uctoi
3400599567,iunlq
1252349575,mqznq
3724136982,pxkmp
9020626437,fekpe
6328945246,kinel
3411420586,tvfdt
6316686814,dlgsl
7428658050,bpnyw
1893829371,gevvv
2440081124,zrnre
7777768841,nrwsb
1584079701,sbdtc
2122395662,afmac
5026574149,pzzxh
3064927218,gwonz
6151928757,cqxki
4182879272,ibhgh
5518762550,kbacp
9923137018,stduv
9248698378,wpgyq
6276710380,dtewi
7435617612,cmkfx
1568107950,tzxuh
3839256907,kryqo
9993769833,bwiim
1042525020,ystxi
2562963003,gzacm
6993560696,qcxcr
3520113856,xnknb
2771151828,jfjdi
1439493284,ehdwj
4964357961,nvqpi
1853930140,edjgy
3111308592,tngab
9678023804,niqfo
7048847555,ositi
5043968525,axmrh
5862318585,phbpj
2973493842,pmzvx
9080157340,zixgg
8439943377,ibfao
8261422522,mdhwu
5321642172,tvree
2674054977,kzqne
2057426470,grtct
6828615974,rgwjn
4687771490,nlold
5251603053,nuauc
9219473804,oqdzk
8573804854,oorch
9312008834,kgtzi
5319236066,jhaec
6828402573,uggqi
4254071144,rvice
7331400528,afpwg
3072666404,opqcf
5602265556,ghprs
5718350694,bfmmr
2358282128,uygtr
1346473778,mgqwm
9379018848,bbtcr
2634053739,ufzma
4181660052,czmza
8231687102,vedhj
1780496929,oudpg
6835240232,gnukr
7477644217,salca
6258151860,geova
8425447443,vrblf
4262355876,ezuos
5536240091,seoqq
2622158218,tlagl
9577732457,uidpc
2126921605,lkvbf
8623304022,zotfd
5765225567,qmlhx
6247355458,cuark
5603600677,klhbv
7986289443,mxurc
7834205413,sfhap
5821034682,mapjy
5504898085,ztaue
7630465621,iqigz
3905885383,pmzke
7846266849,wvjsd
5463912702,wmgks
6320190351,jzbdk
3527863810,kbmnb
9344730686,vxnig
4844219250,adncv
1744285106,yrmtu
3879149768,pypze
7976179507,hikbc
8751511571,mwfjr
1895201583,cjpws
2498657429,ulnhe
6901091611,bbzbv
4099595755,gntfg
1720005408,wbyeu
7055696359,dxsee
6426036802,ydenc
7844759400,txgpv
1357637632,cpjml
1792885091,hncyd
5392733483,oyzpo
2179810843,lzmla
7617527792,ebnoi
8180825084,epowb
7834379299,gezwx
2987736604,uyiam
8356858259,gtykw
5908798666,wbcxi
4584536998,sgxow
4530368812,dvyjp
6075123702,kotry
9851595505,muyap
7322636543,ahoyd
1528734850,gohgq
7058471234,oikvu
1904163858,wnegn
7359182132,lxjxr
1106356280,mbfkj
1865977392,khrav
5740027368,mibzy
6187378013,luzyt
6021059969,uipvy
7489949250,oknru
9267155513,ppprk
3938523444,mispo
2525658381,mxppt
6305659374,mltgg
3051210361,osnnc
4993458827,nzvoq
4328015314,vakxd
4439698390,yigpk
2422918185,oescf
6686211364,siagc
4110740602,hojkp
9070225615,qaiwg
3645728728,ihroq
7780953553,pnvjl
6013426961,pacoc
1715171876,fhlnk
8542727086,zmoap
1210433316,fzkla
5535248607,pmgxg
2317152804,orqbf
6606185052,dbzbc
6209277226,wsysl
4154145885,kprud
7995105009,khlxw
3662885533,tduvc
4489211249,zohne
3696306512,gvmje
2763162777,fukoc
4972720881,gorsp
4230482827,ctesr
3156044919,pdafh
8752320320,cdmcr
5464270645,hwgjv
1641400304,thrky
4517250414,uskmh
9144962522,gifmk
7490496266,itthq
8482062585,lmdzz
1161114523,jplvs
7621486253,aqduc
9346943999,wwahn
6270243745,dcmlr
7772032338,kvnyx
5692813200,gsjjm
2290400751,svzwo
3555342976,xtqvi
8109483771,dwhdv
5256410749,icyvc
3647389143,kfgfw
2449350207,gwqts
3162258715,pusgs
9538649146,itqfn
8456614199,tdyxw
1432140874,bintj
4838779973,aovez
2108885899,nxtpj
1976188820,asglb
9523549368,fcyfm
6995483851,kloii
3901398410,gfhee
7196659847,jiuyp
8182030823,rkrgi
2777677487,hqsuy
8237217551,vppqt
8275308524,wrjon
4637590709,uefef
5350034256,jrfjk
6484248363,qottf
1306026787,unobf
2909159374,mpbuo
7894374284,ajnxw
5089222663,ljgfw
8539248464,mxiae
1809560493,kkkdf
1657251267,fzjvu
5852316845,owgkz
7759345494,ptzll
6132743180,ayrdt
1544645723,cfyvk
5663151409,sfzlf
6092853365,cwgit
1638052812,ufihn
8311945428,lacqf
3047036095,omswt
6798398543,zppbl
5454628256,yqqsj
8004318103,rghrl
8282896334,htbuv
2360366922,lpbyx
7631526713,zqucb
5342206630,jmysm
8679309333,nacbu
7198545821,rywcy
1934257670,ostpx
5034617295,hbjxr
6812478279,xzkhe
9479012697,uvnfc
1583214504,ckzky
8925408331,adwtv
8009748091,lsvsr
2514895288,twdhq
2103161576,ceroj
8406550688,naolo
1412320578,lvumm
2878874360,vnfpi
3595500807,modai
5549510006,lvrjx
3542689560,tkjdv
2257485920,cmxzc
6886541456,ecqye
3583386048,amzjv
6800440612,tcwkx
2544388367,gewrv
3080553741,skbjc
9144500375,ytwpn
4299330167,maivg
6463424019,smexp
7969840384,zuucv
1322004991,mxrmg
8630995192,tsfpj
1550601457,tvimj
5692561216,mdapc
3820285526,neqbw
3305407555,znlob
7556670474,pmjpx
3999742522,rlren
7643088945,vpvaz
5581224156,ijezb
9708233202,gxdsl
5299242044,vcaqj
1188042535,wfsfd
5933810948,atwto
4895211060,bfril
5793364916,raatm
5314474354,bpsoy
8433871802,ccefg
1943242504,eztzb
8433386740,rtaqi
1443230200,hbrun
9835581397,dbzor
5046181916,mymbb
1692478819,lfqkh
6142523710,uhisk
6087139322,khzug
3242609061,dioqs
9535903250,lgosi
3245754175,oluri
2683767578,chiie
6402723608,xjrki
3149985118,wfxbc
4071757639,dayyd
9870428115,lvcbc
6629260754,mllgf
3279294599,lwsnu
6224539644,nzqsw
6893882131,ejznp
9141794940,vvsxq
3878736072,rvupm
8193129974,wpmne
6402016098,kcnnz
9498728742,lovuf
6038545893,ygqni
4657015951,tohgr
1354037439,ctzkf
3335227710,rmloq
9442839312,mhugo
1188875101,stzdb
8491346731,zbpae
9990013975,zynsh
4254375287,hvfen
6544395536,hqvwc
7336038086,yswkk
4596451757,swndn
9030561306,vuazz
8164786835,lanse
5750631741,whjpf
2766601224,cgoya
6849589737,mykyd
5179013591,urkxw
9969926777,trzkt
9505412794,wfjjn
7452795115,mbely
9854821003,vyaqj
5928358680,gnwcg
2026879296,jgwqt
8512369523,cfilg
2163614785,yynms
3815350687,ehlbp
1332122517,yrtkw
6513460708,short
1287632945,oqpjt
9173548533,rsqzb
6173307974,hmqug
3269714780,kmluz
8073917387,wupgx
7342224239,ofoou
5688033483,qgnmg
3774548945,iocip
3615391679,gekrb
2159064152,ahkqf
4499103851,dctgw
4895370012,rkcbo
8722288752,rhmks
7285978584,ndsdn
2727967046,eoymz
9268227553,ddxxi
2395822328,xkcnu
4486361621,ghhhn
6732069974,xhmje
4407065006,bakvy
4284078093,izcju
6803672434,bklcj
8311468535,ylqrk
7920129766,ughcv
5824066960,jfgmt
2913751006,iparh
3719618461,qzxke
7392956970,sltjo
3351266476,vxprc
7428125759,vustx
2961612737,isbrm
6470891489,arcvk
8257095760,qfyoy
2990342335,instz
1281520613,jyjfx
2835413086,fevjs
9213879660,lpmam
8024881854,wvnbd
8926486309,pcuzl
8427421840,ivzsl
4041218145,zrkll
2328376904,hghsr
1374639014,wgnus
9641088358,sxmlu
2028789269,otjue
7252383695,swach
7542144063,zgcav
2032584191,igkhp
9524882130,uqpqc
2412838459,jvzvf
2177251840,ebhhl
9129231694,bqawx
9883403700,cybtl
5213756121,gmgnv
7265363234,zhvpp
4188049248,zmksc
2742172499,dmnat
9464551584,uqush
7019533168,zipzl
7804348082,eogcq
1065013969,saqvy
4209488804,ojddx
4225655228,zhqco
7333208482,ybjoy
5883942739,jybes
4473069780,tsqti
8947821469,aywid
1856274403,tuhzg
2878649216,nwcwt
5231720854,jgoym
8327004981,uairu
5395842125,acnki
6960135276,gzubi
5952532395,wbkpu
1475866592,zhril
9690571121,vimhz
8106463423,ejjis
9771696700,heakk
7149831113,pdtje
8844880079,ndapg
8391177080,zvehw
3238450071,gwpzx
9775810791,gwdfo
2970267217,jfcsd
9096933836,gojqx
6242402834,taplj
2671601202,haemo
8764220351,kepvs
7448104373,gzmhh
8808242905,vngxy
3095699605,oormr
9752822608,tfvfs
9526294528,cmzli
2291408423,etdfs
3060865192,afjvc
7239459818,vnuvu
8950815191,guaao
3647984878,dpyvo
7260109930,dpktt
5344102178,uiauf
2821183287,ukcjv
3488777713,rdvcx
8506236858,amzau
2029362678,uxprn
7604034036,aivqe
4597478517,voybu
3360317787,dphin
3401235670,oscpi
9125990055,svfoe
1398310457,cyidn
8660710786,fueyu
9492862174,beykr
5506899182,hvusc
5850093995,aujyj
3013742387,rwfhf
8863043473,mhpyc
8932698285,hejiu
4047318536,ypirq
1978352625,lziqf
5280371090,gokdz
4843742335,dvvhn
9827937840,zknpv
4201422875,bciza
9166435016,pqkle
5696770633,gofmi
1007150372,zdazi
4658652681,dzaar
4108138092,gprsr
5594248415,tvdub
4623183325,kfrsg
3759875984,wgtmp
6083664149,tqqef
1926560160,stzox
4587141817,rfegh
9925853744,bfboj
5837654225,zxukq
1612962122,nfmqo
3061459173,kfhym
1456143932,jyeuv
5924639040,erdfo
9585344811,weord
8484072027,jctcm
3274636450,ysdoe
9437022935,enoei
9063865381,uxwfs
8277149459,bedow
3129769762,wgbsb
2524312939,baigc
3774211299,mdrku
6808299214,lpcta
9409606075,hhhwe
7986188224,gbxmu
5355049896,yajrc
4823205695,ujmuv
4069151330,pfukl
3822123238,tialh
6747702616,cyjnc
5905562348,jlkiu
4286538523,fcmae
9389415369,pcbio
1134502772,snoix
4503449528,nelbc
3168128886,zgnik
2653929456,wurlk
1462039619,mtkpo
5289760353,fovdg
8202664459,vtjap
8955910830,qiaim
1677243504,ytwqr
2917941926,nxkpa
5213409649,bdbba
3562872912,jyxnq
2371420772,vtzbn
3980132874,gucpx
5048213052,juduc
2035211724,vfuaj
2484101216,finzr
8602846859,vhfen
3608563628,swenq
3253787406,fyfud
8193123451,zyema
6056854414,qgile
4880070423,mtdwn
1976027663,eepih
3495711255,cjvde
8335658766,nabyz
7241222074,wbrpw
1384202314,rpobi
5098164006,tuoot
5117885596,sfwva
6243956317,mdgvr
3307985479,lricp
4213187445,voerp
5072943120,gguhb
5650975443,roqdr
8338215578,juqnc
3379764490,dvjgn
7932865783,smvar
7091364826,hylxz
2641101186,ywnfm
6100789615,vfvok
5342389251,gfftv
2326807128,ynmsa
8569205311,eguww
2306132321,yesef
3875110784,ofrxl
7030768588,gocmt
6452073975,ehrtx
3880269935,hbedy
6813898057,mopyl
8809734413,mompf
8079092363,atsfu
2676306242,tbsyo
7315376550,rxmmf
3953858722,xqyui
7124782300,tfxms
1294360996,pwgai
9255595084,uzhcu
2158891887,jnlqz
6259219831,ahqnb
9636472559,ysnrg
1016975628,awjly
4343507565,patya
1518098199,dbdip
7095896370,kcrhu
4960658962,ghidu
8045955302,wwdzq
7012248296,kbilp
5340080112,svomd
4235037606,dcxjm
1514006853,ixddy
6107285926,oplla
7041147402,dhnsr
4430100457,bhaxw
5127024740,clfac
2081708940,ywtfg
2550170262,wszek
3786713539,zyobp
5357913971,lrbav
2830949091,lydxo
7670701212,ovnjz
2530868156,jkklf
9230263124,qhwry
2496356324,bfiij
5827830286,ypgus
4919781854,hnlwi
1520840212,onjiw
1947032819,foolu
3798425667,pzzmf
1872476633,pzhtz
4746902206,bpkag
4045120989,hxvyj
5264198054,rbqzt
7807995410,jvtqi
3441214971,ublke
5502968332,glvep
5133154139,dbray
4439752746,jhpow
7196230895,dtvuf
4128080008,olbim
7944616018,erihx
4559436953,hgvfg
4308340022,nfmbe
9133219456,vpxiq
3162731377,oqasb
8052613426,bihdw
4022127798,toyxw
5964307486,pnadr
5159578934,jnnam
2414278504,mcuze
2971547496,rdfhl
8541736941,ehdhl
6941832902,qllse
9889696657,bnuyl
8019956982,cmojd
6213264975,qelfd
8178085622,mrpvn
6052328334,vwmdt
1905876507,ypabt
2754480918,admwt
3849194041,pezwn
2640733344,cihux
1157368602,dzqjl
4141082304,eobca
2751041379,ndvpg
6502189053,bzhnc
5183655106,jengz
6478843022,qamob
4117019030,odvgs
1216586725,ppdjj
1026763325,qczdn
4362748948,xsvsm
8903615870,ludpf
1263227391,wquhu
1129575150,kvpdy
9446687809,pbigz
7484175485,xtzpo
2663197948,kasri
7240231471,rxfcy
8574012714,fmqxy
9399704484,teoyr
8075884585,twcvf
4897237717,wsfib
9541773791,ewndi
7174730669,xnjsv
5281445330,grhos
5289481973,auxgs
3969504825,aerkh
2014893265,fvbpu
4156647921,pioij
5074694822,qgfoo
4054405154,fnrcg
5933622662,mfsev
1826628347,kbhlv
3750083982,xzziu
6482872102,nipmv
6063758633,nybqd
2392042214,ztlwf
4797426608,cllpc
8446704054,ucnng
2077484096,jnerv
6380216892,ylsgp
2993948173,mlhzp
9255480593,tpfkt
5099751979,nxtcb
5981144900,uhmlw
2539633737,wfzus
5139672794,dpicj
7057393610,iphrk
3702637696,gpbfi
7041738825,mckxx
4631327604,brqdl
8537727426,amsiz
6731284590,qnraz
3871699625,zcqfk
4409384184,dncxd
7910438238,cnuia
9618496996,mvpsg
7207876336,zxvmx
5125374001,lyupq
6960217405,mimhi
4462879890,mfwdp
3911201481,fjwnl
9240974409,sbnmu
5807980915,wkeld
8374171288,ychvf
3168977037,skssi
7911451621,hxmad
2921964354,zcjhc
1627543244,joxmq
7001682624,quwvt
4239990962,nkpmi
7313833312,itjhy
9971876483,dmvvc
8869696195,xyyyi
2657985423,iqygz
6486627895,vnufj
3641920268,dmhjj
8841508273,rpttz
2121968178,yrdnk
5282168582,gojat
6389299160,ljdtx
2555064874,kyknr
8086714890,ozsjq
4203028187,yisiv
6333429385,oqawm
6211428113,omlhl
8208184177,fduxi
3864235155,ycprb
9437110226,yxpug
6006850248,chfcr
2880127329,ngsff
2227978112,nnrug
1453011554,cfemm
6433596055,gmnro
1547762784,epkul
8868262852,afjrn
8085667210,iladb
3972208501,uuhsi
3379767118,psztg
9058832145,nyrby
3431902101,vshhx
1102099433,tfvpb
9974799284,zkczk
8240273395,ijina
6411941834,kcemm
3149561357,chjwl
1523324291,ynmxx
9356953214,qjpzm
1481615242,dxzkv
7208377420,tdlid
6693032761,nxhta
3796021072,rrcfe
9264228854,djdib
4439365565,uobti
9421312234,txvam
5994706714,qdaow
6288763095,ztszw
5678685407,dxbck
5871114850,dntxh
2097329963,iifsb
4803446933,laucz
8503020036,nziet
9014631638,pzhbk
1737148929,srraw
1903944874,vhwxy
4657459325,gxruj
8126277072,jbezo
2803487674,uswlh
9160221617,zduur
1006730419,wjtkt
2398155134,ejtcn
9690623619,rzqbb
7305615096,xfhny
3981937993,alkeb
5610081285,mplzi
4790910260,rzsyx
7661891438,zenpm
3072667729,gjhqx
4211496503,bgtwc
2901341042,wrsbt
9344398279,xldwz
1139536971,liadb
4677846642,lvnzm
3073419436,ikeqv
2879174773,irhog
3675806274,qojgh
2719628974,gafbo
2317165053,gyqnr
7523169638,slpse
5439572503,rytpd
2925663329,wlhjs
6465607510,kqefq
6525921945,kihda
3731392609,ftask
8757230677,knjww
9068573250,euewa
3213897587,mwpzk
5507949417,naxpj
3468965863,msxea
8792532556,ttxir
1543150893,hoijk
5895073070,jrswg
7657919772,wkwqw
4837646406,cfzss
9066128512,ovhoo
1297261186,brgoz
1086218220,lqurs
6936567561,tzeet
9274110717,txivz
8479810477,rtvas
1101141481,yowzg
5324200834,xprda
9278419376,uvkrw
9825576762,vinxx
2258715986,dlnlq
9560878004,wvauh
2931277124,uvuzu
1626205729,urpiu
5101742003,yltny
9183078690,craqj
2391275956,ptukf
7328347423,ermwj
2604103020,pzihr
4366440744,ejvwj
3327527455,arvsk
8709208370,likgh
3014332133,svmti
3256167640,oyrag
2774717539,mnhou
6560633077,ktqct
6572568705,jypfs
4761120368,ynilo
1624657729,mjexi
4721506899,hxzrs
1727710977,yzien
9079855699,beguo
6573015145,aulhu
9061842374,xbrgq
3491978260,curgi
6309367674,hbxrt
4030653457,tqwrl
2046861483,dvspn
9039382983,jpozk
2685003747,vatyw
7274067050,wbxwl
3003022812,ksxvy
4306520258,etnmv
9616642960,uhebz
9095874240,uqqky
2458386177,hqdgv
3855169895,gqpfe
3897075428,olsex
4182553753,cwofv
9036088625,vsopo
9770215283,xsniq
5692767264,eidhs
8535364083,xqocx
4714811664,ysidn
5723799567,wessc
2432169420,jyrlb
3741473506,blxyg
4012258669,xaedo
5923306495,hbgjb
5064654537,wxjpr
3035983200,wwjxg
7338098145,bojsy
3285631191,xofcf
9716758185,hevtu
7082867873,nwthv
7294337699,eeymt
8667358791,cepdb
2158504501,ytgzg
9840897808,zgvau
7019829132,izihn
4450339789,twaff
2075772371,cmtzt
6899960126,ioozz
7219322131,ebinc
7933534003,uvajx
5713041147,abufj
8006904778,asthr
6471951119,zezfu
6954030131,pybfs
6442847688,cgalb
9011440092,ymxre
5719666998,fvfhi
6471848761,dotkb
1842907002,jctmi
7246718885,hofue
2931670791,yjgfv
2835445138,mvcmk
2759557189,nzvme
5845363183,qxrmn
3118226686,bygym
2596061583,xhgoh
3943599268,kyfps
6179581973,rvdhd
6684688685,iepkh
9320775018,npyrx
8660794627,kqewk
7927203368,czmla
4589194323,vfwui
5858911615,dlzav
1573089687,trfaj
5759105905,ioscd
1632694848,mzstx
5525589059,ehyjw
2571211391,rfdpe
9489235721,fmxcs
7578448628,tjkzm
5987606904,tepnx
3322246254,juxoc
6701420747,xnxhc
2238752326,grjku
8041259581,nbldm
4890595560,hpgjt
2782722616,dfghb
6841531004,sjxvx
2651745746,fvuxz
9364205879,qzqse
9548357594,brvia
3518155566,fycum
8515509219,gcoll
8257652205,aqkja
9851192032,hlnxe
3681372297,mcueg
8560523235,ynwrp
7127099718,xjupb
4887551934,zbrgb
4487299836,tilfp
5885610541,wuati
2725369340,ivher
5614571112,yjlaz
5663274850,llztj
5066375616,klszo
2453586120,rjxcb
3767430159,xsfda
8108949528,ixdne
1204549196,zkblr
7684817426,eatzf
9392032105,jyakl
1695649233,huinm
7165820150,tblni
5046448600,sufvs
3431637923,kkppd
5020416786,gafbi
6591038073,nvwgm
6700488782,tjaqs
1363782567,nndyc
3551778468,vfqxk
8601690507,qgcre
2749629976,etffn
9809095159,yuhrv
5785165809,jmyjz
3675660747,ninag
3280203550,nvame
9693616055,nxvpw
7404177222,zsnkq
7843283448,wkcmd
2094536596,mzulh
7912967910,olrsn
1212106638,xohrf
4621929749,wtmng
1460781805,yipfq
8728132812,uycwh
8535447679,njgib
8234318897,vfxsn
9093098299,iwgxk
4414619250,zxwgf
4459147766,vbleu
4326004371,hivom
6913103087,laiul
3872932835,mwnbi
6536895774,uxahh
2833822739,gurcs
4016916792,ecccm
9669252059,wmfnw
1848358333,zugtd
2571238839,fktsn
8548562483,lvvdy
8388584227,rkmjs
8190593391,mqfhk
3065221402,ipflh
8731311943,fwqmo
5507496440,avkug
7099672567,rbgau
4640205818,kcujh
1608323505,pfree
7171062929,lsqlp
6286471762,qpqxo
3447911522,rryhz
8094184121,dtzrv
9036944611,rqskr
7313475526,gscte
6914602345,wgprk
4654721345,agjfp
6949835841,ukgkn
7974669284,kpybw
4803870750,jkhse
8322866336,lztgo
8233653672,ftvkv
8196981284,kathb
1928447920,uuegb
1982915025,smpzy
3831167575,kuymg
7144764330,qrvuo
9992090097,binwd
8763637514,rglnm
1675605028,azbqm
6565527979,ugeuw
6905109948,myxlj
1392240102,yerpk
2385139927,kphha
7021842721,fgfhv
4128485226,kteyx
6399705613,qynlp
9209765457,dpgok
8996726324,jcdov
8759539535,zybxj
2129077300,eoxwt
9976888106,exgax
2779062241,okpfi
5271482423,rssrp
2514808441,qvbeh
8570158488,xcvga
6304495413,qaauu
5858757382,ixceg
9147140312,bpuqx
7303716045,oozvc
1535012990,rjgqv
4105335183,jnxxq
3545629336,pggud
3291066243,shzsa
2279632020,cwjed
6393095859,abywq
9411632717,ymryw
1161841354,kqjsn
7569545209,ectfy
4056881209,btlwe
4958403694,fwvbs
6584950887,kdwwl
7596354769,akyel
7257349855,rgwre
8292276266,npjaq
8024010673,zqscn
7661128541,nwjuu
9694115787,wawma
9609398686,rhhif
2461835052,ixtpi
7256533165,invmv
5561351870,zmtie
8906249351,yywdv
3922769738,rpsgv
4022898208,alrgq
2678558671,kxikd
7613906187,rzzqd
6380294926,ndqoo
6738228185,pnilj
9749122113,rdpcw
9275164048,prqgk
4778180384,vmlhx
9998312669,caglo
3563007422,tquir
3418541403,fmeco
5825768832,yxgfu
4233769513,opewf
5126942635,waetk
3410568546,jmcvj
1260805674,haksy
9106884471,ikfby
1622650661,bpmsr
5038224701,dotdo
4298002895,ubyze
6019042950,nrbpe
8139092554,iwsls
8621528825,qiiia
7217073864,ixyqq
6856478769,wswez
8807022897,tmnti
3465061638,nnbtw
1394949310,yfjxl
5942556329,uzsre
8669544613,ccsle
4777565964,juxhf
5101799228,jftpk
5198098345,cagte
6188211162,uztie
5841732972,podya
8322249378,wfefj
4181793862,gwaxf
3440614164,sscek
6416737674,uewdy
9598406264,mnrph
2789862734,mlsel
4908931912,yedqx
6661296801,yaltr
8071709012,pelfd
2119445671,qkxvu
7933465364,zmbcj
2623019751,plmvv
1156298575,usgou
1673613099,nalqg
3706814249,ytpoy
6444006171,pjeia
8932795651,fwhvd
3042099767,mnrav
3468511699,vmwhe
8960037847,nxzya
7726226191,breuo
9924690346,tfcdw
8606215636,uvzie
5996941337,egeyu
3904379015,pupzl
7818922810,urjro
3181083279,jzkjc
8003361098,ttxvp
1754964298,ifdot
7188451823,wbxzk
1860534323,zkzkf
3559218222,xziey
6859650819,vxigg
2594030710,hcbqp
9503071803,oeocw
2864172700,gvejp
3263239362,ljepo
9425771738,pffbx
1005059149,icozi
9444730765,zuuvz
9724851855,rmsqu
8346364536,dkxti
1770464208,sqgcd
1686836169,jdyxn
5286014842,aoczk
5592178812,vckvp
8950033701,cgrod
3115343654,xtzbd
5988670944,bqqwe
4719222610,bcgds
5785442212,vgbvs
7427673961,rxltg
9749205013,ixvln
4269346430,gdxqv
9449644461,wysjp
6442223641,jtrar
5219236892,msmxf
6999658672,luste
8124747806,iexor
6908937140,gswzy
6094890174,cankl
2888430453,nzykq
8961987065,msycr
2151686984,acuxe
4009417105,tvkpy
2627999093,jsget
3101354715,jfaiz
2887679712,uetha
8055979408,upazo
7882334920,nkytu
8101285248,iocnj
8419101425,drglb
8079428798,dhedc
6883273197,jxyqo
4492044177,qzybc
4592005435,gdbty
3967297632,owjzy
3982774151,hvmkc
4303028240,jmbjy
1594250312,tmqsf
7895108487,jqtrn
6498525739,yxypf
2412222338,bjsns
3583864778,hjwpt
9727791865,njpnx
5708937563,mtxoo
7876238436,khkkj
2254058465,klitl
7987839452,vodvn
8435257971,ytvix
4091329651,gfqet
4393354841,rwwue
8985586375,nepyu
5282007567,dqbdh
4671143357,vcdmc
1429988244,vtlgj
7128127324,jmikw
1453886166,rhwjv
2325692022,oenij
3395549702,pjcwx
8384789104,jtedc
1878260665,urzlm
1241312164,rowhm
3791705854,jonxq
6669241392,vmlov
8910431845,hyihx
6142480379,cpbak
9119159433,ovvwa
1951043438,euhnj
9642224319,gmoig
6084719683,aipzy
4256198690,zbujd
6804471361,lqejq
1737480574,zzwyv
6384023280,fyypq
5053673859,valte
3997397954,gwaoi
1933364889,dscvh
1058017199,ypbwc
1164632267,uvkku
2009093093,jdjef
1953612678,tagxo
1889498929,helex
5182622058,daasc
8238545432,oumzh
9249721536,phcpq
5857272683,fpmjv
1645045774,trpgc
2511179152,eajqc
9038350152,ccmhy
1473649415,iwaiz
3061127296,peviu
8513766447,cjrpp
6221426161,docou
7068001131,uphpv
8219997673,eruua
9532950248,eyjpp
1089334947,clhfx
5003577352,xwdpo
9111936473,cvzdv
5880247728,rjnxx
8982148210,cmwqf
1680631800,ytvry
4232566887,mbhrm
5459884086,uqaoa
4298250002,fzdse
7144767686,lzbfx
5407615023,txiei
4998725358,drtba
9445748853,dhnnp
8063013019,ktjzl
8600186757,vgdta
1017209506,rnymy
1707978786,kjiys
8468253518,zcbjw
8993303031,nntxh
2557618237,jsamh
5994283110,rurid
9093642930,qszca
1645595208,gkwun
4739259143,nheek
1529464842,lzwhh
3513259923,gadam
4512964763,ogtog
4111278329,tgfmj
1307293064,mwcnh
2585338778,tqhxe
2442212343,tygtj
2137942099,fbyxr
8082701193,otnfe
2058710426,ovtll
6003214777,omnhu
5751652587,moupx
6605766133,qghta
8837168084,gylmp
7132640341,bbbui
5627260745,ckjfn
1472194188,bchoy
4265815869,lpyoo
9084242628,iosvf
1912730968,ahdho
1289778102,bcvim
3639536658,cbwdj
9607479983,nmruy
3491244569,gxtvh
4182187824,rjjno
4484353934,gtdaw
9995147824,ytekg
7663639756,xyeaj
9511430377,avwwl
9456994638,uehgi
7692632504,ccuhf
7741438682,dkrxn
1115741600,hcbxn
8300162039,hxbtt
9132799960,hqodn
9673743832,tnimh
7507862375,vvrjj
2421833074,ciijm
8976732431,ismbh
2530258388,gkmqy
3133863570,euzsg
9921156874,jjlrm
7773392668,qbtcx
5322969685,hesen
2244113677,kpyio
4344024555,fabxd
3625142596,znkzu
2200441869,fbbqz
3074292102,qpasn
9782387372,cztlc
4589938965,fgzpd
4841877096,tmkvf
4268782021,olcby
6903297339,ffeto
1435172085,hxkwy
1837391232,dwfsj
4652861937,xwfcu
5674008633,zixrb
6502319658,tmuvw
2528893478,rueld
3444657272,zpdcj
9621755699,bxqdi
5051851183,yeuof
5097686972,onell
8676813080,ovkuz
5597701960,eebmh
4129079608,mgtzi
7433860053,alyqf
8067633776,tqrei
9687416692,vtcmm
1818885294,rekzh
3982239045,xwrei
5100186902,sjukk
7610741893,rsdzr
6313809504,qudhl
8392002293,rnhch
6133112913,yugzz
8324088740,zrsan
9166878854,numpm
5852869360,pwvhq
5783595756,wjaun
7334052442,wniqw
2794111755,slhpg
9444172243,osrmr
2569895900,wmvas
6609587138,cydyj
7145952642,djjut
4720424059,qqbym
8721166264,kwycc
2114560268,eggmu
7907236179,pqvue
8293551215,jcgrn
5683631107,npsrq
6851632306,wtdqa
5070640269,xduog
3441025711,ixvvq
4430434833,otood
1542515982,glyqy
7547903650,linjl
7439452384,rnoft
8928645489,vfelq
2561514216,lizsi
8377977653,gqdam
3260860953,tssxn
2911579730,imiyx
3672122241,kerxr
6971825728,aqdjb
2382637250,kpezw
6207826072,vpzhp
8073726227,lpqyz
1891475844,zxugy
8616655357,pfudk
4241334501,lqepk
6879995646,iwbcx
8461662698,lzokm
4568614859,icjdk
7426962874,xkyua
4364486174,wtwvf
8298591187,nsnxc
2572777006,bxsej
9956873542,joelk
9346093202,rbrga
4340055146,kqrpj
8453994292,rubfy
8046706721,vzcaw
9397409485,atwev
8431226100,iqmsx
2264312023,ibnye
8410747015,dxuyt
4485584311,evpeu
3126147600,topkq
7432296312,qbidy
1381499257,gnymr
5876851193,htgjk
4807133932,fpeer
6912311402,kpdle
6147766440,wddil
5505238439,zvdrz
1929403776,mmfyb
8612383247,mdeeg
3767862820,pqcju
1432284448,qaxsm
4925955636,lewkc
4780601235,ngmwc
7597615751,ykldt
5560904656,hmwkn
7704365473,phrty
2839140388,nwfig
6525127645,bpkdh
4477188531,vvtye
3830099429,wgcaq
2777449577,tvhbl
3491922619,dxspw
9611547258,hvhph
8085935657,fjcdt
6120817870,yvoxl
8414363501,noagh
8298071250,tnuad
4611712962,ghuxb
1668244272,ereex
9206922500,hedvp
3319291899,gazwo
3887569593,fpgyy
2151638375,amssc
5527657385,ovmty
4776527081,fstbl
1606361504,eprhx
4712245086,fvarh
5829910737,canek
3212805837,pyohp
8124659997,onlxf
7191493895,cbyrs
9392956251,nynsl
6224173473,ulluq
6128123021,egqtf
7861398535,ittmu
8127578760,ebjot
2045072014,bfzbu
3195495518,ybrzz
3669438247,lyndb
4415602317,soilh
1723853638,ficvd
8452218200,cmbml
9302404823,iydoa
2145119404,jharz
3431035736,gfcda
5701229811,wnosm
4388699402,ytfua
1925649789,huhkn
1754990706,huqhj
6402797344,iecvr
2799608418,cqern
8038213305,heqga
5414217492,gweaz
5642684211,aaazs
5152548158,eybyj
8896929561,cqrwo
3773300772,ddupb
2336485948,necjg
3042804714,aeohr
5322255229,pvqwx
8239398825,kpbzs
8215717681,zzuqy
3703528173,ewkpk
8740212199,xhfjo
1819228487,vtbgw
8571286153,amyjh
1835187531,ndybn
1044490425,kajnz
1233516614,wlzma
7725481751,gqpsi
2097515824,nsbrs
3644858774,fugqb
8048599538,cgcot
7937046736,iblxn
4942343376,rnrbz
1056151938,jchiw
7723181759,uffqe
1920555329,toqmz
3345744440,fgxay
2108460981,pzzxv
7715039104,ktbxs
9108482501,cijix
6513412283,fhshj
1282175624,bfqll
5276935360,edrxe
9262169974,ngwzw
2442271047,hskeu
4056395290,kydza
2884762029,diqrn
7199845889,nbbwf
2938377307,sefpj
5012743560,sqgbd
7667052308,xrbin
2773657235,uqsnj
9718459208,qxuas
2936789082,xwgfo
1721659250,hcitn
8649756923,bmtig
8705484456,vhjdz
5674497081,jaxxk
9086213394,xzwtf
8854734134,iaefb
1161919368,hdicr
1582859156,uduhm
5322954504,kodua
1954090976,vnsdi
6940675754,sfqmc
6582044101,uugfc
6439667007,qywjs
1582615376,fnztc
6730145324,acwii
6771502603,hcnno
2672791338,utyvm
9624004643,pqlje
4166505505,jsxzq
7015693546,mfama
4422122775,gbcrc
2442229314,jjnca
5422030133,nrmdz
3348486583,hxohq
9802820201,vowqr
9430433104,bfisk
5638239579,xmxns
8335563666,shqva
1807297242,yqjqe
3720795586,uzjpf
5488649433,tzokx
8340477111,yarsm
8615503295,yvtno
5061877426,wkife
3884837499,wwppm
9184781565,ogmyr
7932389195,cmxpw
8293561854,cierw
4016298706,rsytk
6721948267,csdcm
2043621290,dubsq
1467030214,ollxz
2435753257,zxjip
9382012586,wfudy
1771881676,ynjgt
7441850105,rbsen
9027534841,qkgvt
8124909758,afilt
1491275265,ifhct
5382733604,zxkrj
9779880477,crmxp
3758076150,lpdja
7875287383,femab
2902434855,mycth
1704784469,ledgd
8226113134,koszl
6212543813,mnsda
8069357768,siusv
1430587100,aobte
5379913506,gfzce
6779739209,yycjg
3769477988,aredm
6416186773,fspiw
7306102049,ieqgq
7076347486,mhksh
6990231115,qkwlf
2173806591,wqywi
9335601232,wgdmc
6359506776,ntlfb
3337917659,pmsoz
7968490885,ibfuh
6526105117,epyhm
1355809980,qminr
2322314265,ppqxw
2697959045,pwqfu
5449466730,xkixo
7497325939,wwkzm
4397912214,vnsfh
5623637636,ybgmv
1974355644,idsrw
3267436617,sktht
7343545059,ozhfs
8997881057,iqwmc
8626933069,rhnfe
1362532930,ygtlp
3678690552,smels
5583741268,wsmpw
7394627853,xlrbp
9097421667,ffomz
9712077498,odzfv
3920282071,slvou
9920085500,eqmgb
8604555510,vtigp
3116426176,okpmq
2999836751,subhl
9105535172,mblfh
6522840919,xwsph
8414316943,onwym
3165289981,uimkx
9826495072,xlrdr
2231216327,kjhii
3667811631,xgbcs
3712965427,eonlo
9289709938,szopl
2406885955,oygua
3996939259,kbnfy
8149180450,rqfqi
1325000253,appio
4367549843,jheqr
9277749594,btplh
4245261226,ytobm
9268898850,xekxb
4098957529,hcgup
1549430334,nmube
3824312683,bezjc
9627567839,ouznv
1062451231,jquwm
4619596431,yvngr
5155209511,wmtyk
9526203906,tyoec
6285533584,mojfq
8945805975,akehd
2136771643,holhq
6019051269,syykj
5943771689,wemsw
1953597264,qxipb
7373718792,zgbec
4073271194,wsvmj
1029540759,fbdnw
1792672064,baqjo
4798766297,vgceu
8880819382,qtado
4242531021,gyjxn
9510131359,anfgr
5521939085,mnfac
1460748379,wwdcd
8042393702,zbuwd
3472830231,ddthq
9374634181,jnwyo
1932318696,peztg
7649362352,cinsy
3505651833,nxwmq
4527718750,vvzwq
6459064209,pnsga
7173586691,ojtgm
1421550531,aljyp
7607862741,cwuhk
5757094366,pozls
3367117766,jtrcs
9188663981,pbzlz
7935893213,hdrgc
1686547523,yckfi
5088221809,fbmdq
2487584854,lntyj
7509854164,zivqi
7560371722,kgohv
1695304003,ztclz
7068841687,iimix
4741383133,nzysf
4548122902,onwnh
4453927465,dlxcw
7383089391,zbikq
6712849669,mirhr
2521755028,blgxb
2924191322,pjggb
8603309811,byoby
7830456085,wtbcz
5883553346,rsaiq
2721632516,hrifq
4430311371,ufbnj
6009535072,plkbb
8541550514,lpynp
7319866046,aupsd
7728409136,dbphf
6772738400,djnyt
9323900392,avuen
6304760692,bfehw
1238031214,lzuiv
3378005459,afeug
1227764492,gfqad
9425578073,eband
8625915298,yptgc
8213687917,iiqqx
4042017795,spgzr
4547323653,hlplh
3232623186,racim
2959783709,pxqry
3797277342,vycis
2667604716,auife
3320901410,xgisn
4634067881,ysjjy
7508942779,ulijj
8153165151,mvlxv
5381774627,owkqb
4134055817,jaols
4960759046,wugim
5982351473,lfaya
4286803680,hfiwn
5262018477,qoyks
3793816576,agyjn
4380391672,lgmso
5743725242,vqrsq
4771638681,krkvm
5763765434,schej
4671926776,huvqw
7521855085,xaata
1810436100,ffsug
6617723588,zefkw
2794823234,gmhiq
7703346777,vybul
7847137287,didpf
9044974332,yhnst
3117454864,ftqpy
2992117458,xowee
2986806992,drxgw
4248835037,mdcqc
3080948271,xpmuu
7748503299,jcjyy
8015320467,ivszl
7068453694,veqdj
3784013179,yzjor
9096495844,qhvvw
2057630581,ktitd
4660812846,tmrjs
5189946950,znjlk
8758212145,isisg
6199985845,nskje
7451048919,boctp
2077258991,jwqsd
8176195112,yydxs
9732281577,bwpdj
2180612739,jzldi
7305218293,xgkzs
2231860071,ogdst
7212779635,ykwos
6451363797,ynxoe
9701581420,ludhh
3245176559,soath
5421259247,fulnr
3475571705,bevli
7377480952,ygegh
8701532385,yyhvw
7208838882,gnmsh
8989208702,kqyng
3731172092,volkk
1284773303,lrsab
5930213214,zyedy
9893937074,nialx
6366657240,libbm
9733408809,rkbgz
5208227363,ejnzm
4560831106,svbbc
6705391457,zupoa
8927918930,bvppc
9016614844,mlkkk
2478107396,qyobe
3734081795,eiozq
8379440528,mjdcx
6321276349,hobtm
3307510380,pslsr
3172173060,tbjou
1872209354,vcvyx
7830685522,xuhpa
4929754454,sqdxa
5543611605,qjbgs
5130942805,ubini
9155505301,ojrwd
6264698180,bhaxb
1506774545,vhfli
9881142706,suayo
5283403412,pfaer
2551420237,glmxe
8739974923,lnipu
5539855590,cdgvj
2830088158,rhlhe
5999394567,rhxpt
8896074241,ymfoa
2516802273,zmozl
2926583760,rkdmm
7479811107,ugnaa
6945070247,zslal
8832587730,codrb
2773700744,aonci
2045481072,peyav
8894254158,hsfpx
1044972534,fqghk
7657080292,bqgiy
9975764092,olppo
1380349899,wsvau
4422468548,sttaw
6199814575,owftb
3058791821,cobpx
9758969854,bpcks
8742796763,dvwdn
9479866723,expts
4796462510,qnwsx
4340341977,awqba
4707707831,ldauk
4417376808,dkjyl
3241472504,vvagx
2903123913,yaekb
5991593224,dsxri
3625958361,adbts
3431648277,srysm
6437366815,gdhbi
7629761272,wdukz
1875696720,ctxok
1160320641,raybl
1089874311,arqae
2474092499,iudqg
7896829937,sqjvw
7806979248,udghf
1450264161,kwmta
3538631688,nrmlx
6298688945,ibtxm
6140271759,duerf
2386568090,irses
3822989958,kecst
2957280804,fdvrp
4729317440,qwark
5754762519,hlizy
9155977362,cqchn
6534759101,jblnt
5923241518,sxjeo
4694782913,hhaes
4486537591,ubdwp
2484929108,yvxtl
8432642917,pbgnc
4665570540,xdtnj
5445953906,ynuqk
6589210930,lpxlg
1274930346,zkgeh
1760456038,ruyvt
3482792831,lfbuf
5595440193,uzweo
3579206390,yoqdj
6253060751,krgbz
9238065536,modsv
7387912274,bomvy
3768419202,mjnma
8286724400,yicqi
1020514424,uuwxk
2306961911,lakvo
2786270862,jimnr
8056543048,icurq
4397938896,tviok
2758819773,rkbvf
5135418819,fqnzo
4816179682,dsrzs
3151219458,itxqn
2789299953,tzkrv
7755996078,kxqkq
5014926668,mwgpk
9401139794,tjsgo
7694903667,ajnjn
7974860988,tyikd
8425761947,jiauh
9630878043,ycfri
6481964560,gopaa
8190054876,pdtct
4221302911,awfhe
3050612440,bqdza
5402053105,kxtif
8349888885,vwfhr
1932039107,oyoie
8729020264,icqei
8720991012,vhzzu
8664280818,nprmk
7872809169,csvfa
6425005639,npzec
2386646193,acsqw
4514578742,zpznb
4392762367,ouryz
9026242379,jwddy
3663066620,lnihb
3592669471,rpwdk
4200655468,bdkua
4224577749,sekex
8890318167,kkmbt
2028791201,hbavu
8211953541,ntcit
7780680960,eoqio
2954657909,ssvzl
4091091471,rxcbe
2091494860,afnfh
1889842193,qigzk
5708390522,ylhkk
2376728073,yasis
4562051289,dunfu
8378912615,fsrce
4566241949,xfclb
9391136389,whtuf
3620673846,fwnmo
4350564199,fiqvq
7808240166,rqnvy
5709840579,vcnxk
9837378459,iemeg
6470840702,ectla
4293855033,trohp
2130859779,drghk
7854461609,tcffj
1371997680,nzpsj
4684256171,kncje
7716319173,qjfbc
3438243024,cmvlk
8162712621,rzmdh
6503320752,wysjx
9329473229,rdtgt
1363064145,coebn
8143543247,ywzkg
1364114416,ndgwj
9728405283,euabx
8661032886,oeyrq
5658802705,shleq
2116334868,rnrow
6763803707,obqfm
6210689583,jsqxi
2775386150,opmdv
8437980781,gkpbd
3519662873,kmidt
3304823527,apdtf
4795802330,iffdx
4380344005,labqs
5228812614,eiawi
1245681217,rfsku
2528539048,etfjs
9352978038,rmbpl
7644975181,ycolc
2124282703,hwkkl
8424976834,hsucz
8433173889,ntmof
6575989477,gnyii
2906109278,alxrw
8332311379,ddisk
1420220325,rineo
1676163975,vbvwb
9499695392,eceed
5566830769,boykr
4149202539,suogs
6619753261,hhoyh
2441916334,zcqra
8190878542,amtgb
4065480932,slywz
4189366814,ryrag
9496239338,noxnk
5590600810,tfbsu
2199804244,gvtdh
5053793670,nlarq
6858090344,zmnjv
3720306869,aemro
5564312941,ilrij
1230110090,dhtcm
4320833593,nnnhr
6707032009,trmiz
3913891762,coqxv
9256608180,dxefj
5870560423,uyuvf
4776296123,kgyep
1987725867,hihpa
3192612033,ldxom
5133566519,kcfpn
8273748892,ybjti
1632022589,sxkpo
4505541119,iurcn
2272084388,rfxak
6887337058,mwhlx
1113488775,udwmd
5053485228,gvmnv
3763548298,oiorn
8765440615,vmwfr
8209173606,snhwx
9863321324,cxztd
9933271724,wvwnj
7857333770,tirrh
5414277347,piafl
2226092542,xdsap
6163185918,jdchd
4117557365,maymj
6409574843,wmgdi
4923617671,qssbh
9102040867,bcsey
3879620533,feeok
7189502770,cmxdx
2396231987,bbcah
2064828682,cfsxz
2394222935,grqrc
4588406883,vxlqm
9107016361,bdrsp
9130629578,wrmfs
4997060770,hedri
7911602667,kdqmb
8807847597,olazs
4165153672,dobby
7737119195,lxekn
2142781453,nxihr
9336051198,pixau
2556141843,rmidu
6113132487,qlkzf
2696157942,wywcy
3089934913,lwsvt
4350148414,axnbp
9113963725,bzwjd
4442274024,faydi
3154716079,coxso
4198948785,uemhm
1672602717,cbcjl
1801057126,xukmr
2077335884,keryh
1098103096,avkuy
4867888014,walqz
8176280810,qutqn
4876782677,cyvoi
8825897390,kppkk
3171271379,pkkqz
2137643588,rburz
1433005411,ewklq
1683849959,blalc
6661535418,mgoho
8829468863,mvumf
5972505675,zgepw
1813730527,mbqrp
2028927109,qfnrw
1144921386,oulks
2920790348,glzni
5493998508,oaphg
5941079041,evpfu
6513139398,qbdwu
4889162518,zaeut
3738975932,ocdcv
5644298560,jkacx
6992803179,qzvhm
6049083712,jqxet
3511304222,hxobt
5693823605,vkdya
6030207403,bnmur
1164153544,weupq
6662275730,kywzi
4446008615,zspaz
9881033389,rhgnh
2751955760,xmbnl
3161124749,oakif
5626272126,unfpq
5440636809,kmoht
3103561876,ebgly
4891319712,onwrc
1222564624,hxuon
6951876771,zkqxf
1459902319,hsgan
9772767811,bhboh
8893980351,bbtsd
5787365220,jlhnd
5587986615,nuolh
3656887552,iwlkj
1561129715,ljyyd
7317176700,vauqx
8645224765,pekgv
1722151917,qulvr
4736290574,fwixe
8785405959,rqrmt
2048998558,mzipl
8213409832,irwsn
1970416769,slmre
4096467534,cgojw
1115288199,wsrmj
2662261963,uuosi
1548205059,wqxvl
8516757924,igllw
8757292726,hnfur
5901373637,zywdw
1570810052,yssfd
7503525869,citgf
1058860641,ixsqo
1200280850,vomto
6767218212,lcapn
5700729845,fthde
2976274526,ejvxs
9970820259,hktdk
8901139328,gjtzp
3601174116,mbuyn
3930505727,oypvx
3811000480,avohe
2517458962,isbxw
4550037204,rypps
2513924817,einur
8366145294,axqym
1923223833,wpjks
9621775083,nfmxx
4391775473,ifhps
4431353897,bvqur
2619128805,vfxqy
1150019419,gzeyc
3110893772,hvjxc
7493493851,rfnsj
1882720752,eucfn
4269604047,iecxz
1667274141,daaud
2672051536,oaxri
3072016274,wfrtl
9644385264,yinrv
2900500396,edomt
2881217388,pcvax
9986749596,vldoh
1986435207,vdarz
8505596433,jrvwg
3545118584,vprhi
4639913293,eoolg
1756542246,pfnvo
9325277503,thump
5845398649,fbfbe
2516704956,vwyay
1204425305,rydvy
4730798075,jncdu
2591121249,fagio
6234586862,lszch
1100670905,gfgbl
4917846422,igolz
8126282972,umrvg
8810457161,ldkch
5463903277,nylyl
2602852552,rilkx
4883869186,vkglq
2345131744,quiit
5976589423,emeyf
1866730704,inccp
5046607814,khcgt
2812915888,wyepa
5748620504,xvtkw
5141420846,sictv
2411039111,yaztm
3292337939,nkzve
5838247065,udjzp
2110372363,rrmao
1338046796,qygbw
2975312732,sdbou
6289354381,spjfl
2098014375,lfdgt
4151696448,ghvfj
1496114155,bqguz
4528933531,xinbs
8613941640,ehsoa
5150559501,hkdfj
3169279081,blqrz
3220111707,pxejr
8566694202,cpmwc
8029956709,kstke
7186107809,xpluw
1645131013,ptfbn
3355948120,yktnx
3728662520,uemkf
1706167681,zidqw
4179307155,ewynm
4512878574,smrmm
9860156770,lflaa
2493925379,jpsir
2885762315,kathj
6334793319,ymnvi
7531433616,gyurk
2215905812,yjtll
6144368013,jnfmh
9059469216,zhref
7400389724,jwkmm
9177684531,givrz
3352739940,awvrf
9403984571,xecww
9884092366,wajqv
2682061706,dfbjd
1198644027,nppvb
4408860268,zebxh
4417639816,skivc
2723160660,fqmph
9351567813,lpapl
6392372316,jsplk
7019763389,fltzm
4955318252,navld
7446134483,xunlw
2417702987,qshje
3744913617,khxvt
9320869669,afvzz
8981197464,kivvi
2202610327,nxeds
1327693844,pjhxl
5833496380,rcphg
2948215614,hdnpd
6793726346,hqvvb
4194654905,qkprc
4354694559,vqtxx
3410408050,gaive
1216858985,ygyev
9848863598,uqfdd
9406062230,selvr
9007197600,nswei
9351433190,kwznh
5366828021,pgjdt
1980092070,ziort
8395910142,dsahr
7685792030,ddgxu
8248379848,oapcf
1611761597,jiyup
4782033269,hfkva
3826195751,pfvly
1871182125,fmbuh
9477768615,bocvt
7332443342,slqpg
9636539407,sfsbv
8618166616,kbjhm
6318440783,vwjne
7936171338,ngwbi
1873639926,eerls
8225798342,izdez
9149791209,ulkgd
3719615194,usqmz
3535135393,pnnqo
1363412344,rlfdj
8455721220,gqgay
5201912367,vnbsc
6313479195,nlmbw
6200157270,mhwpc
1216304426,vjize
6811570208,qmokr
2813174910,ecoaf
5150523459,aeuty
9028432630,bjrrz
6036545704,fwnbv
2370050145,rlmeh
9934250897,rjzrb
8629971314,nkktp
6822991896,cmgqy
1080200445,csgzx
4405086787,tbukg
6634034669,nnsrv
7525808274,orgae
7429804738,ynwxt
2029054661,mjcmf
2571450913,cpukt
6941496798,acnrg
8448265175,httev
1199417696,cruid
2479388012,lxhiq
7010717059,onhey
1586292426,fruir
2645652368,uhvzb
4975270617,iwwbe
4108016024,wthxi
5235328550,uwrqs
4490892623,adgix
4837268312,cfpxq
3969730192,fdrtp
1801044879,dnzxg
1203096771,xggjy
6048210958,yadrx
5643152863,tbwxd
5023681140,yffjv
8537118722,fykza
9145475861,ccrcv
9715015484,mcwny
8190983082,mxyay
6644145666,lzxmo
1234043547,nxefo
5243730949,uzwzu
4892566345,unhcw
9405556891,lazzz
8700516493,lubbb
7882913141,qtwxu
2039133893,dpkhs
9670051698,prvaw
5219920603,pczfk
5386465605,ghqvj
8339969034,afosb
9618351995,wjaaq
1051923205,gqnvk
1284147353,eyrwv
4948260926,epulg
5896804590,gdmir
3530593675,dpmho
3182304894,awemv
8618797699,krgbf
1875633326,nxdef
6018975550,zilts
7087992946,fcasx
4002534273,jgcot
2829661167,zmawu
6462347899,cifcz
5117006250,zpkch
9600178894,qirbg
6034340266,yahru
7711608498,setyz
7998531332,bxnxv
3669947942,ozoku
8872321831,khexf
3892425521,giynq
5144764443,eboww
3321688583,bqcdw
9229589323,ocray
5865110645,ybrtt
5992707241,ohnly
6419863714,esmbq
7385675744,ehijw
1489133997,hqczu
8995921799,qbjls
7752021961,clvty
1821487706,gyrbr
5521471554,qyyza
7518207900,lzkyv
4217632045,qnuoe
1369067477,dbozo
1247637333,akynt
7635386810,fwlzb
1769479367,hzkch
5103263342,qaymv
4773543436,znngv
3123803330,hhrol
1262791707,ajpxx
9676585542,xmzhn
2920753415,nqrjl
3616104029,croxf
2918081851,ojpar
2466861765,nkhvm
8199211883,jkozg
5742814580,fhqli
7441806164,iaqnw
7980414311,wlstt
1372352173,dsqhi
9858927799,zefzr
6824247563,yjrwq
8189844355,avnyo
7265902769,ajtgc
1823939183,ijqzc
2486355789,ppgkg
4716929543,zxhdh
8385265116,gvoyl
5481648549,qvaow
2187464361,ktato
4132125616,xsbop
6677553025,zxzhu
1236163277,aadwz
5179050502,hkdtk
8825552489,irzrl
2611916233,zoigj
4168994194,fiqvx
8982677850,izfeu
6619905167,hqjyx
5259663610,lvogy
7556655085,gabrs
9171122064,yqoxn
9022448616,jgmec