1000431665,qoird
1001027862,rskay
1003618876,ezsdd
1003830129,dzpdu
1005059149,icozi
1006730419,wjtkt
1007150372,zdazi
1007155465,opffz
1007638453,uhtmb
1008501501,zmrjg
1009390563,uqzcr
1009489887,rktgj
1009830916,suhdt
1010776491,zdily
1012878867,hxxnl
1014454758,cwxte
1016975628,awjly
1017209506,rnymy
1017532369,jcyoe
1018088422,lzzla
1018535044,yeyhi
1020514424,uuwxk
1021682035,csyqh
1023079078,iodqy
1024074235,wqrbn
1025652618,mjaja
1025661818,oyhuj
1026763325,qczdn
1026818751,rhlmz
1027055805,kcgfp
1028226327,cobix
1028308012,wducj
1029540759,fbdnw
1032684998,sksnb
1033729485,cxfjg
1034269728,yejrg
1035023201,xhoxo
1035834752,uwfrv
1038388262,biekg
1038820409,bpwlh
1040763231,xqdcn
1042525020,ystxi
1043815544,bslgj
1043888344,qsvdr
1044043226,kxsay
1044490425,kajnz
1044749779,gssxn
1044972534,fqghk
1046472776,bcrqm
1047921729,wlmyg
1048003935,bdutu
1048696727,izigb
1049737133,jngkn
1050828847,slwxn
1051213423,rbvmi
1051923205,gqnvk
1052436229,zuiga
1053096829,arity
1053370678,xaxtf
1053712789,rhezf
1054314734,vlber
1055415240,lkawf
1056151938,jchiw
1056540868,lyqnn
1056906105,ytozj
1057002321,dznno
1057634977,ybvqa
1058017199,ypbwc
1058405325,qjvkv
1058860641,ixsqo
1059009787,jblob
1061150608,zozrx
1061338978,ddayu
1062451231,jquwm
1063637682,plkyx
1064651579,yqijp
1065013969,saqvy
1065356853,zkyym
1067407108,djlka
1069331682,azaya
1070386821,lfuef
1071895272,guvks
1072074214,ogpwq
1072430098,klaas
1072681399,ikqzv
1072904234,vimxl
1073275527,fhljb
1074951705,usxtm
1075415296,vvhhh
1076727422,tgxny
1078240436,mbsgb
1078929389,clsdm
1079168591,zwpht
1080200445,csgzx
1080263334,dtmlu
1080616105,wuxsw
1080787028,kedjn
1081721490,fmltl
1085595422,fmbam
1086218220,lqurs
1086430436,imwnd
1086722633,nrgss
1088017298,tihvm
1089334947,clhfx
1089874311,arqae
1091283810,nygsp
1092356727,ymdds
1092909516,dhkcj
1093782446,giejj
1094405039,suzsz
1094597991,zqaev
1098103096,avkuy
1098912820,bykkw
1099951016,xswzs
1100122790,btqvh
1100304195,ghaec
1100670905,gfgbl
1100886682,qwvxh
1101092727,wohak
1101141481,yowzg
1101956076,gaksq
1102099433,tfvpb
1104076606,qfpig
1104738507,eaxfx
1106229103,lzosy
1106356280,mbfkj
1106575042,jbntr
1107610156,hysdz
1112037464,fjcjc
1113488775,udwmd
1115288199,wsrmj
1115741600,hcbxn
1117042347,gfkdt
1119246723,dihlb
1120730122,yxrwo
1120836290,sgvaj
1121017616,hlhwn
1121217032,kfrsl
1121504342,wgbxd
1123274850,swckz
1123810186,ogdfu
1125473713,vbkdz
1126977350,dfabg
1127205749,giavy
1127542211,vqhbp
1129575150,kvpdy
1130235036,yreje
1130381827,ohbxp
1132381324,ojmwi
1133019433,ywtme
1133596122,oiivp
1133710259,dovmd
1134502772,snoix
1136053959,rchcf
1139477240,mkhao
1139536971,liadb
1140020530,geopi
1141715400,iaafb
1142594578,rwhoz
1144921386,oulks
1148038554,ahoer
1148814577,jxvmc
1149684659,utxbl
1149882487,qlxey
1150019419,gzeyc
1151300170,uhdtv
1153768569,xelml
1154221759,dlglm
1156298575,usgou
1157368602,dzqjl
1158108403,osjag
1158892481,sbgiv
1159423407,qcuxf
1160320641,raybl
1161114523,jplvs
1161704197,veuho
1161841354,kqjsn
1161919368,hdicr
1164153544,weupq
1164632267,uvkku
1165064365,ofbbt
1165602088,xlayq
1165829987,ebiky
1166221354,dziro
1166879615,etynu
1167735542,uusif
1169137539,qmgjc
1170217613,jsezj
1170305598,yevzw
1172115189,xusau
1173760414,enxip
1174545990,iqkpd
1175075220,lrval
1175242768,ovbwg
1175514775,fyprz
1178075788,yryzp
1178748011,gnjik
1180268248,rdhqp
1180296210,gzupx
1183726272,trupw
1184550571,ppxyl
1185381704,atbgs
1186694880,hlzkf
1188042535,wfsfd
1188339581,wmtpt
1188875101,stzdb
1188987629,wusgg
1190447675,tkjke
1191560313,knjru
1192798238,mosav
1194611140,skbgy
1194865315,jgtls
1195887273,jilgo
1197578250,ejwew
1198644027,nppvb
1199417696,cruid
1199556177,vrhhg
1200088271,glnpd
1200121633,aeqel
1200217443,xcazc
1200280850,vomto
1200327704,gmxpm
1200792061,skcuh
1201426417,ztusc
1201700997,hpzzs
1202355820,vccdo
1203096771,xggjy
1204425305,rydvy
1204549196,zkblr
1205103507,fxabb
1205103585,xsyzo
1205590609,ziuty
1208876819,xnuct
1210243244,nhwni
1210433316,fzkla
1211233579,zsqqb
1212106638,xohrf
1213207112,trjog
1213719528,nhfls
1214052360,cdgxg
1214085935,gxcyj
1216304426,vjize
1216586725,ppdjj
1216858985,ygyev
1217338376,frzmo
1218191774,lpwqq
1220239178,pzcab
1220526473,lsawn
1221299504,gusfv
1221994979,lkgpb
1222137297,ilqja
1222564624,hxuon
1223490026,ysvfv
1225756642,xmmdy
1225960545,teqrq
1227764492,gfqad
1230047310,myuiz
1230110090,dhtcm
1231148559,lcgpv
1233516614,wlzma
1233630202,wzira
1234043547,nxefo
1235762778,tuajb
1236163277,aadwz
1236665690,zjztr
1238031214,lzuiv
1238076443,lfwhc
1239468741,flkkp
1239978247,siklk
1240803190,dvzpp
1241312164,rowhm
1244256585,ettgn
1245681217,rfsku
1246201553,ntlnx
1246357793,rpweg
1247419265,wehzh
1247637333,akynt
1251939172,hvxad
1252349575,mqznq
1256139395,ykonv
1256650575,auukc
1259758632,mbkmy
1260411955,znkez
1260585336,mevdc
1260805674,haksy
1260979112,chedc
1261508699,qkcge
1262565139,duisy
1262791707,ajpxx
1262820353,uikam
1263227391,wquhu
1264440894,kbjyc
1265229644,mgnig
1265563414,lnzls
1267266399,txord
1267956228,fgxdh
1270267968,pcybx
1270810253,mtkgw
1271866703,nnptx
1272583184,zoflo
1273502394,ldqdk
1274552736,dzwui
1274930346,zkgeh
1275802327,yyiap
1277059983,ybhcc
1277842416,ayofe
1279511550,opcox
1279876066,fvphm
1281520613,jyjfx
1281599592,kkbmc
1281601563,pxkyn
1282175624,bfqll
1284147353,eyrwv
1284773303,lrsab
1285961824,pxqaq
1287228017,hivfk
1287632945,oqpjt
1288192447,smtny
1289778102,bcvim
1291386563,wnoun
1291738919,xcfex
1292464313,hifua
1294360996,pwgai
1295660623,ohzqq
1297261186,brgoz
1298084792,llebc
1298544515,sxnmi
1300279407,bjgdh
1301049143,pdiqn
1301336688,medbx
1302975813,qtgbq
1303162920,dujqv
1305586992,cxcxf
1306026787,unobf
1307293064,mwcnh
1308763633,ruetf
1311617773,ndtkn
1313174840,eworw
1313699743,htufh
1314233107,lxbbg
1314685758,vvqlm
1314822308,pdzeh
1319679077,wqdjj
1321118926,fsorc
1322004991,mxrmg
1323394722,oulcy
1324858068,ieoii
1325000253,appio
1327693844,pjhxl
1328719774,lipwj
1329403114,fjemc
1330889608,daasy
1331484516,vcqhy
1332122517,yrtkw
1332602088,gwdgc
1333723343,kmaoe
1337022827,wuxgl
1337096753,khuro
1337971137,isnzs
1338046796,qygbw
1338239946,szcdd
1341062384,mpykl
1341914675,atols
1344292810,mojoa
1344500149,iobwc
1346473778,mgqwm
1349232243,thkgx
1351051195,ofezm
1353326667,hwyxy
1354037439,ctzkf
1355637659,mpxmp
1355809980,qminr
1356832876,uuuiz
1357085862,sjflf
1357632214,nvrpd
1357637632,cpjml
1358071181,nbfjw
1358145448,nknth
1358613397,rcvli
1360084086,oqaar
1362532930,ygtlp
1363064145,coebn
1363412344,rlfdj
1363419970,squwt
1363782567,nndyc
1364114416,ndgwj
1365639898,kuulj
1365965530,pztlo
1366388744,wneby
1366853380,maowg
1367081612,rwhdw
1368414461,cmqjd
1369067477,dbozo
1371014814,zfdcb
1371997680,nzpsj
1372352173,dsqhi
1374393115,xbkkq
1374639014,wgnus
1376109025,ourvb
1377026485,kdlqx
1377289679,bgeic
1377574140,gdogz
1378081228,joykp
1379770270,urqzh
1379956580,dugqo
1380349899,wsvau
1380493798,cbqpi
1381499257,gnymr
1382427865,mwfqr
1384034705,hykpd
1384202314,rpobi
1385222661,huhqd
1385394224,wszqy
1387443903,zwesf
1388315202,vlosm
1388967305,fqnnv
1389919296,zcqcm
1390335901,lkobs
1391228004,jjdzj
1391458470,qhplh
1392221642,sckbs
1392240102,yerpk
1393243854,icevz
1393631202,hhkjt
1394949310,yfjxl
1396659973,otcex
1396819925,udwpt
1398310457,cyidn
1399128547,eedge
1401446886,hgjga
1401566164,farqw
1401745025,krjul
1402416692,uxtps
1402638715,blynq
1403398947,sxzos
1404196888,vhgzm
1406796514,evycr
1411293474,biuzd
1411787194,wzjhw
1412320578,lvumm
1415351267,wmwqm
1416839741,mzddk
1416845202,pthtm
1417495215,gkgaq
1418298453,rhtbs
1420220325,rineo
1420260394,cwmwg
1421550531,aljyp
1421767494,ownsg
1423511184,rlbgb
1423579895,nmrzz
1425621315,etdsl
1425864057,elnpj
1426811538,jxhpc
1427765166,gpfts
1429837638,msbgd
1429988244,vtlgj
1430587100,aobte
1431426110,lcgtt
1431782124,tdczl
1432090497,dmjjt
1432140874,bintj
1432284448,qaxsm
1433005411,ewklq
1433899586,flrso
1434679683,ugxmd
1435172085,hxkwy
1435549963,ffsxk
1436961834,owsev
1437279017,bpwpp
1437411840,qnjfb
1437462683,cturf
1437848278,qsamm
1439493284,ehdwj
1439868538,mqqey
1442171944,ivlaz
1443230200,hbrun
1444550956,bzodg
1445445249,xschf
1445681354,xpyhy
1448529508,gqrbt
1450264161,kwmta
1450749464,jwrbf
1450812453,tfpdl
1451766089,ihzdi
1451977986,xspba
1453011554,cfemm
1453449929,eaxwi
1453886166,rhwjv
1454234166,dzrji
1454841305,jljmc
1456143932,jyeuv
1456658773,pyqln
1456865293,phrvd
1457174625,vsrcr
1458412761,lieso
1458530634,ejlfv
1459902319,hsgan
1460748379,wwdcd
1460781805,yipfq
1461730061,eaght
1461926560,azkqx
1462039619,mtkpo
1462408234,gzfqk
1462649584,jwzql
1464383538,ipige
1466909606,iwwmn
1467030214,ollxz
1467165338,czogw
1470341149,uhvro
1471177665,zxfwg
1471379728,ciquj
1472194188,bchoy
1473273495,wuyiy
1473649415,iwaiz
1475866592,zhril
1477557760,fdwzf
1477660864,tlmyj
1479349148,ofpuj
1479917426,foxls
1480409511,qdysz
1481138610,yqpqj
1481610195,gbtot
1481615242,dxzkv
1482735722,idbjl
1483117652,qweka
1483633356,crhvt
1483784290,qkxfu
1484728010,sefqj
1485533075,vusac
1487188252,mvhdk
1487294738,fsdzw
1488226839,tclew
1489133997,hqczu
1491275265,ifhct
1492389044,eqing
1495373629,pibzp
1496114155,bqguz
1496209800,slbhc
1498203835,lrxbn
1498561809,rxjkq
1498959084,nnbac
1502008835,xyluo
1503393183,hvwli
1504525446,iilzi
1506324079,bmdpy
1506774545,vhfli
1507854845,tvsds
1508623506,ouwlm
1509253382,jnmyr
1509681997,kgydi
1509978473,voqst
1510755292,qiynl
1512841379,mcjce
1512981881,zdzxu
1513260509,qbars
1513707242,iszpv
1514006853,ixddy
1516385345,vufbt
1516708979,lstwg
1517372485,hdfhd
1518098199,dbdip
1519715573,wmsae
1519774189,nrwsu
1519982853,qlscl
1520388169,nxhot
1520476522,zsntb
1520840212,onjiw
1521537636,tjutk
1521772026,aynsj
1521878015,bgvpp
1522280956,vtekl
1522306825,hwofu
1523324291,ynmxx
1524615995,jslse
1525081659,cfbcj
1526064599,enewj
1526587493,hyyov
1526717774,varpt
1528734850,gohgq
1529464842,lzwhh
1533480213,zvddk
1534347308,jbiqw
1535012990,rjgqv
1535073815,cmaby
1539753807,pjaoy
1539800459,pogpt
1539910978,bdwqx
1539944821,qamrf
1540766264,amemr
1541512816,cdptr
1542515982,glyqy
1543150893,hoijk
1543395267,qbtle
1544146839,uyuec
1544645723,cfyvk
1545817451,eytbg
1546985172,dgcdz
1547397398,okfdb
1547762784,epkul
1547833865,sxgrr
1548205059,wqxvl
1548225896,dtutp
1549430334,nmube
1549689179,jqvdo
1550601457,tvimj
1553752871,neyzm
1554248124,yfaam
1554469363,vibpw
1554544162,kujlt
1555272574,gxhiz
1555642472,ktvom
1557424789,owihw
1558374987,yhxvw
1559102862,xzsyo
1560323837,iwjif
1560742301,wpopv
1560890054,jdefa
1561129715,ljyyd
1561316324,klttq
1561576308,gozkz
1561582391,wubrd
1563109929,swykl
1563189310,scuxg
1564830004,usonq
1564830671,rkuww
1565269982,ujlgb
1565615410,vcubn
1565862933,aqwgx
1566251395,iflji
1566760614,shtft
1568107950,tzxuh
1568155863,qgcai
1568463058,hoves
1568872954,nealx
1569479481,xnxke
1569548630,eopwd
1569785348,ldcju
1570810052,yssfd
1571830711,jwowe
1572809256,biaed
1573089687,trfaj
1573184156,xvcdp
1577303792,qjgmw
1578466959,fxzrw
1579277581,ewzsm
1580105160,knoif
1580784734,flnig
1581087887,kylaz
1582594315,mlvpi
1582615376,fnztc
1582859156,uduhm
1583214504,ckzky
1583481154,ofgdx
1584079701,sbdtc
1584785168,reilh
1586292426,fruir
1586423972,nbvjd
1587108146,jixlv
1587308539,bwkix
1587736283,fcoez
1589016916,mwahb
1589055417,nrnfw
1590421889,ndgqj
1591123062,yccjl
1591509740,inbzl
1594250312,tmqsf
1594548341,fcpkt
1597395724,xooaq
1603015351,jljyr
1603836604,jsdpe
1604806354,lpqeg
1605992358,iesgu
1606361504,eprhx
1607581031,jxyzs
1608323505,pfree
1610676365,cwdsn
1610847316,uwxmv
1611056572,qkwkn
1611123725,frvjt
1611761597,jiyup
1612707397,vzoot
1612962122,nfmqo
1613868524,swiui
1613884068,ezzor
1616560319,nrgzd
1616957027,asemx
1617205955,xztfu
1618018237,ygilt
1619136877,xqfyn
1619987723,fient
1620271929,wqshb
1621938459,aneoh
1622650661,bpmsr
1622848894,tqejh
1622901069,nuodf
1623938501,koqme
1623969689,eytdc
1624657729,mjexi
1624669958,mlfif
1624811370,wmaxi
1625128752,jaeom
1625702553,bgpvu
1625845686,iebux
1625964499,ngszq
1626205729,urpiu
1627543244,joxmq
1629668024,bbrme
1630712379,wcbwf
1631817401,gkkfk
1632022589,sxkpo
1632267710,zkgaf
1632694848,mzstx
1632995538,kgeuu
1633427784,xnhhq
1634683593,yyhqi
1637825690,szqrm
1638052812,ufihn
1638759709,azyqg
1639205980,ixevk
1639372321,sqeyc
1641400304,thrky
1645045774,trpgc
1645131013,ptfbn
1645595208,gkwun
1648093331,mfkqh
1650469880,liguq
1650712075,zwzkq
1650981476,eknbn
1651958702,qngov
1654960469,cuxtf
1655979887,upecx
1656275618,rfjbb
1656940455,jqcgy
1657251267,fzjvu
1657513530,tnitr
1657557728,qgdwl
1657693666,vmcop
1658388989,yanrn
1661345056,wvcie
1663343427,wpkqb
1665382421,sqyfk
1667144934,xslfl
1667270820,fbvqb
1667274141,daaud
1668244272,ereex
1669036092,qyodr
1670010812,ispph
1672602717,cbcjl
1673393153,poxgd
1673613099,nalqg
1673834516,aczpi
1674168400,psykx
1674500156,trwny
1675605028,azbqm
1675959344,dwmea
1676163975,vbvwb
1676396899,oivdj
1676480613,rjppo
1677243504,ytwqr
1680631800,ytvry
1680817832,fnfff
1683438537,bfcsq
1683849959,blalc
1684534762,lscil
1684639120,jgvyp
1686547523,yckfi
1686836169,jdyxn
1686898027,hkoie
1687055730,nsmqo
1689479537,xfkqc
1689511807,jhjzo
1692478819,lfqkh
1693514509,oogqw
1695304003,ztclz
1695649233,huinm
1696498030,uodpg
1696683283,bvdci
1697462893,ulkpn
1698601240,ogsia
1700334143,pufbb
1702106134,pqzgh
1702643945,ikozk
1702963617,whftw
1703073258,royeq
1703116806,jqpor
1703198269,rjvba
1703244584,jljnr
1704490647,hhqwj
1704784469,ledgd
1705321281,alhyr
1705742488,xyzgl
1706013718,bdqex
1706167681,zidqw
1707739717,iyyop
1707978786,kjiys
1708899204,mtnhv
1710419994,dqwax
1711101899,ozlbb
1711657798,zblgk
1711841859,ibhzy
1714070138,jcujj
1715171876,fhlnk
1715738702,suyyc
1715854687,iohll
1716827390,ntyhm
1716927891,ljaoy
1717466724,ethhs
1718156974,cxgvh
1720005408,wbyeu
1721383410,omczb
1721659250,hcitn
1722151917,qulvr
1723499720,ilgvc
1723853638,ficvd
1725043029,kswsz
1725175103,pjsys
1726299524,wpnrq
1727710977,yzien
1729064053,hcaty
1729189665,wktvd
1736671169,vucce
1737148929,srraw
1737324646,mbdtq
1737480574,zzwyv
1737600049,cxqcz
1738162615,lbjbu
1738969626,ngvpq
1740138200,qojht
1740732692,qiciz
1742028649,imxcp
1742784648,qpnlv
1743884797,aprak
1744285106,yrmtu
1744914580,bhlpa
1745044016,xvvgf
1745841183,ubzgx
1751060905,ajqor
1751466290,wgdgx
1753846730,qmwcg
1754171048,lczuv
1754964298,ifdot
1754990706,huqhj
1755688969,xrwro
1756542246,pfnvo
1756888395,djnvq
1756969256,uaokx
1760321584,loruk
1760456038,ruyvt
1761464529,uzdbi
1762064905,xqmju
1763016639,etuxs
1765173924,xidpl
1766141496,aciqk
1768417616,kkiyb
1768553246,whonw
1769194572,eayhb
1769479367,hzkch
1770338810,kiuzy
1770464208,sqgcd
1771881676,ynjgt
1771934109,lrhah
1774675616,igmyo
1774686167,ocwiz
1778706700,lgopy
1780496929,oudpg
1781566748,wmfic
1782787330,wtoen
1786816973,jndel
1789289468,xylkg
1789843347,scbct
1790505484,tuabk
1791536044,fpgvt
1792171174,qtpkb
1792672064,baqjo
1792776005,qxslo
1792866866,keaen
1792885091,hncyd
1794117837,viwni
1794609443,kiidi
1795316628,ysuvh
1795461327,debsz
1799822780,rkfme
1800971562,cumyj
1801044879,dnzxg
1801057126,xukmr
1801690465,balgh
1805833350,vyuut
1807297242,yqjqe
1808743489,qhsda
1809560493,kkkdf
1809601783,aionm
1810436100,ffsug
1811561317,ubiri
1812207593,quaod
1813141306,wmugt
1813607829,ikvde
1813730527,mbqrp
1814054764,rwslf
1815721256,vljwd
1816427418,tyqmp
1818814366,rcxhr
1818885294,rekzh
1818994031,feese
1819228487,vtbgw
1821021117,birml
1821487706,gyrbr
1823503649,glhjr
1823921150,baepz
1823939183,ijqzc
1824206884,kcqab
1826028135,hhfhs
1826628347,kbhlv
1827146024,jhxlk
1827313735,ukzmd
1830037777,kwuex
1832333523,trmgj
1835187531,ndybn
1837391232,dwfsj
1837797607,idbuf
1838226596,ubopt
1838788307,qtlts
1839165884,crsjb
1840756700,eafyv
1842907002,jctmi
1844257099,dvxlj
1845529907,wtcjn
1846751703,qedqs
1846843702,muzji
1846971177,hdvkr
1847462221,rjzbi
1848358333,zugtd
1850755113,jcvuh
1850859356,dtpzi
1851625848,epeen
1852569833,jqpqf
1853400962,ccljo
1853930140,edjgy
1856274403,tuhzg
1856910377,cctdy
1857618718,pptwf
1857699341,ltetw
1858106828,ubdkv
1859200833,mwnis
1860534323,zkzkf
1862498025,gjzsp
1864171298,oykkz
1865568730,ndezr
1865819705,eoktw
1865977392,khrav
1866014252,iyxdb
1866730704,inccp
1866751107,hlieh
1868278802,zwals
1868552511,relgs
1869247290,wzkuj
1870713190,jidsp
1871145187,boome
1871182125,fmbuh
1871543735,atuer
1872209354,vcvyx
1872476633,pzhtz
1872962286,qsjya
1873580203,iepql
1873639926,eerls
1874497164,klolk
1874605738,ymtcb
1874711639,boanb
1875633326,nxdef
1875696720,ctxok
1877016045,hifds
1877116309,hkoco
1877743818,shimn
1878260665,urzlm
1879052759,lrusf
1880635543,juamj
1881828834,agzir
1882720752,eucfn
1884116515,wmnqx
1884956310,zvsgc
1885605525,suggc
1885972908,tenlg
1886706285,gvfmj
1887761520,zvfkx
1889498929,helex
1889842193,qigzk
1891475844,zxugy
1892247097,jyocj
1892350361,jehzb
1893097620,xrpex
1893426254,vbnpv
1893829371,gevvv
1894414577,cyhig
1895201583,cjpws
1895323391,cuehe
1896351253,frgeu
1898689710,hbilw
1898701599,qcten
1899446587,sxgec
1900720260,udzeb
1902037689,ogwjs
1903944874,vhwxy
1904135146,wbftx
1904163858,wnegn
1905170501,hngyi
1905502384,eqfui
1905876507,ypabt
1905902104,cqgwp
1906450719,eyxhi
1906539209,ctoqc
1907024028,veaxf
1907793857,qjghx
1908549900,oyqon
1908884660,irvnu
1910928985,kcdtw
1912386945,eedxm
1912730968,ahdho
1914803108,oxjwz
1915269958,hrafh
1916137381,bicmd
1916225746,ddszt
1917117182,buvss
1920257579,vnptz
1920555329,toqmz
1921125975,zuamg
1921560074,qkvvk
1921904325,vgwke
1922701932,aerhq
1923223833,wpjks
1924641329,omhvt
1924893868,sjcrj
1925649789,huhkn
1925906996,yvvty
1926560160,stzox
1927321542,ccvhh
1927389414,zhnuv
1928196418,zzick
1928447920,uuegb
1928692446,ewwln
1929403776,mmfyb
1930541680,ftkpf
1932039107,oyoie
1932318696,peztg
1933364889,dscvh
1934257670,ostpx
1935958222,qdqpy
1937300825,rgpig
1937982046,jnqmf
1938315342,uibfr
1940653259,eglon
1941399584,xsyrr
1941448558,yxhyt
1942504538,tyflg
1942735329,mhzet
1943242504,eztzb
1943512926,yozga
1944643684,rmuty
1946344217,scsti
1947032819,foolu
1947583591,zztah
1947984240,zchjb
1948998808,ahado
1950450941,yklzr
1950771466,efmno
1951043438,euhnj
1953597264,qxipb
1953612678,tagxo
1954090976,vnsdi
1954119586,dwgpd
1955423466,efblg
1956652339,rxebs
1956948569,sizvb
1957363758,mgdea
1958987570,wupoa
1959926587,ovyxf
1960171531,ajrdw
1960725847,ztbzc
1962305746,dnoli
1962486879,hnkda
1963956882,vkcqx
1964245738,xtslw
1968187637,kbuih
1968301211,kovcq
1969550947,coyqj
1970089614,cdcsv
1970205689,glddo
1970416769,slmre
1972256746,zfdhe
1972804015,klcuj
1974355644,idsrw
1974572780,afghl
1975567281,sdfpq
1976027663,eepih
1976188820,asglb
1976263926,trwqt
1977149015,psbxm
1978352625,lziqf
1980092070,ziort
1981428157,fhysr
1981648596,bkuze
1982573658,mewqt
1982914249,xnqss
1982915025,smpzy
1985115777,depaw
1985613482,mwewy
1986078788,gifuk
1986435207,vdarz
1987725867,hihpa
1988909849,glerf
1991045934,gisdg
1992480017,opuud
1992596109,fxdvz
1995864804,qtcrm
1996691316,iwjqg
1997580638,zuvmn
1997789725,sfpey
1998848130,xmmie
1999351508,kjtmi
2000965488,nzhob
2001571228,jgppb
2001605666,ximgo
2001764231,nvyyh
2003691346,uzhul
2004123309,lkpyn
2004556124,bfbda
2007356251,muwfk
2007661728,eokpl
2008068987,owcqr
2008079916,rkkcp
2008940069,ryzdv
2009093093,jdjef
2010930309,mrkww
2011603979,cbdzj
2012476405,uowmw
2012566607,qhslp
2013983556,msudw
2014893265,fvbpu
2014895293,yjvvq
2015672456,stbcy
2015824185,hbxgx
2016502460,wnphq
2018653489,avdpr
2019214262,rzmbn
2019224387,erowi
2020380802,nfnay
2021332072,vgujq
2021722932,xoekn
2021795682,pwtju
2024546607,fppmo
2025693657,mcfke
2026879296,jgwqt
2026898837,nggee
2028621946,wwwkb
2028789269,otjue
2028791201,hbavu
2028927109,qfnrw
2029054661,mjcmf
2029362678,uxprn
2030120565,yhuxw
2032584191,igkhp
2034522644,zfivy
2035065420,kzalq
2035211724,vfuaj
2035898911,pepze
2035990833,ctizx
2036514047,jzhlq
2037070208,pvhjb
2038779267,cybvh
2039133893,dpkhs
2040217507,dfbsl
2043621290,dubsq
2045072014,bfzbu
2045481072,peyav
2045866633,rkgmx
2046246790,ezxlb
2046558698,cptzp
2046861483,dvspn
2047615254,sowvq
2048998558,mzipl
2049167696,ycgmo
2049801947,doyau
2051420809,xdnyb
2051793975,bqacd
2052480367,dieow
2052933598,yiizi
2053314526,bfbgy
2053482287,nqufa
2054154784,xljmw
2054677606,galdo
2054718658,wfcli
2056403590,qjrqo
2057426470,grtct
2057630581,ktitd
2058710426,ovtll
2060254262,apdsy
2060443009,ndrag
2061191624,dsljk
2061920170,jyrmg
2064107649,rymfd
2064828682,cfsxz
2065819087,jbzks
2071473782,yuajj
2073149846,pxkmc
2073451016,byxwk
2073629455,nauvx
2075147507,iurtl
2075772371,cmtzt
2076189343,jusnx
2077258991,jwqsd
2077335884,keryh
2077484096,jnerv
2079307871,sdhwi
2081572556,koidn
2081580616,pgheo
2081708940,ywtfg
2082584654,twxhc
2083291234,bqvcv
2084064167,iikaa
2084341651,qzxmx
2085004529,megvt
2086941948,wdksd
2088037155,scpnp
2090276108,xwkfz
2090393327,htndq
2090731883,bacft
2091141431,zfwam
2091494860,afnfh
2092555847,hxpxv
2094536596,mzulh
2097329963,iifsb
2097515824,nsbrs
2097517016,ovskk
2097718417,igtpj
2098014375,lfdgt
2098115564,vcagq
2098364054,wxaxz
2098475106,yaxmm
2099228136,hvlqh
2099325062,imcyb
2099701887,tqekt
2100025682,bqydt
2101789222,hbjoh
2103161576,ceroj
2103399543,fmjxx
2103428611,lhmlq
2103967162,utrwi
2106235367,tkqjg
2106730049,dycno
2106955126,dgami
2107119183,siyvk
2108460981,pzzxv
2108885899,nxtpj
2110279741,xyvat
2110372363,rrmao
2111443140,kdton
2111841909,qjhnr
2112959748,jskkg
2113133808,vrxzk
2113183961,ewftj
2113498900,nopxc
2113606380,khwuo
2114214657,wowhp
2114315574,mtjgg
2114560268,eggmu
2115427712,avfsv
2116334868,rnrow
2116508587,pfieq
2117964643,csurm
2118154447,fdhmh
2118768464,fyfsr
2119002980,fkrvv
2119083443,nubjk
2119445671,qkxvu
2119849837,ywbip
2121176004,gvrtf
2121216368,nekcc
2121541828,dajgj
2121968178,yrdnk
2122395662,afmac
2124282703,hwkkl
2125074359,iqskp
2126718719,pbhvd
2126921605,lkvbf
2128217244,lller
2128596622,dopaz
2129077300,eoxwt
2130859779,drghk
2133153888,zyngm
2133424536,jszzi
2133541872,qfsse
2133715933,zvrsr
2134360339,mgxtn
2134712844,kqfcp
2134873057,hwhev
2136771643,holhq
2137643588,rburz
2137768497,adyeb
2137926206,ueejc
2137942099,fbyxr
2138217444,dzrva
2140275641,dnweu
2142781453,nxihr
2142784939,kaftr
2142923563,oihba
2143401667,aevvy
2145119404,jharz
2147638557,rxicv
2151216086,isglj
2151638375,amssc
2151686984,acuxe
2152268276,csakv
2157897343,jotxo
2158504501,ytgzg
2158891887,jnlqz
2159064152,ahkqf
2160657175,yrgzp
2161308456,quoes
2162399219,phshh
2162497734,untnl
2163614785,yynms
2163818310,yaqxq
2164361449,aliut
2164689517,qvtfi
2165315465,wvoij
2167025898,segsi
2169851086,gvqvy
2171283617,kmjwr
2173806591,wqywi
2175330198,kyzvx
2175692035,klqcu
2176122033,czqhw
2176438746,bipdh
2177251840,ebhhl
2178665134,ocvxz
2178681713,pzmvb
2179480749,bebhj
2179810843,lzmla
2180612739,jzldi
2181076656,zihwk
2182058427,frsux
2182884421,ouftn
2183412795,qpgmp
2184493636,qfbrt
2185749141,rxcwi
2187464361,ktato
2189131280,wsidt
2190623878,lcnlh
2193692362,hgnit
2193982088,atabo
2194402716,xshvr
2194698138,bljwu
2195976523,cmuyr
2196225545,hmgoy
2197018718,umhbe
2197636697,xydlv
2197696438,iidve
2198505254,kthfg
2199804244,gvtdh
2200441869,fbbqz
2202610327,nxeds
2203732203,peeml
2203883359,oofuo
2204092598,hvmeu
2204169832,tpjts
2206942733,xtdho
2207038541,pting
2207205826,auvob
2207386266,lbxda
2209955597,vklim
2210557830,fxsxc
2212891187,tjikx
2213212939,xezjb
2214182362,uzdih
2214741296,htyru
2215163313,fgfxx
2215905812,yjtll
2216579850,uattn
2218584979,jjgtz
2219830669,wmmdn
2220334310,jxkdg
2221681109,xmsdl
2226092542,xdsap
2226854500,vybgc
2227978112,nnrug
2228456339,ykizp
2229810020,xlwky
2230162717,biuqb
2230374053,zjmvx
2231216327,kjhii
2231287506,ykgqm
2231845601,jtvez
2231860071,ogdst
2232847014,emwwg
2233465178,lfcrh
2234852484,vtjqw
2236150799,esftl
2237028523,tuiqf
2237266349,lhctm
2237601718,pnhmp
2238752326,grjku
2239611475,mafrr
2241367609,fsyrx
2241433852,nhzxi
2241444620,brpyx
2241861411,pvkpy
2243640275,hbcpy
2244113677,kpyio
2244332560,shvds
2244668528,ooaff
2245378742,crehj
2245615850,nopvn
2245746204,wluzg
2248274760,rmhgz
2250041581,ebkjx
2252025377,fruju
2253279946,mreay
2254058465,klitl
2254572574,bhemy
2257485920,cmxzc
2258563330,ujwub
2258715986,dlnlq
2260490831,kvkxb
2260631801,rpido
2261253408,muieh
2261910058,qgeuu
2263718890,ocvcx
2264312023,ibnye
2264896287,ogyia
2264941088,dqsjw
2265405999,mstwj
2265728214,hesem
2268495289,vippw
2268962460,uzvma
2269644295,bhqrv
2270448854,hvsaq
2271101981,blnei
2272037886,jqxom
2272084388,rfxak
2273890352,jrppr
2274209964,ffbpg
2276062424,huvup
2276474062,xwpqb
2278685967,gmbso
2279632020,cwjed
2279909224,ersvt
2282801514,wsfdb
2283113921,oqaqp
2283127932,azujt
2283587414,ezsgo
2284276240,oqakr
2284480886,lfaru
2284536190,cfyqi
2286074489,nogqy
2286821400,tkpjl
2290400751,svzwo
2290755960,qinmo
2291408423,etdfs
2291767001,akubg
2292502129,xvkrk
2292865232,hypsc
2295981045,qevzm
2301299636,qvejq
2301902326,rozny
2304411964,dgoni
2304928475,iyvdq
2305510175,wdfaj
2306132321,yesef
2306904568,jprxm
2306961911,lakvo
2307088860,gifck
2308877228,cvhiz
2310378630,ijilr
2314796380,dvday
2315380314,xidjh
2316059070,znryr
2317152804,orqbf
2317165053,gyqnr
2318232752,qvcqk
2319765287,fqibs
2321339375,jwymf
2322314265,ppqxw
2322369944,rdrtz
2322420653,ldckx
2322882869,nblae
2322919591,ybhye
2322956351,mwsrn
2323252446,tqtws
2323696335,guolh
2324145493,wuuxw
2324906946,stybt
2325692022,oenij
2326807128,ynmsa
2328025057,rakvt
2328376904,hghsr
2330118423,kgcml
2331425986,cfeqo
2333580917,wrvkq
2334811305,coclq
2336309516,bntyw
2336485948,necjg
2341271843,kdfch
2341393663,nybkl
2341564417,gxxim
2342219027,gdqhf
2342680784,wijmc
2343197511,qzmbw
2343938463,cgshi
2345131744,quiit
2347252927,kvkmc
2348269029,rktch
2350814998,fooim
2350925591,fqgnm
2351847168,ktnmc
2351902016,xeyro
2355279816,nshvy
2355403386,vgmqs
2355442920,wxmhz
2357965860,xazlj
2358001246,sjwjr
2358282128,uygtr
2358601546,bjsiw
2360366922,lpbyx
2360939880,efahe
2362830449,lmkpp
2364260152,rfwhp
2364983198,kwfek
2367989786,sbsnv
2368781919,dyfjk
2368898834,hjlwf
2370050145,rlmeh
2371116113,lqkpn
2371200659,cqyzk
2371420772,vtzbn
2372658622,afmcq
2372967730,souyo
2373875544,hejno
2373975895,fihda
2374542884,mxpal
2376160131,yixjf
2376405861,rtqwq
2376728073,yasis
2376873120,mhbtj
2377374036,jtldi
2377963440,raklo
2378133076,sqnnz
2378212071,gqgin
2379662050,lbcax
2380419663,pekgg
2380546338,tfqcz
2382320214,ldemp
2382637250,kpezw
2383876276,bcldb
2385139927,kphha
2386568090,irses
2386646193,acsqw
2388017357,ijnqk
2388140668,avorh
2388492106,gujia
2388988133,qqfsq
2390160033,fagti
2390871381,mgefg
2391275956,ptukf
2392042214,ztlwf
2392514576,gbmhs
2392524368,fsyfh
2393624516,tgjkw
2394222935,grqrc
2395822328,xkcnu
2396099841,vapfk
2396179838,zjoba
2396231987,bbcah
2397422249,jpgcq
2397434901,foozc
2397945420,ghnqr
2398155134,ejtcn
2398564946,vgtby
2400520478,grabv
2400953067,kxljk
2402126984,rgvck
2402673575,wfnoo
2404417696,orswk
2405267102,xbqli
2405369641,kpqir
2406885955,oygua
2408075965,mtenh
2410209662,uwczf
2410607536,mnhaj
2411039111,yaztm
2411281265,aepfq
2412222338,bjsns
2412838459,jvzvf
2414278504,mcuze
2414893712,nucuk
2415152859,vxaoq
2416751791,aruwv
2417474038,ejhpx
2417702987,qshje
2418901581,sqoka
2419904191,dtymh
2420169775,lobwt
2421169947,rgogd
2421178775,efxsj
2421833074,ciijm
2422918185,oescf
2423002005,ausma
2423558176,mqseg
2424628621,evsxx
2424864242,xvcka
2425634282,kwaib
2425682350,vmops
2427106882,gemoe
2432093800,cktad
2432169420,jyrlb
2432440058,gaush
2433864151,mzqen
2435401964,roqsp
2435753257,zxjip
2436122718,mxody
2436359132,coxfk
2438148120,gmqch
2438354302,zdume
2440081124,zrnre
2441916334,zcqra
2442212343,tygtj
2442229314,jjnca
2442271047,hskeu
2444985497,gidgv
2446394387,dljfa
2446583111,pggqe
2449350207,gwqts
2450840543,hbbap
2452379646,bxgmw
2453586120,rjxcb
2453706698,rflkx
2454216374,ekdal
2455672048,txhfd
2457407666,jiudb
2458386177,hqdgv
2461835052,ixtpi
2462047472,apphg
2463619535,fvjox
2463697588,qzrib
2464094000,szviy
2464124027,ybbss
2464167140,msilf
2466102476,jxstw
2466861765,nkhvm
2469094971,dhiyr
2469172879,qbxqg
2470004951,osmxo
2471312757,fvfdz
2471666136,czlwf
2472869772,xtyrj
2474092499,iudqg
2476998207,fokkd
2477877153,bqdgp
2478107396,qyobe
2478161629,cqfpj
2479388012,lxhiq
2480212455,dsxlz
2482434137,ckiec
2482921519,nqdmi
2483167163,nhtjy
2484101216,finzr
2484187364,jxxvw
2484881548,ndjdn
2484929108,yvxtl
2485409719,pomol
2485930721,ubdlv
2486355789,ppgkg
2486946177,srmki
2486974159,nfnkf
2487397509,lcclc
2487584854,lntyj
2488579230,yzpot
2489391874,uqdgs
2489774883,ddehk
2492106460,bhoxl
2492985477,jrvcp
2493925379,jpsir
2493945670,fnzrz
2494173018,zccsd
2496356324,bfiij
2496608835,mswyx
2498657429,ulnhe
2500754217,yeuif
2501178917,htaxi
2501447595,jjhfr
2509238099,yqwit
2509922924,gnqdk
2510890266,zaafd
2510899862,ilbne
2511179152,eajqc
2513773908,qlbso
2513798985,hlwbk
2513924817,einur
2514749659,hqrxn
2514808441,qvbeh
2514882832,aewqs
2514895288,twdhq
2515455956,lqigk
2516111462,drjts
2516704956,vwyay
2516802273,zmozl
2516861854,zcpui
2517458962,isbxw
2517625660,cnocp
2518066156,mielu
2518339521,rlwgw
2519942811,bqbib
2521180318,gfrdo
2521460158,nvvyy
2521755028,blgxb
2521824914,lchyv
2522365442,sjghn
2522779118,jlefq
2524312939,baigc
2525658381,mxppt
2526501887,nskfz
2527370693,fnuaz
2527755114,xenvy
2528539048,etfjs
2528893478,rueld
2529421936,buhrg
2529572342,ebqbh
2530258388,gkmqy
2530420535,vgvsd
2530868156,jkklf
2531170662,jolsk
2535016608,xwsmc
2535241382,ygnia
2537108507,chsii
2539425975,fbwdc
2539633737,wfzus
2541481701,riamm
2541705155,jphxz
2542594712,zpnil
2543449537,qelun
2544087026,xefhi
2544388367,gewrv
2544559051,nqubw
2546116017,zagny
2547021528,xmlds
2550170262,wszek
2550696200,jsjjc
2551420237,glmxe
2551549494,sqmhv
2552918597,uhztw
2553444690,xkjrk
2555064874,kyknr
2555795334,sfdmu
2555867997,xtwbb
2556141843,rmidu
2556529867,rdxpr
2557057929,vewpl
2557618237,jsamh
2559055101,bvhot
2561514216,lizsi
2562963003,gzacm
2565091495,ekfgq
2565181443,rfwla
2565735559,camyp
2566677942,aobwa
2566787994,wkgfb
2568439282,tquej
2569078420,zgqfd
2569895900,wmvas
2571211391,rfdpe
2571238839,fktsn
2571450913,cpukt
2571546066,brjvh
2571655954,cflrt
2572705910,mziam
2572777006,bxsej
2575609728,xkkqf
2576245993,snvbt
2578773566,ncgwp
2578834868,jjxng
2579889151,uhvxo
2579951887,fzxvf
2580550101,xorom
2580555868,qqcqq
2584183038,rxkqn
2584877405,hdvqf
2585338778,tqhxe
2585703403,yevor
2585871173,nxayh
2589747345,jubcx
2589913816,vehhq
2590293429,cmgqb
2590999487,exuzi
2591121249,fagio
2592247244,ysbqn
2592989704,tybps
2594030710,hcbqp
2596061583,xhgoh
2596687954,retyk
2597477116,wnasy
2601669289,ndmta
2602852552,rilkx
2602977306,dsuyz
2603850254,qvmzy
2604103020,pzihr
2606701057,exiqy
2607463944,orwtc
2609516923,sjupi
2611916233,zoigj
2613465692,vyqhl
2614906222,hxoph
2614961299,fbevs
2616227102,xdpll
2618659281,rbdwi
2619128805,vfxqy
2619448841,dbmlb
2619569477,zowed
2620366098,glgxy
2621773376,dkrch
2622126782,ykfqd
2622132274,mtylj
2622158218,tlagl
2623019751,plmvv
2623167246,yfrhp
2623615021,ybtlh
2626102141,epaws
2627019139,qbbrj
2627999093,jsget
2628658262,isoov
2633336518,pirbe
2634053739,ufzma
2635433667,vlyyv
2636174009,nzgzb
2637191793,wnlvg
2637966355,idelm
2638266622,vrmon
2638907134,mwoxn
2639435821,imaik
2640140530,jbcep
2640202279,gtjoz
2640733344,cihux
2641101186,ywnfm
2645652368,uhvzb
2648535029,gcirm
2650519225,fcjiz
2651017921,ynniv
2651745746,fvuxz
2651855679,lcies
2653929456,wurlk
2654830098,lvjaf
2655955736,biosn
2657551505,asvcp
2657985423,iqygz
2658801527,znziu
2659143931,xertv
2660153347,mwufd
2660293505,uhhnz
2660537689,gcwng
2661640651,cqwgi
2661694580,egxoe
2662261963,uuosi
2663076600,ivder
2663136881,rtdbm
2663197948,kasri
2664306048,kmlpn
2664817824,ynqrm
2665161836,jkeuv
2667604716,auife
2667792468,vbzyq
2669249810,lnvjz
2669328985,vgaok
2669953301,znmzs
2671601202,haemo
2672051536,oaxri
2672791338,utyvm
2673767456,rybgt
2674054977,kzqne
2674505921,lmvtv
2674849081,eztpx
2676306242,tbsyo
2677285082,dxxpo
2678178230,tfmnx
2678558671,kxikd
2679073786,qxopd
2681008992,aabgs
2681504165,cgmjl
2681652092,owwdh
2682061706,dfbjd
2682384336,ecrli
2682943590,iebbi
2683130331,ezvim
2683767578,chiie
2684602315,iohfk
2684843082,sbper
2684879200,yusoq
2685003747,vatyw
2685244605,lsspr
2685269717,bseqp
2686388795,gqfgi
2688190243,vrbzv
2689707353,fokcz
2689739855,ctibe
2691593133,ipsiv
2692659564,hbsdp
2695207411,honbh
2696157942,wywcy
2697959045,pwqfu
2698241164,slbut
2698296617,gjaxu
2699127066,pxpkq
2699871880,vnrtg
2700148548,uqjnp
2700307720,wkgwh
2701298208,iazov
2702898893,sqrac
2703233247,lcchm
2703250665,nkgkb
2703257432,rtjnp
2703804777,fnqjc
2705863020,trbnc
2706526060,cznxd
2707455847,qxomt
2708626628,sidnl
2711260605,iwesk
2712017389,wlygb
2712607509,abcyo
2713830617,zrfwb
2715388502,hypbd
2716057469,tjggq
2716200597,nvauh
2717788064,ckzwg
2718092269,vsqkc
2718850273,ebeqp
2719628974,gafbo
2721632516,hrifq
2722286489,rditd
2722997950,eknql
2723160660,fqmph
2725369340,ivher
2727492001,mxiqf
2727967046,eoymz
2727973218,sbalx
2731227986,hskjo
2731243430,hqcfk
2732492085,mcpto
2733090293,ouhmd
2733170894,dnufc
2734883287,ugztf
2737744652,oxkht
2739419021,ushul
2741393401,womki
2742172499,dmnat
2744645189,qxyyt
2748406084,akohg
2748844121,uulun
2749229268,swtbv
2749629976,etffn
2750050996,yxcue
2751041379,ndvpg
2751679466,deqyy
2751955760,xmbnl
2753462666,hgkqt
2753690101,kmiwg
2754480918,admwt
2757186292,abzmk
2757540641,bjuqf
2758055440,nhrft
2758819773,rkbvf
2759151185,pcaed
2759557189,nzvme
2760550689,icwrx
2761968346,wngaa
2763162777,fukoc
2763623648,jidau
2764400014,qsyal
2764871077,rscux
2764987804,rmavr
2766601224,cgoya
2766791730,dzdnj
2768067413,xjwrl
2768386473,bnqnx
2768871310,eqlld
2771151828,jfjdi
2771912045,pljlb
2771945329,akwry
2773657235,uqsnj
2773660499,lmcgh
2773700744,aonci
2774717539,mnhou
2775386150,opmdv
2776257803,rfjlk
2776373315,beokf
2776751018,mbjvi
2777449577,tvhbl
2777576365,dsreo
2777677487,hqsuy
2778643552,yffny
2779062241,okpfi
2779239121,cjvdv
2780024675,qgosl
2782094463,xxxzv
2782722616,dfghb
2783509535,ocfvd
2783979915,cbxix
2783987752,qndca
2784256898,dihvx
2784776134,kajln
2785868899,jzaot
2786270862,jimnr
2787724644,phqgn
2788031166,ztbqv
2788249852,lqiwr
2788521462,kbkkd
2789299953,tzkrv
2789447912,ocjzh
2789862734,mlsel
2791717356,fvufr
2792914087,ftcwi
2793193603,rfdyu
2794111755,slhpg
2794823234,gmhiq
2796831427,alsdt
2798436619,okzdk
2798610846,ulyzg
2799608418,cqern
2801540184,xwqur
2802194454,nqhgw
2803204727,dfjon
2803487674,uswlh
2804233244,ssvbl
2804877623,tmhum
2805005052,vfswy
2805615092,eqnap
2806315232,bzmzs
2808602294,csfqy
2810462718,eihfk
2810614980,laomr
2810837476,yzqzc
2812915888,wyepa
2813174910,ecoaf
2815123015,xezpm
2815842719,hcwpy
2815990252,bgqal
2816312588,hnooc
2818262271,blfpx
2818993492,lfqqx
2819654221,xkpvo
2820262091,ckmau
2821183287,ukcjv
2821333286,lphoj
2822747269,rkigw
2822799586,hluhm
2824724412,vhzcs
2825963236,zivqk
2826923000,lbtli
2829277833,bxurn
2829575159,ynvrz
2829585824,bfqah
2829661167,zmawu
2830088158,rhlhe
2830949091,lydxo
2833822739,gurcs
2834489291,arowq
2834723921,huwje
2835413086,fevjs
2835445138,mvcmk
2836671864,wotyg
2837204057,lxkvb
2837256885,brlwm
2837693973,adnyp
2839140388,nwfig
2839174716,oadad
2841214277,dviia
2841300061,pkkhc
2842117810,cbycr
2842149913,xrbjv
2844699891,wwncv
2845518516,xbkxo
2845819199,wwofj
2846422001,tjqep
2849503051,oezlx
2850043182,qqpwj
2850285196,ftsbi
2850566593,drcre
2851294094,ezdpx
2851960123,eqjdo
2852205040,qxefz
2853906930,zthss
2856009863,ynspj
2856203413,ubmpj
2856991588,yeurs
2857071665,kbdrj
2861767167,uvrey
2862319071,doqhc
2863284564,oekws
2864172700,gvejp
2864293814,lhpso
2865609471,oxrxe
2866694945,qwsgi
2867189831,nvton
2868436814,bmpur
2869576208,qvxtt
2870103489,mokmc
2870729978,lukoy
2875921666,xeoxp
2876111210,hatun
2878649216,nwcwt
2878874360,vnfpi
2879174773,irhog
2880127329,ngsff
2880384542,luaua
2880970730,nclkg
2880972612,mclcv
2881217388,pcvax
2881591077,qjpra
2883109315,hdlma
2883767204,ckzng
2884762029,diqrn
2885762315,kathj
2885982480,schek
2887067214,tpzru
2887679712,uetha
2887992310,umijj
2888430453,nzykq
2889619617,nyuiq
2890126148,kmtco
2890920693,ehowy
2891116104,dxjor
2891126008,zstjq
2894049774,iaglj
2894512183,uvvsa
2895612248,ocgsx
2895929573,pvnfz
2896834695,hhcly
2896999716,bnvac
2897803741,lplcv
2898466334,fnibk
2900500396,edomt
2901341042,wrsbt
2902434855,mycth
2903123913,yaekb
2905357180,ofxhk
2906109278,alxrw
2908004232,brtyc
2908006983,kfnbb
2909159374,mpbuo
2910634586,gjeuw
2911579730,imiyx
2911684247,sdumx
2911895705,smdpb
2912803433,swkny
2913751006,iparh
2914643456,hdcrj
2914814821,kserl
2915827570,ykeeb
2916228758,dpskv
2916861404,hnieq
2917066385,nsbes
2917125320,fpjlw
2917941926,nxkpa
2918081851,ojpar
2918101499,ldygy
2920753415,nqrjl
2920790348,glzni
2921439011,nxbfe
2921964354,zcjhc
2922440769,ioxeh
2922767588,snpvm
2924191322,pjggb
2925582794,nloht
2925663329,wlhjs
2926353710,clojd
2926583760,rkdmm
2927282233,wrwxh
2927477237,pcgrc
2927760954,onpyz
2930130222,rvczp
2931277124,uvuzu
2931670791,yjgfv
2932120819,kktwd
2932474584,tytun
2932485072,qjxwu
2934151664,ehjjw
2934748400,kzbnn
2936751080,acstk
2936789082,xwgfo
2937863452,gibej
2938377307,sefpj
2938527314,vemjk
2938940540,ojmvd
2942083274,awmmx
2942626738,mvvbu
2943445919,nannq
2948215614,hdnpd
2949085799,nnhwc
2949806358,mjztd
2950226148,qmjfx
2952152261,ydzhv
2952442540,oseuf
2954657909,ssvzl
2957280804,fdvrp
2958854319,qfnkv
2959454437,kivoq
2959783709,pxqry
2960994749,tuqyo
2961059388,ticvy
2961612737,isbrm
2962702774,chwnm
2966559096,likxf
2966896792,tchee
2967866074,ilqik
2970267217,jfcsd
2971547496,rdfhl
2973493842,pmzvx
2973785206,rgyjc
2973986723,cuati
2975284927,cyzkv
2975312732,sdbou
2976172883,ttkhl
2976274526,ejvxs
2978901368,gfsjc
2979568132,zohge
2981122715,kszyl
2984291763,xpeml
2984374508,fzpjq
2984532430,vwwqr
2985373369,bzjkd
2986453108,wrjht
2986806992,drxgw
2987175021,amxuu
2987736604,uyiam
2990342335,instz
2992103695,ybmbr
2992117458,xowee
2992962069,ohmxx
2993346441,rzmsl
2993718605,ujywi
2993948173,mlhzp
2993959240,hejmy
2996077212,tczse
2997757841,aimvh
2999836751,subhl
2999919897,jixbz
3000316903,nnxpm
3001631269,ibpiq
3002402606,alypg
3002447770,papjk
3003022812,ksxvy
3003817077,ibxyw
3004594621,sdfsn
3005628079,rovrd
3010047362,jorqi
3011608614,ayjqk
3013742387,rwfhf
3013786657,wuxzb
3014332133,svmti
3014756057,kfntn
3018100577,hxbqa
3019088767,crryf
3019463753,etxar
3019761359,svnpy
3021020129,okvzr
3021624967,ujazr
3022870042,huaxc
3025307344,osohx
3025360269,rzuqo
3026460770,vyqdq
3026472586,nknpa
3026731232,omsby
3027925791,lkqsi
3028318305,cqrgv
3028805433,yusad
3029625375,gafgm
3032790042,lvdgx
3035983200,wwjxg
3036211465,iwtfl
3037547839,wrmoo
3039764978,twcft
3041813826,smgfm
3041896089,xrskd
3042099767,mnrav
3042150684,osfki
3042804714,aeohr
3043255350,xaafa
3045513610,tokem
3045707749,gvffc
3045942594,mesyk
3046136297,qtgps
3047036095,omswt
3047852726,kqhai
3048686179,ixqoa
3050194181,lkorx
3050378389,ivlwi
3050612440,bqdza
3051210361,osnnc
3051698151,docjm
3052483314,jmiqu
3054026797,yiflx
3055768042,duovs
3058791821,cobpx
3059013429,ekynv
3060865192,afjvc
3061127296,peviu
3061459173,kfhym
3062090630,gugdy
3062572509,wsyfb
3063451701,qxpou
3064637728,khhjb
3064927218,gwonz
3065185211,zjazt
3065221402,ipflh
3068780938,bguic
3070793707,svpzy
3071374936,ffrsy
3071494965,nfvyn
3072016274,wfrtl
3072666404,opqcf
3072667729,gjhqx
3073419436,ikeqv
3074149713,ccwxw
3074292102,qpasn
3075496497,mickg
3077632643,coxjh
3079715723,efuij
3080553741,skbjc
3080948271,xpmuu
3082317589,mkteq
3082656166,tvcqc
3086555262,xevac
3086677671,zqzwk
3087091448,emqzl
3087342922,kamcv
3089332696,xvezy
3089934913,lwsvt
3090195995,wkcpy
3090287085,asgnl
3093847129,rkqvs
3094372982,modfr
3094773286,elcmc
3095472978,fnhuz
3095699605,oormr
3096705870,hhvad
3097306737,ngdqb
3097519596,mzenr
3099401193,izhlx
3101064003,ghrmr
3101354715,jfaiz
3102874068,bqibs
3103561876,ebgly
3103598162,yjmtw
3105284287,gzwug
3106355619,dsxyo
3107164159,mevjz
3109297510,dmwhw
3110088182,kdhqy
3110893772,hvjxc
3111308592,tngab
3112796388,lklrv
3114372666,agpdi
3115343654,xtzbd
3115477569,galvb
3115810428,tzjyh
3116426176,okpmq
3116785375,gelgy
3117454864,ftqpy
3117470339,aroiu
3118226686,bygym
3119737795,skqqv
3119853305,ofpuu
3120379739,emzmd
3121313914,satuz
3121724590,hhtgi
3123803330,hhrol
3124324998,vicoj
3124407969,ypjec
3126147600,topkq
3126163092,onfjh
3129769762,wgbsb
3131562901,ymvbs
3133038956,jnjfa
3133863570,euzsg
3134704129,wsxlm
3136261324,ckhor
3137412172,cjpyn
3139358265,gwfzk
3141274894,soezy
3141563424,pzwjf
3142361956,pkffa
3143813054,qroar
3147023890,oxquh
3147635494,uptwn
3147804054,vfxyq
3149149671,sdzfa
3149354408,mvsnu
3149561357,chjwl
3149985118,wfxbc
3151219458,itxqn
3152227718,dgonb
3153992262,iqyid
3154153177,mwjcm
3154716079,coxso
3155207935,vmyhg
3156044919,pdafh
3158702493,xcigi
3159305593,dojhb
3161124749,oakif
3162258715,pusgs
3162731377,oqasb
3163956806,vrzdo
3165289981,uimkx
3165958248,ijonp
3165963885,lmrnx
3166889015,gboug
3168128886,zgnik
3168977037,skssi
3169057804,aysuf
3169279081,blqrz
3169989279,kitdh
3170130578,fmltl
3170267753,hfhdi
3171271379,pkkqz
3172173060,tbjou
3172794802,oriwv
3176390985,ssfbr
3176861048,avcmw
3181083279,jzkjc
3181115095,mcrhk
3181633932,qorve
3182304894,awemv
3182523333,rhiwa
3184052795,cokbw
3184139413,emzof
3184434018,ghijw
3184739635,fydup
3185344518,aclvs
3185671127,snfza
3185936979,jhing
3186212934,bpmsj
3187666069,cfbzr
3188165181,vpgrj
3192037185,cgqsi
3192612033,ldxom
3192665203,cykxl
3194435649,gxmjw
3195495518,ybrzz
3197216593,srkvw
3197266352,zgpfu
3198843072,udnln
3200239113,esinn
3200499188,hxxst
3203549076,fzlnz
3204481904,uazoq
3204702117,glcjl
3205119971,bhbca
3205844581,ntpfi
3209157527,incoq
3209355263,atjik
3211193803,fmxlg
3212146009,oqsuv
3212805837,pyohp
3212812609,vqnwq
3213560428,eezvy
3213897587,mwpzk
3215010138,snboi
3215295719,eyjwd
3215751674,kxtwr
3216363873,dhsfv
3216944146,urack
3217358935,ttenm
3217985852,ggict
3220111707,pxejr
3223254876,nlrbc
3225901055,ulfbq
3226069310,ciapa
3226565715,aodjm
3227227824,mhmhe
3227457391,auypw
3227905707,flsdo
3229235202,tmxpq
3231002006,gsxsm
3232623186,racim
3233676967,lwewm
3235705588,pshul
3238450071,gwpzx
3238704043,awoqb
3238937473,ocolx
3239193334,fajxw
3241472504,vvagx
3241906683,dmpjl
3242194902,tpjuq
3242609061,dioqs
3242931594,erfsf
3243206278,bvovo
3243503880,gfuee
3243814259,hehbr
3244298601,llhgv
3244605673,gxmbu
3244674513,rglgn
3244777628,yfenj
3245176559,soath
3245754175,oluri
3246576103,jlysw
3246636439,zubgs
3248142290,snvbz
3249297088,hdrsd
3249344279,ryifd
3253031946,ipaxb
3253261889,ledwe
3253319070,ceotn
3253787406,fyfud
3255111336,ubrud
3256167640,oyrag
3257389673,wibws
3259546625,ifcak
3260860953,tssxn
3262163825,ipacz
3263239362,ljepo
3263732810,abfwe
3265633858,bkjhs
3266370317,ofopf
3266463993,idiur
3267025473,nnazo
3267436617,sktht
3267525619,dxmvb
3269714780,kmluz
3270469953,mmnpe
3272919040,vmvyu
3273042578,nxyrq
3273485580,dlxuh
3274636450,ysdoe
3275306358,gatnn
3275377117,mmdrk
3275734226,mkdpr
3276481965,dpdhb
3277517626,tnxbf
3278937727,uujvr
3279153333,jtnqx
3279294599,lwsnu
3279302195,ehohu
3280203550,nvame
3281473653,wgvdh
3281744089,pnrch
3281818381,fjeea
3282279327,facfk
3282286495,zwkdg
3282571165,wofzx
3282684849,rsqtc
3283053474,gnhoc
3284641567,qiywp
3285631191,xofcf
3288733768,uizqk
3288743577,dgieg
3290972803,pvqak
3291066243,shzsa
3291356101,zbutj
3291937173,lsaqh
3292337939,nkzve
3293070877,pmlgj
3295158565,ueisj
3295979980,qsrql
3297273783,gmpcu
3300638386,lemwl
3301945341,zcwez
3302052520,vsjtz
3303043987,vheol
3304823527,apdtf
3305142968,qhpad
3305320947,eddsi
3305407555,znlob
3305633480,qwmqe
3307151690,madwp
3307450146,lhmzj
3307510380,pslsr
3307985479,lricp
3308394786,gxntq
3309477376,cekxx
3311201102,yjpva
3312606841,jmmhc
3313897314,otxzu
3317228481,rnurb
3317342967,pvdud
3317990604,iaqjy
3319291899,gazwo
3319608995,vbrbl
3320014021,oaqvu
3320440530,dpybn
3320724740,wuzcr
3320901410,xgisn
3321688583,bqcdw
3321700185,ppxbs
3321741791,aabmq
3322246254,juxoc
3325455259,qfvpe
3326441963,bczcf
3327527455,arvsk
3330058071,wtkrv
3331597727,kxhij
3331755705,jtthb
3331969759,nstgq
3332389761,kbjof
3333088197,srblg
3333791144,dbvrz
3333978992,sifgv
3335227710,rmloq
3337917659,pmsoz
3338042795,qfsmz
3340102278,bhyrk
3340970140,rwddz
3341064595,flbav
3341273945,efctl
3343687034,mtuno
3344681784,mnmij
3345744440,fgxay
3347309442,xzkrq
3348071684,mecwo
3348486583,hxohq
3351266476,vxprc
3352315590,jwaob
3352739940,awvrf
3352948138,hrtni
3352980563,gobil
3353656130,dwvyh
3353783054,ccqxj
3354384383,ohgom
3355948120,yktnx
3357191760,vozwv
3357926231,uhudx
3358207503,qpvvz
3360317787,dphin
3364246681,qxizc
3366880207,ofkcc
3367117766,jtrcs
3369271399,wucov
3369413320,uehsr
3370730614,wxafo
3373141775,gpvzr
3373476871,qrbbd
3374638661,mnghs
3375263651,neuqb
3377216853,qsbqy
3377989242,enngv
3378005459,afeug
3379764490,dvjgn
3379767118,psztg
3380477476,ajvvg
3382870549,frhgp
3383374637,ajvhh
3384192562,pkbpo
3385192669,cpyfs
3385281691,djlsx
3385703328,zekym
3385931149,xorlt
3388317704,sjzrg
3388794396,furbb
3389816756,zhdud
3390330671,cnovx
3391390962,vsbfs
3393247191,rdvzn
3393315910,vjwao
3394941180,xelot
3395549702,pjcwx
3395735257,ioxqf
3396460499,asqli
3396653037,ftuii
3397204152,nsozb
3398605224,zctgz
3399308371,djdkf
3399790821,mlzew
3400471498,nfgnu
3400599567,iunlq
3401235670,oscpi
3401596491,tomrl
3402082188,hegvp
3403167994,vbwzm
3403996183,gjiuf
3407754064,gowel
3408701591,wgjoa
3409844310,txbtq
3410408050,gaive
3410568546,jmcvj
3411420586,tvfdt
3418541403,fmeco
3420690621,pprdd
3422245461,iwfqr
3422552639,usash
3424196762,komre
3426752207,jcnhs
3428038433,vhtpo
3428180435,zxgaf
3429122781,begen
3429756253,jtayb
3431035736,gfcda
3431637923,kkppd
3431648277,srysm
3431775053,tbtzn
3431902101,vshhx
3433519261,qbwgn
3435450384,rwhxz
3438243024,cmvlk
3439359518,qgnxv
3439723964,ahwfl
3440614164,sscek
3441025711,ixvvq
3441214971,ublke
3441540521,qvltd
3444657272,zpdcj
3446091544,ihcbc
3446285603,tkacy
3446529308,uodew
3447565432,uqcsv
3447911522,rryhz
3451584785,ekysx
3457213514,ffhlj
3462633158,popxu
3464668916,hxjhp
3464762866,rlwcp
3464924390,yfxyv
3464944885,exeig
3465061638,nnbtw
3465431099,jxchn
3466633513,cbljm
3466871473,qdixa
3468057574,tjxeg
3468511699,vmwhe
3468965863,msxea
3469180313,mpacy
3469227239,tjwkx
3470458661,gyfrs
3470756760,xwwrv
3471736946,cmdii
3472001417,lexgi
3472830231,ddthq
3473099562,plaku
3475571705,bevli
3476963922,afppa
3480655088,pvrkm
3481628268,xwmiw
3481731672,plvba
3481870505,tiugx
3482211069,btwcd
3482615240,dqjle
3482792831,lfbuf
3484718944,qxntx
3485354338,puxae
3488036482,sllkr
3488777713,rdvcx
3489346208,lcbee
3489770349,olrxi
3491244569,gxtvh
3491490754,qvpjp
3491922619,dxspw
3491978260,curgi
3492611828,geiki
3493039712,uecfd
3494234767,kvgpb
3495711255,cjvde
3499007405,bwjnd
3499627592,gmezz
3500028868,difvy
3500446137,fkylb
3500658408,iuaux
3502589383,misod
3504863563,yzwkz
3505651833,nxwmq
3507263867,kbroe
3511304222,hxobt
3512893849,kttyz
3513243656,wmmbw
3513259923,gadam
3513547893,oefkb
3514507495,owags
3517704398,ckdce
3517868623,kdame
3518155566,fycum
3519662873,kmidt
3519740069,bjdow
3520113856,xnknb
3520418604,jkjbw
3522819534,zdsvu
3523150006,pcrdz
3523809965,lzpqg
3524953039,nbcul
3524975075,kcaqu
3525519648,nizys
3526205684,wstwl
3527863810,kbmnb
3530134927,illcw
3530324791,ceycw
3530593675,dpmho
3532264146,snsnn
3534300359,usynq
3534618691,dduyp
3535135393,pnnqo
3538162538,emevb
3538631688,nrmlx
3539225564,dpewi
3542689560,tkjdv
3542873813,rnegl
3545118584,vprhi
3545229722,ljlgb
3545379719,nzdgd
3545629336,pggud
3547662082,vsvwx
3548908413,thdws
3548952271,djgqu
3551382747,zxqri
3551778468,vfqxk
3554701458,xwlqa
3554736570,rstqs
3555060660,bdhpk
3555342976,xtqvi
3555617430,tkxpr
3556605548,kxkpt
3557145715,zfhfg
3558262259,mldyg
3558450686,udzun
3558886200,kgkea
3559218222,xziey
3560330740,iphfe
3560524157,agxte
3562149292,zhnnl
3562467949,eywda
3562872912,jyxnq
3562876529,eazxu
3563007422,tquir
3563244207,vlmvo
3565828742,snhcm
3568660596,cdtsn
3569528454,dkquj
3570085078,wbizt
3571086084,inqur
3572255452,cjkzm
3573382242,avrpw
3576442541,serks
3577137190,gouit
3577384380,lgcow
3577394365,idone
3577808493,vcgwd
3579206390,yoqdj
3580698531,xpfqo
3582077056,itstm
3583386048,amzjv
3583404387,mzubd
3583647669,rlags
3583864778,hjwpt
3584874660,qmjsw
3585019226,avuha
3586190537,ehzpy
3586475242,ksqle
3587349305,ifeyi
3587796777,aveiw
3587883787,lfwan
3588739381,mhvug
3589489884,qenaw
3590396842,twpor
3591629569,cjocr
3592669471,rpwdk
3593193024,sqrdo
3595500807,modai
3595874462,mzrqi
3596769161,kuatp
3597095816,gnqit
3597550855,lzbjx
3598440178,uhosw
3598716442,yvmdg
3600034375,rvszx
3600436912,cpvzs
3601174116,mbuyn
3601743624,colkr
3604455554,grwpv
3605276929,msclb
3606823701,ecmhl
3608444525,lxzre
3608563628,swenq
3608880922,bdvin
3608902011,vussb
3609185489,pqmiu
3609301512,yzoxf
3612523506,xnoue
3613906981,kbkjn
3615315833,wmsxp
3615391679,gekrb
3616104029,croxf
3619264587,tdmly
3619898363,wcveg
3620642462,uoaqw
3620673846,fwnmo
3620823366,jiwkr
3621342069,lejuh
3622751627,nxwlo
3623009252,onbkj
3623405732,uipfq
3623797050,jqpme
3625038321,vmyis
3625142596,znkzu
3625892739,djyxm
3625954709,qnies
3625958361,adbts
3626135038,lpjwk
3626363546,ensga
3629623343,zlzas
3631639002,lqrrl
3632702733,jmkeh
3632941727,kxdfk
3633565906,fjgjt
3635684925,svdou
3639536658,cbwdj
3640347627,evohw
3641920268,dmhjj
3642171566,asopl
3642543094,mqjlc
3643417508,nsuqa
3644858774,fugqb
3645728728,ihroq
3645970826,widwf
3646302679,bunay
3647389143,kfgfw
3647984878,dpyvo
3649177710,emhqx
3649852547,aodpg
3650897229,uzcsg
3651552569,uzdxp
3651838661,hpcxg
3652831353,nxjtb
3652918795,iwvnq
3653248141,uegrb
3656887552,iwlkj
3657947227,lcdia
3658094282,wmzas
3658665668,rteer
3659127980,svpjz
3659367226,zktla
3661697090,dijek
3661849676,dyjoh
3662330427,rcmhj
3662885533,tduvc
3663066620,lnihb
3663352461,faidc
3663820095,wrmli
3664112597,qogbr
3665679481,gbtab
3667811631,xgbcs
3669438247,lyndb
3669947942,ozoku
3671903987,hrpaf
3672122241,kerxr
3672161424,hvnah
3672648682,nryuu
3673711166,dsroy
3674781092,kolot
3675051972,apudl
3675660747,ninag
3675676819,ppzjw
3675806274,qojgh
3676168298,acxht
3676353465,wrgdx
3678560737,mcuua
3678690552,smels
3679321931,rjnnd
3679337752,cwqou
3681372297,mcueg
3681790276,lzvfa
3684679982,irwfg
3685245454,pnbki
3688719555,yukbi
3689051572,cxlbk
3689305181,iqmcc
3689887567,idpsh
3690418996,hygza
3692240394,kplqm
3692973518,tmnfn
3693228072,gaymg
3693568607,yyagb
3694467761,fyqqd
3694617541,xbxff
3695504617,zcdbz
3696139750,werxt
3696271599,ciuuw
3696306512,gvmje
3701864662,orxbe
3702637696,gpbfi
3703528173,ewkpk
3706206893,smyjj
3706814249,ytpoy
3708446543,osfdj
3710651404,bieqc
3711786914,lkmoq
3712269951,wykpk
3712965427,eonlo
3716214570,rxqfm
3716759879,fddxj
3718771685,nzntv
3718859311,isbxe
3719615194,usqmz
3719618461,qzxke
3720306869,aemro
3720795586,uzjpf
3721661846,knuox
3722286167,raegd
3723479737,wkkpe
3724136982,pxkmp
3724834554,cmwjz
3726460091,dnacx
3727218601,pkjwq
3728152739,eljrd
3728477682,upsly
3728662520,uemkf
3729661708,semng
3730727476,yzvty
3731137300,ypwrj
3731172092,volkk
3731392609,ftask
3733674074,akckr
3733839724,mcgdg
3734081795,eiozq
3734100812,dwmao
3734268059,rypxv
3736536334,ozsew
3737509412,oybre
3738975932,ocdcv
3739230501,hysjc
3741320054,puypk
3741473506,blxyg
3742668156,hvlhn
3743944460,gomcw
3744787560,hfltc
3744895414,kfbyi
3744913617,khxvt
3745812483,wdqjm
3746895766,ffase
3747182176,bsrbh
3750083982,xzziu
3754724661,kbagk
3755336452,zjime
3758076150,lpdja
3759229532,iuweb
3759231416,lshwz
3759257309,pommf
3759875984,wgtmp
3761563105,zqqwj
3763548298,oiorn
3763856368,vdqry
3766020355,uuwiq
3766044771,wkgjy
3766339024,cburf
3766921011,iqpkx
3767216186,mhgsk
3767272565,sozcx
3767430159,xsfda
3767862820,pqcju
3768419202,mjnma
3768490086,xrrze
3768977362,wlbqu
3769477988,aredm
3769977119,alodz
3770066366,khugi
3771878019,wrnhq
3772183597,eucrw
3773300772,ddupb
3773936293,hfdpt
3774211299,mdrku
3774352945,jjjyr
3774548945,iocip
3777351354,iqpwt
3777898575,xnnif
3779148944,nnium
3780121181,ywvof
3781425443,mwcgx
3783936389,vnote
3784013179,yzjor
3786713539,zyobp
3791705854,jonxq
3791959086,vkrqr
3793203368,wexcr
3793816576,agyjn
3794068796,nrxuw
3794449384,zzsby
3795625804,advlp
3796021072,rrcfe
3796043000,eapeg
3797277342,vycis
3798405656,ofemk
3798425667,pzzmf
3800997565,ngbjy
3801358732,acqbj
3803626158,wwreo
3810108386,iceic
3811000480,avohe
3815350687,ehlbp
3815475070,twotx
3816995919,wuclf
3819004691,cxzlc
3820285526,neqbw
3820929300,qluei
3821087802,jklxg
3821866150,xqxxb
3822123238,tialh
3822989958,kecst
3824312683,bezjc
3824379085,mdcjx
3826195751,pfvly
3826368339,sqpdy
3826716603,efjdc
3826809323,vpzvz
3830099429,wgcaq
3830226112,ltact
3830310150,gsass
3831167575,kuymg
3831981533,weecf
3836176026,whruj
3836602511,uqfgl
3837830142,nhwoi
3839256907,kryqo
3840123489,spnvt
3842902000,nkger
3845348429,toago
3846572443,bphkr
3847222853,uvffc
3848654816,lxkgm
3849194041,pezwn
3850940060,diwxj
3851098122,hhhml
3851132236,czbfm
3853632108,ilpft
3854165978,cvwop
3854632950,ythct
3855079836,qwxgo
3855098830,kjhdn
3855169895,gqpfe
3855462533,wvcuv
3855888463,hxwvb
3855943798,claoj
3857246879,axhyk
3859084246,mgueu
3859088680,ytkda
3859513595,dxsin
3859717231,vgang
3860016359,omglj
3860341312,tathd
3861016996,jmyag
3861028766,tykqt
3861777911,nfbmr
3862091982,jdate
3862186544,nmjgm
3864235155,ycprb
3864470580,bijcn
3865107204,cvmwu
3866163763,rtkdm
3866228277,wdsje
3869195028,prujk
3871699625,zcqfk
3871924094,jodir
3872442277,stejd
3872932835,mwnbi
3873461728,ggfus
3873488561,bwhuy
3874824613,jofka
3875110784,ofrxl
3875395657,ximqt
3876342567,ylntx
3877077112,acdlb
3877526761,zvzws
3878736072,rvupm
3879149768,pypze
3879620533,feeok
3880269935,hbedy
3882693487,zqdny
3882887687,rtijs
3883373830,lzarj
3884527841,byyuk
3884608163,ufqid
3884837499,wwppm
3885398032,lmofa
3885532202,bzgbs
3886140409,qspeo
3886932613,hecdf
3886983261,rrqfp
3887468783,rgaeh
3887532612,pqoej
3887569593,fpgyy
3887804798,flfoh
3889160101,tovkz
3892425521,giynq
3892605972,eiaex
3893546807,fxlxi
3893896687,srzyy
3893986282,hduxw
3897075428,olsex
3897179294,lcmui
3897426585,izqcz
3897616102,dmraz
3897718191,hwknl
3898773768,iszae
3901065499,suluv
3901398410,gfhee
3902708807,cqlpe
3903166028,jebja
3904379015,pupzl
3905053869,zmbow
3905885383,pmzke
3910243997,lqsdv
3911201481,fjwnl
3911533567,qnxnk
3911965961,jjfkn
3912237868,ztyep
3913365358,uaxde
3913891762,coqxv
3913951365,sueqy
3914406425,lmphs
3915132720,lvtyp
3916100721,nwrjz
3916707334,ndncf
3916940667,dbktv
3920282071,slvou
3920299258,acxbu
3922191355,hbaib
3922447534,aqwje
3922769738,rpsgv
3923214728,xbday
3926046066,yqwrf
3926254922,dxuwy
3926967970,njalb
3928278915,cchpj
3929868516,kafpr
3930505727,oypvx
3930845651,uyuiu
3931084271,npiws
3933482727,skrcb
3933888126,eprwz
3934016199,dsgnc
3934410325,gqqnn
3934500304,bvcag
3937387084,tjwit
3938520742,wdezo
3938523444,mispo
3938831657,amvbl
3939009668,xacbr
3939041017,ldmuj
3941163618,pqhdg
3942661897,spmdc
3943049486,hzipr
3943599268,kyfps
3944008362,kqrdy
3945161600,ozekp
3947948178,mjupj
3948658781,xmdtx
3949882796,kgpoz
3952083386,dkpfg
3953858722,xqyui
3953883052,xhahw
3955048259,fkhln
3955511923,rdzru
3956957017,epdza
3957032729,dpfps
3959109885,tgobv
3959152154,snlww
3959953387,ajhap
3960902626,ofiyv
3961436212,pivrf
3966132392,ysvfv
3967297632,owjzy
3968241419,lujbr
3968418770,utxfd
3968837401,toktd
3969504825,aerkh
3969730192,fdrtp
3970720964,jyeux
3971775742,ytpme
3972039678,qzlpy
3972208501,uuhsi
3972342553,xspmw
3972557260,scqnt
3972839684,sjvvl
3973238706,tvnwz
3974461761,jepkb
3976451632,qmurt
3977068882,qkelb
3977359586,qdwpy
3979479507,mimvp
3980132874,gucpx
3981937993,alkeb
3982239045,xwrei
3982774151,hvmkc
3983482438,qrjjk
3984260569,uxkof
3985383999,vnvof
3985668751,gfdxq
3985938311,trgqk
3986102134,rhgtc
3988308351,tiwrk
3988972501,ebzzy
3990374938,pkzrt
3990670339,fclgu
3996939259,kbnfy
3997397954,gwaoi
3997513761,ogcvl
3998757999,sjbtt
3999742522,rlren
4000434788,iiugx
4000748459,eguqn
4000973544,hxszx
4001475373,ulaaf
4002534273,jgcot
4003642708,vhgbx
4004334773,mzetn
4004967112,btefz
4005192841,otihu
4008342150,cdzit
4009275741,kqztl
4009417105,tvkpy
4009523040,lywfq
4010335651,koiww
4010591768,upqyg
4011392637,valsk
4012258669,xaedo
4012376649,jqrbo
4012509513,zhzkp
4012650142,rqpvn
4014203381,fbxfb
4014845149,dxepx
4014950824,bgqug
4015528741,mwezw
4016166287,waiea
4016298706,rsytk
4016916792,ecccm
4018505769,yvmwp
4019764559,athxz
4021110072,tlffs
4022127798,toyxw
4022454809,rgrag
4022898208,alrgq
4023388364,fcazm
4024793667,lzugs
4025760161,rxbaq
4029374977,rzgdk
4030653457,tqwrl
4031244455,aupix
4031835190,uvbph
4031897830,vjcar
4035184682,mxxhg
4036929066,gbhwe
4038284634,juwht
4038291944,gsnjq
4038837457,hqrgh
4039326766,eepbr
4040558188,kuxgy
4040567183,rnaye
4040684266,fixlw
4040762270,ajtec
4041218145,zrkll
4041690520,nekrs
4042017795,spgzr
4042544472,ilwus
4043670335,kygpt
4045120989,hxvyj
4046328183,atbmd
4047192084,aqbfa
4047318536,ypirq
4047655456,lynkj
4049691595,noyzt
4050653554,hahfi
4050663899,nsvzt
4051039653,oxlwx
4051435221,bayws
4052982418,ansbk
4053098487,iziom
4053707837,nrzfq
4054041251,geivh
4054405154,fnrcg
4054476910,wcvvh
4055595425,bbqcn
4056395290,kydza
4056881209,btlwe
4056945624,gsbyu
4058200748,dzcbg
4059783675,lcogs
4060253386,ekksg
4062507679,dwoir
4063704365,lglun
4065046915,bqaqw
4065480932,slywz
4065808028,zpxsl
4066549393,marjn
4066990738,rptmr
4067340173,xmxjo
4067791972,jshox
4068250747,pqegm
4069151330,pfukl
4071757639,dayyd
4073271194,wsvmj
4073917520,kufpj
4078664946,haypj
4079421247,umfkk
4080214322,umtzr
4081047647,mkbgk
4082410586,poyiq
4082984497,axhnr
4083524789,slzjq
4083766795,ekstd
4086103321,mrdrb
4086657843,ooeca
4087089726,yvbjz
4090690599,exbqs
4091091471,rxcbe
4091329651,gfqet
4094071407,knvpt
4096467534,cgojw
4096983590,zzncf
4096992940,hjbmc
4098493453,madbi
4098549533,ugupa
4098957529,hcgup
4099595755,gntfg
4101602699,msrgy
4103491794,adzmj
4103761231,pismg
4105335183,jnxxq
4107105638,cojef
4107789130,yhjin
4108016024,wthxi
4108138092,gprsr
4109592424,ifqfq
4110302056,memit
4110386669,gxprc
4110740602,hojkp
4111278329,tgfmj
4112075930,ioxsl
4112283014,cfhdo
4112539479,zxrkk
4114156663,aanwc
4114275576,pzrnz
4114292357,onrxd
4114406026,ydtwy
4115171752,qsyzo
4115259797,ipiio
4116001381,jatqz
4117019030,odvgs
4117448121,dwobo
4117557365,maymj
4120136758,bqrod
4121342760,ksuzv
4123141084,icnwk
4124270734,idusd
4124549202,pviek
4128080008,olbim
4128485226,kteyx
4129069053,wylri
4129079608,mgtzi
4131530782,inzuh
4132097685,rlkxv
4132125616,xsbop
4134055817,jaols
4135861160,syyyb
4136117491,rcbts
4138712670,dcbdx
4139374172,kzujb
4141082304,eobca
4141464883,otziz
4142486372,avjnc
4142625035,rmdad
4142725690,dwhho
4143203916,xdokd
4143298975,fkpoe
4144555673,kefgn
4144618792,eibcr
4147203005,hybwf
4149202539,suogs
4150547498,fatpg
4150940351,btsrw
4151050171,qwzfn
4151696448,ghvfj
4152102966,povee
4153152790,qnfwd
4154145885,kprud
4154799448,lbkan
4156647921,pioij
4159859419,lpqzk
4161140303,bijwh
4161635806,nzspi
4165153672,dobby
4165532198,kpwbo
4166094947,rmelh
4166505505,jsxzq
4166860684,rrloj
4166881359,ecqjy
4167592544,pxqac
4168994194,fiqvx
4169831489,vmfef
4171134711,jymno
4172537223,fsbck
4173727274,qkkxe
4173760243,vzfde
4174456955,lalfn
4174961724,fjggh
4175502856,elnau
4175625637,erdcc
4175800510,nhhvf
4176477462,xzugn
4177347457,qjttr
4179307155,ewynm
4180342143,vtzet
4180521243,tuokp
4181660052,czmza
4181793862,gwaxf
4182187824,rjjno
4182553753,cwofv
4182566149,kkqpg
4182879272,ibhgh
4182888936,ssllf
4186150608,kurcc
4187137106,vjisx
4187459647,tsuxf
4188049248,zmksc
4188677311,ytwzp
4189366814,ryrag
4189853609,kwgig
4191779688,qbvbu
4193604767,rokmy
4193979686,kesob
4194654905,qkprc
4196720041,onrgw
4196928116,priew
4197193959,geegg
4198657416,iyzsa
4198948785,uemhm
4199189661,eoegz
4199653544,tbqju
4200655468,bdkua
4201422875,bciza
4202851034,qvtrv
4203028187,yisiv
4203352820,zuocd
4203879835,qczcc
4203898064,wxieh
4204548211,slrur
4205448456,bzuin
4205846419,sbaor
4206276062,dwtou
4206303227,tfihc
4206309866,wmjzc
4207191229,ouqmi
4207552999,oiozu
4209488804,ojddx
4210195063,jpeti
4211496503,bgtwc
4211989078,nmhik
4213187445,voerp
4214210642,pcxik
4214537867,xtqqw
4214860488,ftdro
4216921168,mclat
4216946437,pfzcn
4217632045,qnuoe
4217945391,dgqnl
4218554131,iqibv
4219712206,eyjce
4219881191,qmyxq
4221302911,awfhe
4221720964,ymvhp
4222228141,wsnzw
4222260208,fgwsn
4223666564,cbxxw
4224577749,sekex
4224847139,hcahk
4225313662,yanjt
4225655228,zhqco
4227526736,nhweq
4229688430,gyoih
4229937727,znvmc
4230179894,cvufe
4230482827,ctesr
4230962356,rrwju
4231133607,ttxun
4231747049,lhmyo
4232362975,nokum
4232566887,mbhrm
4233374159,vswwb
4233769513,opewf
4233795887,jwidc
4234330155,uzhxv
4235037606,dcxjm
4237125901,wcjbe
4237248149,jiath
4238219963,kqvst
4239021999,evsuz
4239042196,pztld
4239507971,hiwya
4239990962,nkpmi
4241078952,byind
4241275978,mbgxh
4241334501,lqepk
4242512580,kcxcb
4242531021,gyjxn
4242591354,groeg
4242808210,ujndk
4243097726,smvfd
4243804749,dzfqh
4244370724,wpryl
4244527672,tatkz
4245261226,ytobm
4245745173,nyesp
4245833315,repey
4246824404,nplyu
4247187376,lumjk
4248573124,fdhnl
4248835037,mdcqc
4248907661,fqxdc
4250542997,kaouh
4250687237,qwxsz
4252601727,crwqa
4253934540,gonie
4254071144,rvice
4254101469,upcdv
4254375287,hvfen
4254927737,jqbrj
4255477446,arlnx
4255882219,iboot
4256198690,zbujd
4256743323,fnwxc
4258194445,dscyy
4258303792,hocqa
4259212370,ddixy
4259967028,jcgrh
4260340291,mcqaa
4261153645,yqehi
4261476515,hczkf
4261514794,njxhl
4262235761,hhcob
4262355876,ezuos
4263554270,wevaj
4263833432,zlfjx
4265815869,lpyoo
4268782021,olcby
4269346430,gdxqv
4269355406,ncphg
4269604047,iecxz
4269885573,sblsn
4271830736,ktkhj
4273862168,oeadu
4275214177,vpaem
4276140818,ioiip
4278646288,owsnk
4279399318,nmdru
4281452623,nnodq
4282632218,vzzpf
4283557614,lapaz
4284078093,izcju
4284492932,cufdv
4284595306,dlubk
4285779475,bkwoo
4286538523,fcmae
4286624509,tsfre
4286803680,hfiwn
4286836246,bkxij
4288756666,rbqiz
4288898339,smcql
4289150929,zfmfm
4289414109,etexb
4291805251,qtwps
4292723200,nyxmc
4293051849,dslah
4293855033,trohp
4294170657,lfvsw
4294609900,xvfmn
4296296499,hihkc
4298002895,ubyze
4298250002,fzdse
4298922919,vchga
4299085127,hyaty
4299330167,maivg
4299472233,xhiak
4299765844,rkelr
4300257168,drgfn
4300554847,gyeqf
4302510746,hydec
4302679928,bpnnz
4302696472,vienv
4303028240,jmbjy
4306520258,etnmv
4307812350,luxwt
4308340022,nfmbe
4308345697,mnqig
4308501816,earob
4309490637,uhtdf
4310086312,aqttu
4310871826,dyoqa
4311422089,xuskv
4312184584,hpodn
4312946593,fnhpg
4315809081,pzjiu
4318986442,pwsxt
4319950223,jnpgd
4320833593,nnnhr
4320868011,easyz
4320970328,pgewl
4323098659,jfriz
4324212178,xclqh
4326004371,hivom
4326151750,greih
4326255891,ikwew
4326429187,cdujv
4326833603,rpwsl
4328015314,vakxd
4328348139,vlkqp
4328553304,ehokc
4329650633,dxwzx
4330550700,qajgg
4334230390,mgfli
4335113165,bcmfy
4335129788,ugstx
4335572168,ydxfb
4335576345,jjxtg
4336230708,iwgec
4336304190,mbrnw
4338241794,oalic
4339225634,yojmp
4339947521,dqelf
4340055146,kqrpj
4340341977,awqba
4341681636,dbzxh
4341894476,xrtsn
4343507565,patya
4344024555,fabxd
4344320622,jbdzs
4344658243,ifdjo
4346631883,caymp
4346805112,ytguf
4350148414,axnbp
4350191151,zvosp
4350564199,fiqvq
4351145923,xyujg
4351803588,cbyxb
4354694559,vqtxx
4354795399,eqlzf
4356096307,uiory
4357965082,rrswm
4358736571,aekzc
4360923466,kdzln
4362697893,bljkk
4362748948,xsvsm
4363858687,wowkr
4363921899,lejiv
4364486174,wtwvf
4364652082,zqfhm
4366440744,ejvwj
4366479788,liqpd
4366879023,xridt
4367549843,jheqr
4368351518,qkgbi
4368692005,ygspp
4370458709,xerhl
4371190130,rhdgo
4372686993,heyia
4373239482,udfoj
4374131975,relwr
4374753346,cwejr
4375638272,werxt
4378666713,dqpjo
4380025538,jnram
4380344005,labqs
4380391672,lgmso
4380421907,ftmdc
4380571683,sirws
4380892733,cqleg
4381841209,oevzm
4381939128,hnzqf
4382620056,jxkfh
4382761862,uuskn
4382973148,qtmyu
4384307000,zuayu
4385538411,mongr
4385637473,bxcse
4386409000,afghj
4387501828,xovdz
4387519035,yobvt
4388699402,ytfua
4390945413,sevsc
4391775473,ifhps
4391989665,kvlyf
4392762367,ouryz
4393354841,rwwue
4394016234,fhrfk
4394742714,qbivg
4395214825,mxixz
4395573917,grhgx
4395648673,kazgj
4397667496,fwyro
4397912214,vnsfh
4397938896,tviok
4399956643,rcfym
4400266698,cjvig
4400460990,bapir
4400635143,zcdje
4400832466,rpaut
4401366783,wdpjd
4402528635,lkvpi
4403450156,dobui
4404262852,qfpoc
4404464096,clmnc
4405086787,tbukg
4407065006,bakvy
4408860268,zebxh
4408906083,feqxm
4408936603,boccy
4409053491,bloki
4409084467,snxye
4409243492,iwujt
4409384184,dncxd
4411813074,cjpij
4414619250,zxwgf
4415602317,soilh
4416672852,gqckf
4417376808,dkjyl
4417639816,skivc
4418335673,hjrel
4419057265,xjpnd
4420628812,nyyuy
4422122775,gbcrc
4422468548,sttaw
4423606478,jukae
4424056633,zyaml
4424802554,tkopt
4425371352,xiyku
4425401971,ezoed
4425606699,dydmp
4425732293,wrrgr
4426622539,ezuat
4427422327,icggy
4428258086,upzhd
4428520660,fqhrk
4428623237,pevhy
4428933474,oynzb
4430100457,bhaxw
4430311371,ufbnj
4430434833,otood
4430437413,bhyog
4430969444,shpia
4431231281,qwquj
4431353897,bvqur
4431504214,noaqq
4432796542,ssxwi
4433459493,ccxnc
4434048932,fwgdk
4435283179,utfxs
4435876651,jahiq
4437560352,wpvfl
4439365565,uobti
4439698390,yigpk
4439752746,jhpow
4441297482,xpwpj
4442274024,faydi
4443040896,zykre
4443604838,uyujv
4443661019,szcur
4444980140,imxrq
4446008615,zspaz
4449897495,qelbf
4450339789,twaff
4453458792,rdhed
4453927465,dlxcw
4457885783,knbwn
4459057810,shrpj
4459147766,vbleu
4460171922,tmgas
4461480082,ezvrt
4462597186,tgorl
4462879890,mfwdp
4463169297,tmbpt
4464237888,sosvg
4465439210,hwbxm
4465726319,vymyf
4466080151,wumfq
4466776290,iejxt
4466819634,gukof
4467979441,lgsts
4468620394,xfbvh
4469686427,xlvjh
4471125363,bgcye
4471514115,fekyj
4472001054,mwgcs
4472328676,zhrhd
4472965999,psvxt
4473069780,tsqti
4473178591,pnbxj
4473731557,eejes
4475149191,wbkki
4475589369,czatr
4477188531,vvtye
4478208583,rtgli
4478823603,akqye
4479032717,vecko
4479592785,gbzmk
4481776744,hgces
4484353934,gtdaw
4484905323,oesbd
4485101704,cydpb
4485165235,hwevi
4485584311,evpeu
4486361621,ghhhn
4486537591,ubdwp
4486681925,lljby
4487299836,tilfp
4487515131,wnsws
4488941995,kioas
4489211249,zohne
4489736533,xwamb
4490548268,slfbu
4490892623,adgix
4491824307,yenvs
4492044177,qzybc
4492896046,vubdf
4493203998,uvjjl
4493208055,yazqw
4494944014,qwpcq
4498905368,qtrwg
4499103851,dctgw
4502111131,wpalw
4503449528,nelbc
4503849716,stvqq
4504661222,rquil
4505541119,iurcn
4509344577,sjafu
4509509839,ykuvl
4509944460,dsftb
4510426473,wzjst
4512117643,lrrxl
4512878574,smrmm
4512964763,ogtog
4514578742,zpznb
4517250414,uskmh
4517639615,gfhwv
4518249802,icckc
4519433263,icozs
4520075223,ccrhh
4520721657,mgplc
4520741029,iroza
4520951352,xibza
4522612943,tstab
4524117291,hrhyx
4524189328,aevrz
4524650666,xuhcz
4524768881,xqlao
4524912309,lyrze
4525349068,aondi
4525397151,yvjod
4525755702,pxtqc
4526748179,sdfod
4527718750,vvzwq
4528933531,xinbs
4529367127,cwijw
4530368812,dvyjp
4530372695,iscsr
4533043459,kyunf
4533203909,alvul
4533249324,llito
4534061407,gfehg
4537393096,cvziz
4538752628,tkqvu
4538928903,opjdc
4539988514,kmcgn
4540007482,ksoed
4540259933,qibzp
4540643636,mtgkq
4540649670,mxmyp
4543207382,ojjbp
4543815175,daucr
4546211556,ospkz
4546345409,itygz
4547323653,hlplh
4548122902,onwnh
4549226033,hyvgq
4549548741,oumva
4550037204,rypps
4550290948,ciyed
4551194562,jxoma
4551795051,plqnv
4553587159,shiui
4557337338,rudov
4557960984,ajimo
4559436953,hgvfg
4559636882,lkdci
4559879378,hbstm
4560831106,svbbc
4562026463,ssotg
4562051289,dunfu
4562175830,sihff
4562279217,sdbjy
4564791225,kztyg
4565350275,nphfi
4565469296,skwtz
4565943295,uitox
4566241949,xfclb
4567557569,wbefr
4568027226,obbvs
4568614859,icjdk
4568989572,ehbjy
4569740564,vhpmc
4572882583,mcuip
4573634111,jtvso
4575017991,eclmx
4575514738,hcngo
4576696933,ijnro
4577228118,dsoeo
4580115509,ywtus
4580311549,tftax
4580874626,xykca
4580984551,onfhf
4581525209,vcwtw
4582471430,yozac
4583718740,uoede
4584536998,sgxow
4587141817,rfegh
4587868013,wcuoc
4588072370,bsamx
4588406883,vxlqm
4589017293,jokda
4589194323,vfwui
4589208856,vyqkn
4589938965,fgzpd
4592005435,gdbty
4592375939,sefof
4593110290,trdev
4593141624,eobtr
4593314041,ggmvb
4594263197,trufv
4595972583,benvu
4596445828,ytfqg
4596451757,swndn
4597478517,voybu
4597715720,hcwyj
4597881357,pkjqw
4598713257,ekysl
4600056491,pohgr
4602069606,cglpe
4602214411,fkkrv
4603598099,fovco
4605087137,dytkj
4606285006,bsmcu
4607587384,kfzxq
4607815538,mcowi
4608660234,coudl
4610228333,uqlso
4611385405,opajj
4611712962,ghuxb
4611720510,vfkjy
4612417786,kfgkn
4612693243,dixof
4613911840,nusof
4614186371,qpikc
4614527993,ubqpu
4615369059,kgmjd
4615742407,cbpum
4615750747,duhky
4615956291,uovsf
4617553057,qokiy
4619596431,yvngr
4619671576,chqrh
4621929749,wtmng
4622098565,tsbed
4623183325,kfrsg
4624283097,arssj
4625458019,rlpwd
4625857214,icyeh
4631327604,brqdl
4632305205,nfzzm
4633502189,ftbcc
4634067881,ysjjy
4634191872,bhxqi
4635003055,lqgtk
4635017861,tmasb
4637590709,uefef
4638749637,ureom
4639913293,eoolg
4640205818,kcujh
4640590589,bywtu
4642376595,ihada
4642601448,trhxs
4644037261,iwjtr
4645787131,jksvn
4646052182,htegn
4647685917,kyymd
4648334726,opqdp
4652861937,xwfcu
4654337255,jglmn
4654721345,agjfp
4655192553,ngdfl
4655924442,nfdvk
4656670625,qqkwv
4656901096,iphai
4656975601,dblvc
4657015951,tohgr
4657459325,gxruj
4658652681,dzaar
4658829659,srnzk
4659361658,bvegx
4659615675,mdrdn
4660086019,ekojz
4660754716,stnuq
4660812846,tmrjs
4661389651,rdukj
4661848727,wkdxc
4662353908,njeyk
4662515445,rgghw
4663576347,uctoi
4663822460,ejfcb
4664282765,wadhf
4665570540,xdtnj
4666498326,isakl
4667869858,iitax
4668972667,fhspj
4669242915,ftptp
4669273894,pbrwd
4669797477,noazr
4671143357,vcdmc
4671224647,xselh
4671926776,huvqw
4672598300,wnqpl
4672620584,dzrbr
4673923308,hcgsf
4674039187,sqpqb
4674679985,jdnti
4674853907,vrspx
4675751724,jxzvz
4676003653,hcgrp
4676636591,mstrl
4677846642,lvnzm
4678651976,mqxzl
4679016815,gveul
4679695143,mmfwj
4679751431,aynrc
4680018403,iztih
4682177748,xgfvn
4682540399,fxtcf
4684256171,kncje
4685050033,umaoh
4685299080,xdaag
4686872324,luzgg
4687771490,nlold
4689853418,pdipv
4689911842,qfgep
4690477423,plwue
4690530776,zxzjv
4690587682,bvhfd
4690672477,nrgpi
4694137066,ccjxo
4694162146,zqxey
4694782913,hhaes
4699624261,tghax
4702276427,pisyl
4703836111,tnbcd
4706687993,ekpqu
4707286248,ljgtw
4707707831,ldauk
4708798889,xasrs
4710653061,djnpz
4711652522,lqzgs
4712068063,pawxb
4712117936,ycjlc
4712245086,fvarh
4713861315,msubf
4714557728,seaej
4714811664,ysidn
4714963853,pxznl
4716018102,wuwol
4716047886,culec
4716929543,zxhdh
4717801254,qkoey
4718587720,bdvec
4719168926,kupss
4719222610,bcgds
4720424059,qqbym
4721506899,hxzrs
4723607569,zjuif
4725001389,qmvkf
4725146236,ujrzn
4725837541,cxren
4727319084,aoxfa
4729173054,cbisa
4729317440,qwark
4730457125,uqkfa
4730798075,jncdu
4731047326,rgdne
4731153260,nnhgt
4732533050,uvrcq
4733050399,xsbkq
4734066535,qskpr
4734400010,lcarz
4736009678,pywkv
4736290574,fwixe
4736321443,irsqt
4736690563,cemyo
4739259143,nheek
4739684931,dzzrj
4740226939,avzmt
4741329295,zyqtz
4741383133,nzysf
4742927705,abyrc
4743405622,zqxyc
4743500956,uzjjh
4743646816,xbodq
4744732640,qhhjp
4745958997,boqpi
4746902206,bpkag
4747016662,cvpib
4747436726,fkftv
4748955152,hgxlm
4749534082,hucsn
4750643394,ecjwj
4751060053,azsqr
4751113891,bvrqd
4753034828,bhags
4753297591,vnfef
4753342612,iioal
4754839576,bdoaa
4755094601,uvtmz
4761120368,ynilo
4764362206,mupgb
4766101939,jfcor
4766360802,wjdgz
4766390924,xxani
4767117220,hshhp
4769403201,bvcrb
4769409749,ofxgn
4770179321,wikxi
4771638681,krkvm
4772975693,sdvov
4773543436,znngv
4773803184,jjnew
4775006026,uttod
4776047655,oenhz
4776296123,kgyep
4776527081,fstbl
4777514205,ddkdb
4777565964,juxhf
4778180384,vmlhx
4778481336,hyvbl
4780601235,ngmwc
4782033269,hfkva
4783627732,xcnjm
4784106378,pvwou
4786906072,xrbnz
4787127164,fidsf
4788107586,zilig
4788443558,bmnhc
4789657058,bntvg
4790404815,zybcp
4790501097,klvax
4790506697,hrept
4790869056,lrsfa
4790910260,rzsyx
4793000772,dsbev
4794135282,jzgmo
4794315060,ozipf
4794827133,ilujd
4795802330,iffdx
4796462510,qnwsx
4797426608,cllpc
4798766297,vgceu
4800496949,iqgxm
4800797329,brtci
4803292727,sikye
4803446933,laucz
4803870750,jkhse
4804791249,jtifu
4805372771,ctvyp
4805616091,hyukg
4805869454,hlzvx
4806676860,pvagr
4807133932,fpeer
4809424044,yksmj
4809877213,qhnpw
4810034241,doggu
4810060501,foyjf
4810384006,cvces
4811376243,cgora
4811734422,ezzmi
4812396711,uzdyy
4814124078,stmmy
4815001889,uefmv
4815945265,flobs
4816179682,dsrzs
4818356534,dltbg
4822552247,zuzfq
4823205695,ujmuv
4825126577,mxcjf
4825344190,jgzbf
4825404853,kapwh
4825448012,bhiqz
4825789407,yjfcp
4825794132,tkiji
4828846594,oaoux
4829065738,kzqyz
4829406211,wjujc
4829892029,hhkqc
4832095996,vvdhx
4834132012,nfvht
4835858962,jlzpu
4835973670,ckgml
4836983308,adndx
4837268312,cfpxq
4837646406,cfzss
4838779973,aovez
4839606235,efvre
4840307037,trzxm
4840679463,uiskt
4841017046,yvvep
4841255290,sukqe
4841877096,tmkvf
4841987996,guujp
4842710433,imyux
4843541150,saooa
4843742335,dvvhn
4844219250,adncv
4845433218,jwaeu
4845538983,ftkfv
4849111259,czvja
4849520770,jfpsu
4849614790,vxqcb
4851958709,gtyqf
4853027131,tprju
4853058852,zujpm
4853595378,gbhuo
4855271326,ezlya
4856884205,lggir
4857163106,wemfa
4858141804,lfjpf
4859941975,taero
4860300802,xjsvk
4860363906,ypumo
4861690079,hizex
4862235990,iuave
4864710242,zaoee
4864735227,cgkih
4865499026,apjfu
4867888014,walqz
4868621940,juuko
4870456347,utfbi
4872059724,reykq
4872775903,kscvv
4873898390,fmvwy
4874425867,qlrbj
4874808273,eyfsq
4876782677,cyvoi
4877816101,culua
4880070423,mtdwn
4882550572,xjtiy
4883869186,vkglq
4883979522,pqiom
4887551934,zbrgb
4888125668,cymxz
4888296270,xcgxx
4888422271,hnipu
4889162518,zaeut
4889585019,syxfe
4890188084,cijue
4890595560,hpgjt
4890951415,aanat
4891319712,onwrc
4891550738,qqgub
4892459697,gexcq
4892566345,unhcw
4892953655,oioah
4894872622,tjogs
4895211060,bfril
4895370012,rkcbo
4895562124,afiko
4895644029,hnoti
4896287112,radcs
4897237717,wsfib
4898978821,oevka
4904814809,jhtmv
4906253653,wfwxr
4907554446,aocwi
4908147210,wzeww
4908179954,asswf
4908406486,syrlv
4908931912,yedqx
4909047086,yebpg
4909469504,ayctr
4912618754,nqbgr
4914593951,cxmqj
4914709340,owqvv
4914862283,zwmch
4917846422,igolz
4918872005,sfyrt
4919781854,hnlwi
4920423212,mqsul
4922033541,rnsoa
4922351276,ydhir
4923074065,okoxy
4923617671,qssbh
4925955636,lewkc
4926009422,zyhug
4927111803,xaahu
4927714983,mjhzm
4928634245,ifwzs
4929754454,sqdxa
4933267324,icaef
4933756061,dkhcs
4934187542,pekeu
4934796828,yjcnc
4935474923,rcszy
4936599351,yjewf
4939576870,vwtiw
4940451264,dfcsg
4941281520,xjfzi
4941341971,qsmye
4942233159,dqgmj
4942343376,rnrbz
4942717992,eobtp
4943628985,zcedy
4945666827,uyrqh
4946834287,rzqwy
4948260926,epulg
4948764641,morhb
4951341066,xuumb
4951370176,cblfz
4951544958,tqsgz
4954405935,pdfhr
4955318252,navld
4955592339,xtehp
4957332205,vvugu
4957823903,ozcpi
4958403694,fwvbs
4959792925,icuha
4960465363,gmvtp
4960658962,ghidu
4960759046,wugim
4963319299,kddlx
4964323584,rnvfc
4964357961,nvqpi
4965652268,odmqz
4967020361,jfrbk
4967246774,klhgc
4967892201,thgfl
4967937532,xcizl
4971047992,afckt
4972366963,hjreg
4972604425,lskzr
4972720881,gorsp
4974675682,mgvqx
4975184268,txakm
4975270617,iwwbe
4975855772,rtsbe
4976065776,rpoxf
4976294179,lvfnw
4977202324,tajue
4977465221,xyhgp
4978321394,bmoih
4978494010,sfljc
4979295364,pmzhl
4980120010,crzwb
4980650313,nnual
4980701502,viemc
4983028551,pdbyv
4983379967,sdxzu
4984967469,nrhws
4985823067,kiuob
4991319542,flgpw
4993128673,vkiig
4993458827,nzvoq
4997060770,hedri
4997745142,gjdwr
4998725358,drtba
5000702312,mtdxs
5001143071,cqubn
5001475702,xbodc
5001707572,roeqy
5002360332,gocet
5003564435,uvlws
5003577352,xwdpo
5006014057,rvoxh
5006030115,lnami
5006070082,pccui
5006405230,jgtuc
5012743560,sqgbd
5013012843,kleig
5014791547,kbgdn
5014926668,mwgpk
5014964632,pubrp
5015791218,brgxq
5018576109,vgghj
5020416786,gafbi
5023384650,hcmlq
5023630706,nayun
5023681140,yffjv
5026574149,pzzxh
5026650164,atkzk
5028735136,tjztw
5028832140,vqbvd
5029664377,skpwm
5031600006,lyfqp
5031708311,fuqki
5032048354,redjg
5034617295,hbjxr
5035348531,vmnjv
5035491691,bezfm
5037121454,rmjdf
5037237308,bwdvq
5037550331,rzdeb
5038064820,sluwu
5038224701,dotdo
5040682760,vllfk
5042357303,clvvg
5042850734,gaoor
5043183187,jvisx
5043968525,axmrh
5045345067,pkbep
5046181916,mymbb
5046448600,sufvs
5046607814,khcgt
5048213052,juduc
5048328942,yrmkx
5049130004,tqpxa
5051228027,yyxbb
5051851183,yeuof
5051869708,muevj
5053485228,gvmnv
5053673859,valte
5053793670,nlarq
5056307687,kqkmk
5057696853,mlfmf
5057961673,qfthd
5060757045,bmjjr
5061173979,yqian
5061293034,orkqz
5061877426,wkife
5062040503,hqbij
5064654537,wxjpr
5064827865,zhwcc
5065039336,jsmwj
5065992727,qojhb
5066235608,xmwsl
5066375616,klszo
5068041193,xvxah
5068770008,gokjj
5070640269,xduog
5070889827,dnwzh
5071321273,ozjat
5072943120,gguhb
5074694822,qgfoo
5077438240,btrge
5078651367,rdciu
5079173058,ufall
5079920801,qyalu
5082125093,rufqa
5083145965,eblrd
5085539360,dxmld
5086352089,aumjf
5087159645,dylgy
5087618171,gajna
5088221809,fbmdq
5089206117,tlrqf
5089222663,ljgfw
5090636392,ahgym
5092517168,byrsk
5096326867,gaoge
5096782795,xldck
5097244116,esuey
5097686972,onell
5098164006,tuoot
5099751979,nxtcb
5100186902,sjukk
5101462980,civfz
5101742003,yltny
5101799228,jftpk
5103263342,qaymv
5104249913,ygfhp
5104394145,sgigw
5105436532,ozdjv
5107450144,ailyz
5107700130,obgac
5108317598,jxstk
5108818970,wvxue
5110362988,bvjor
5110882542,fwcka
5114004164,cmuet
5114773061,jtuwu
5117006250,zpkch
5117402585,fvddg
5117665222,vlygl
5117885596,sfwva
5118751924,qpazo
5119170457,huhbb
5123861666,xxrhj
5125374001,lyupq
5126124409,nbmyp
5126348591,aserd
5126942635,waetk
5127021111,rlgiy
5127024740,clfac
5127067611,fdjql
5127965742,nxnbd
5128739046,yvxcd
5129164833,llkyk
5130296017,zbmmj
5130942805,ubini
5130946402,mmkfn
5131237891,sjpoa
5131870550,xtcou
5132378379,zepii
5133154139,dbray
5133566519,kcfpn
5133902349,vvfhi
5134084951,vtljx
5134308356,fzgxz
5135418819,fqnzo
5136654702,hvkut
5138083054,enuql
5138344271,ixehi
5138601739,sbjzz
5139080157,woqoc
5139672794,dpicj
5140557193,udgif
5141420846,sictv
5142268685,kmjpa
5143004425,hghty
5143759060,daizf
5144158840,gseyz
5144764443,eboww
5145593896,lnnlo
5146252967,fxzzb
5146455264,kkyio
5147126838,tiwwd
5147534234,xxgud
5150523459,aeuty
5150559501,hkdfj
5152046268,ohnwr
5152548158,eybyj
5152757047,pvyul
5153385877,ogzba
5154086995,kxlvi
5154762450,iouio
5155209511,wmtyk
5155519325,qktig
5155700556,yesef
5157319809,qeuxe
5159578934,jnnam
5159978347,hqyyp
5160875949,iwcpp
5161212659,olrfl
5161213437,mbvso
5162097965,dpfal
5162477373,tmgew
5162771601,aaclk
5163062415,eugjf
5165816993,rggeu
5166899291,mclxk
5167231158,yltft
5168454505,agrha
5169029271,rtvvw
5169652940,npclc
5169698914,qlyul
5169850383,egxis
5171773741,mbmou
5172074796,emdqj
5173930063,jweat
5174557735,mpgku
5174945259,szpze
5175458845,meblv
5175544928,ttynm
5176141459,fcgru
5176301170,gjvyk
5176819121,bsfys
5177141464,wowsz
5177684528,rllpn
5177828659,wpqjq
5178985596,xogms
5178990741,vzrwm
5179013591,urkxw
5179050502,hkdtk
5182622058,daasc
5183192411,uomoe
5183655106,jengz
5184782817,qbint
5185002595,aynxz
5186398745,qzxby
5187702238,qzxzn
5187753770,owino
5187765944,oahgp
5188429696,bnwmv
5188870850,bekew
5189072178,zxgkh
5189946950,znjlk
5192794560,bhmws
5193195992,gxfvu
5195802988,ajgvj
5197156723,eqanq
5197547419,ffhuv
5198098345,cagte
5201912367,vnbsc
5203989784,ktbaq
5206562336,wceno
5207871553,qvsma
5208227363,ejnzm
5209693871,ggctf
5212739648,kvzsp
5213136076,bzypn
5213409649,bdbba
5213756121,gmgnv
5215401517,thcvl
5217275073,oahjz
5217583935,hiwkc
5217845959,csexf
5219236892,msmxf
5219445177,kiwik
5219582938,buydn
5219651259,wpowd
5219920603,pczfk
5220430083,wlqxo
5221695359,sazxk
5223444627,uathz
5224321114,euylt
5227702589,fndsk
5228609084,yttzr
5228812614,eiawi
5229187566,sbkxr
5229576010,vbwea
5231720854,jgoym
5232319343,axfrh
5232556268,bsmtj
5232662137,qonjm
5234943591,wdxrc
5234982927,awbna
5235136922,fytvo
5235328550,uwrqs
5236087600,jsmfl
5238614789,lcwjb
5239315522,pjjwh
5241185902,lcrvu
5241845598,wdalj
5242601165,sebld
5243565817,exymn
5243730949,uzwzu
5244415820,tpall
5246330158,itpiq
5248035053,gwbjh
5248752473,oooro
5250260070,oqwrf
5251603053,nuauc
5252730570,axjsj
5253574390,xefkp
5255104483,mynsv
5255109451,flacl
5255173499,elhbq
5255364480,ogtuj
5256410749,icyvc
5257619326,svlwz
5259362981,cgqxm
5259663610,lvogy
5260791396,euvbx
5262018477,qoyks
5262825673,vpsba
5264198054,rbqzt
5264293173,capfi
5265364852,exkna
5265800666,vcazl
5266589013,tyfsh
5266938524,diado
5269028958,wvrzb
5270955741,uxvqh
5271482423,rssrp
5274376505,wlcoe
5274471712,sbwun
5276159259,kkcyu
5276249749,swjil
5276935360,edrxe
5278518602,sefio
5278790660,pbddg
5279110787,cxwjw
5279521769,lvype
5279736311,tdpdu
5280159156,bygbo
5280295018,mqffl
5280371090,gokdz
5281445330,grhos
5282007567,dqbdh
5282168582,gojat
5282465182,pbyea
5283403412,pfaer
5284471435,qdraj
5284671674,rdsdr
5284733079,ckoxh
5285103042,ufjpf
5286014842,aoczk
5286950426,iotmn
5287068474,zvjku
5289227045,isjrn
5289481973,auxgs
5289760353,fovdg
5290189342,oggdo
5290849863,gwkfa
5291689819,yxzft
5292193869,hfacr
5293409078,bfdzx
5295358162,cjxxe
5296718181,ecqbh
5297969030,muqic
5299242044,vcaqj
5300812237,iefpz
5301659994,rljtp
5302150766,gxedx
5302566348,enpmi
5302620784,jezwq
5303994670,xmsrh
5304097271,uoaok
5304872537,eiqng
5305205668,anxcl
5309484910,vdnzu
5310084295,ncabc
5310344812,kepfy
5312116042,xkocu
5312548196,hjiay
5312971021,ctasz
5314474354,bpsoy
5315214100,cemev
5316625682,bkpfk
5317107689,qrpld
5317633831,vtypr
5318785564,eprfy
5319236066,jhaec
5319414950,fiizt
5321142118,etgwg
5321642172,tvree
5322255229,pvqwx
5322717000,pejot
5322954504,kodua
5322969685,hesen
5323161508,hfhug
5324200834,xprda
5325172287,oujdi
5325894292,afrax
5328942219,ybbgw
5331175818,pyboq
5335971897,bpxve
5336377870,cxdvx
5336670159,zzhux
5337567051,ntjgj
5337949451,bnvek
5340080112,svomd
5340238480,qputi
5342206630,jmysm
5342389251,gfftv
5343060472,zrmwr
5344102178,uiauf
5345242662,dblze
5345301463,thwur
5350034256,jrfjk
5351038241,fwdiy
5352565625,jepfo
5352602396,ttvra
5353961724,weegf
5354211760,rzbjv
5354933817,ftnae
5355049896,yajrc
5355807079,yjjli
5357913971,lrbav
5359234317,nufnp
5360204940,ptlwq
5360342410,ibexx
5360836611,iqqyx
5362165500,vmcym
5362186402,rgyui
5363107182,thrwg
5363708374,rbntq
5363871630,qjpxc
5364001937,obkps
5364448838,eutjm
5366348514,bgljb
5366424846,yoslt
5366828021,pgjdt
5367676930,flmre
5371396919,srheq
5371572687,pdgsf
5372538508,yfxvw
5372742617,rsiza
5373762418,ykqwz
5374348654,jqisp
5374923845,oydno
5375920720,sdsrl
5376146137,eddxb
5376703318,ghjuh
5376754834,yzuqj
5377553264,ihfae
5378077367,hadrx
5378799972,vpvqe
5379451786,isogb
5379453547,vxpyk
5379567778,ahobx
5379807567,ikden
5379913506,gfzce
5381049357,oilng
5381774627,owkqb
5382733604,zxkrj
5383141567,okzwq
5383475499,fkycz
5384064741,szjoa
5384617202,gofrl
5385360431,fkwwk
5385679578,miefu
5386041582,bmexd
5386465605,ghqvj
5392733483,oyzpo
5392899859,rqimm
5393580282,rjacz
5395842125,acnki
5396113476,vxrsu
5397055793,gfrss
5397691506,yuvki
5398237405,ygzun
5399322028,moexp
5399879076,mstpb
5399952094,tfums
5402053105,kxtif
5403319368,ihhdl
5403351821,zgpus
5404464963,bvkjr
5404899407,rdamt
5406131305,dqssb
5406530988,qmron
5406589606,isqus
5407615023,txiei
5408883113,kdqfq
5408889831,iyihd
5410340676,nsvfr
5410701020,vmwsf
5411482584,yqlyd
5413619052,moiao
5414217492,gweaz
5414277347,piafl
5415174318,bzhpl
5415764001,wwcph
5416156891,isyqx
5418982248,zpabf
5421259247,fulnr
5422030133,nrmdz
5424451309,kgjpo
5424858012,smrca
5426570792,bvcqw
5426922927,cmsqm
5427868248,kuxmt
5428035576,rtykw
5428566723,mhprp
5429796816,roqpc
5430301508,johdg
5431354146,sasll
5432555700,typnf
5432880915,zzroi
5432898966,mrzzi
5433216728,vjxmk
5433831119,htuph
5434374488,bykxx
5434691618,vphcf
5435719298,mvfpf
5437448625,hzkip
5438361242,grphe
5439572503,rytpd
5440636809,kmoht
5445000345,tfaii
5445041988,eekvx
5445472264,wgpnc
5445771436,mdiey
5445953906,ynuqk
5447080031,brgrs
5447223243,titwn
5447576917,lbqbt
5447648133,bejeh
5448234429,adcho
5449466730,xkixo
5450272882,lmqob
5450845838,kkfhi
5452208978,iqkgp
5454628256,yqqsj
5455056531,mgqyu
5456506940,asjon
5459884086,uqaoa
5461098791,zeblg
5462991879,nmjiu
5463461291,thhsk
5463903277,nylyl
5463912702,wmgks
5463936312,hxquy
5463989468,smlga
5464270645,hwgjv
5466814173,tcmkl
5466844997,kvznp
5466910191,autst
5469612605,iolxu
5469961000,uwqpy
5472737043,pqydk
5474442278,nlwra
5475338600,yenyv
5478721059,wuyvs
5479179918,nshti
5479337303,ioaeh
5480114530,aften
5481555239,dnovq
5481648549,qvaow
5482833723,xxzri
5483189093,idwrl
5484930982,xdqno
5484944019,vsill
5485024336,fobjo
5485752025,lzojz
5485788260,jmoap
5486815678,pmfio
5486887169,qasvo
5487251386,ydlnh
5488649433,tzokx
5489458130,eelxi
5490317992,elman
5490805943,znmlw
5492577197,dhkdk
5492992843,szujx
5493998508,oaphg
5495674794,xvtvi
5496561251,acnxk
5498629364,zohva
5498785192,wyfaj
5499414238,doqru
5499825263,pzqpf
5501902770,oygte
5502201252,tehtl
5502279166,jjelb
5502968332,glvep
5504898085,ztaue
5505238439,zvdrz
5506079192,sqxqg
5506899182,hvusc
5507496440,avkug
5507512275,wjpfw
5507949417,naxpj
5509018212,aippx
5509701426,emchu
5511279735,saall
5513001317,phpit
5514629271,jmksf
5515778303,zjpbn
5517515657,jgqui
5518195835,rtdve
5518595047,ltwgc
5518762550,kbacp
5519476661,ziisx
5519851878,cmxkr
5521358553,ejttv
5521471554,qyyza
5521939085,mnfac
5525589059,ehyjw
5525941582,bwpzn
5526715758,numtu
5527401793,tcbiv
5527657385,ovmty
5528122708,mwnve
5528198806,wglld
5529156034,qmqnd
5529418102,qhhph
5529834630,qilzo
5530730220,cggru
5534268033,jmdli
5535248607,pmgxg
5535528944,vfszm
5536240091,seoqq
5537018916,lupjx
5537042856,opkyv
5537673440,bgjyy
5539855590,cdgvj
5542475224,zhoux
5543611605,qjbgs
5544597939,lehgt
5544804911,lvlgy
5546314043,odaxo
5546667710,yavxg
5549510006,lvrjx
5550836570,lubhw
5551058362,tjisl
5552179070,etexb
5552530106,weent
5552943689,jrxpw
5555380771,ukiiz
5556438646,wbmig
5558037021,gnmsj
5558953680,tlogv
5559486146,vtqqs
5559793082,rirrj
5559982834,ccalt
5560527616,dcnbh
5560904656,hmwkn
5561351870,zmtie
5561353057,clkvt
5562468167,vxjth
5563984756,sholk
5564312941,ilrij
5566553883,kadts
5566830769,boykr
5567697730,jaupb
5567985056,mgkeq
5570113366,naysi
5572647978,khqeq
5572673905,etkge
5573198431,wehuw
5575900173,bzmqq
5576443994,hyblj
5576967731,silam
5579265474,sfjft
5579784879,efmlp
5581224156,ijezb
5581315597,ezzwj
5581437994,phadl
5583073989,rdslk
5583539214,wntue
5583629391,iavdn
5583652817,qqnpd
5583741268,wsmpw
5584326176,mtnba
5586675770,dpkus
5586950874,pdbal
5587986615,nuolh
5588091655,wlzsh
5588488549,joybk
5589028029,kxeuy
5590600810,tfbsu
5592178812,vckvp
5593105842,ronms
5594248415,tvdub
5595440193,uzweo
5597046350,trbqr
5597697604,nammf
5597701960,eebmh
5597775388,wbwrv
5600919048,vegjv
5601136886,bhnyn
5602040844,nkiwx
5602265556,ghprs
5603475057,lvilh
5603600677,klhbv
5605243392,xztpt
5606070130,uxuje
5607807733,wiemx
5609194670,vwnrb
5609703382,nywtl
5610081285,mplzi
5614571112,yjlaz
5615404450,obson
5617542157,kefzc
5618708444,pwkmf
5619582249,szbst
5619712363,vcmrs
5620608175,zwvhr
5620677505,zpaxx
5621110949,iqhrs
5621217181,oovrc
5622227935,ybimi
5622723055,xxkzl
5623637636,ybgmv
5625651928,bcnos
5626272126,unfpq
5626466202,eauoc
5627260745,ckjfn
5627303785,fwpyf
5629332843,ihdek
5629593315,guiza
5630312194,ewjqw
5630458137,homem
5632413177,tmhce
5634261446,nzirn
5635606593,srmcu
5637673529,wjfnu
5638239579,xmxns
5638451704,uyrvk
5640140911,zzgux
5640437192,picjn
5641727891,teypp
5641826718,awunt
5641885622,znydp
5642648077,lmpdd
5642684211,aaazs
5643152863,tbwxd
5643459026,owcot
5644298560,jkacx
5644917412,rphsj
5647188916,cuzdb
5647225360,gnvns
5647729653,vidsr
5648231854,stufk
5648545255,odrdw
5650975443,roqdr
5655678456,kwkpj
5657349919,oxzum
5658450590,zklgk
5658802705,shleq
5659442585,nhlfl
5660222812,khozl
5661367222,uvlwp
5661425573,lbdob
5661893010,dgewm
5662514929,slztc
5662822096,banqo
5663151409,sfzlf
5663274850,llztj
5663489087,hmeio
5664025489,yawyp
5665331414,arjko
5665367241,epvly
5668133353,rpxgg
5668565430,isjqt
5669289066,asmjd
5672498946,arewu
5673503347,wwzqo
5673921174,srlej
5674008633,zixrb
5674314082,hcxfw
5674497081,jaxxk
5675779140,modqw
5676236462,huguu
5677842134,qivyb
5678685407,dxbck
5679597457,znorw
5679834078,cvxok
5680249490,uoglx
5680899074,psbnr
5682345076,apwjc
5683631107,npsrq
5684510374,ibvei
5684757676,tehjg
5686198188,byqrl
5686692826,qxjws
5688033483,qgnmg
5689667358,gfjvi
5690574183,gnsqd
5692468514,kqtgb
5692561216,mdapc
5692767264,eidhs
5692813200,gsjjm
5693823605,vkdya
5694929013,kbryk
5695778005,leiqr
5696770633,gofmi
5700242797,qgcka
5700729845,fthde
5700774002,lyxlk
5701229811,wnosm
5701933591,puoeg
5703164945,pdlta
5704121266,ucryq
5706572495,tbalj
5706870688,wrxzm
5707844991,lukzz
5707931375,qxbai
5708390522,ylhkk
5708485231,yrfym
5708633768,sakce
5708937563,mtxoo
5709044609,isqzu
5709840579,vcnxk
5711479063,lossc
5711540099,toqzp
5713041147,abufj
5713052543,lmugr
5713200490,itygs
5713661406,szodl
5714081186,tevxi
5715338151,psmid
5715422682,ftphb
5717180242,lfgoy
5718108394,njnyd
5718350694,bfmmr
5718476563,nahxx
5719666998,fvfhi
5721338561,prxck
5722305073,ooyeu
5722637273,yfnba
5723799567,wessc
5725364977,gxmjx
5726488304,dzdkw
5732423924,iyfae
5733659760,occbi
5733758598,klxko
5734330849,smlsq
5734456741,qczlm
5734488685,wwuts
5735127191,yvvbv
5735794135,sdzin
5737248930,xfrhj
5738639676,qvxuw
5739017618,azprs
5740027368,mibzy
5740459091,fpvdo
5740858275,rirtq
5742814580,fhqli
5743725242,vqrsq
5745925696,fmbyt
5746797847,etjqd
5748275762,mgjtw
5748620504,xvtkw
5750369546,fiezo
5750631741,whjpf
5751616127,nawkm
5751652587,moupx
5751932854,nblrq
5753878200,jwrdz
5754762519,hlizy
5756136215,ljntf
5757094366,pozls
5758884036,qyoqn
5759105905,ioscd
5759363605,bsvsa
5759453186,jlwup
5760618612,irsvc
5760668481,telqy
5762644032,csyrg
5763765434,schej
5765225567,qmlhx
5765565989,xaoth
5767061700,mffxr
5767410732,cxzzx
5768824693,jijbl
5772183624,ixfmw
5776894314,nypjm
5777432600,jmadj
5778107768,brgtl
5780085577,dzkev
5780901675,menmg
5783595756,wjaun
5784736702,wttzj
5785165809,jmyjz
5785176852,anxek
5785442212,vgbvs
5786740969,zpdpj
5786834077,aygka
5787365220,jlhnd
5787949209,dckbm
5788124831,uudzb
5788389525,pooef
5788864856,ikgqr
5789606882,btctg
5790096985,ejztu
5791767172,uajom
5792392240,kegsp
5793364916,raatm
5794624390,fzllz
5795396390,yjjwn
5795429425,iilqo
5795712303,gljac
5797250161,obeaf
5798446247,ycslo
5800403733,zwbey
5800410595,kebjc
5800889707,gbnhh
5801657903,hqukl
5803715563,szwsv
5805816685,thlck
5806120428,pqsho
5806228826,bmwyu
5806904420,tydgi
5807980915,wkeld
5808009301,hkvcb
5810289356,nmmjt
5810558230,gnjwm
5810649965,dcccf
5810766737,oelga
5811403741,bmxjg
5811457511,iuowz
5811662767,xfypx
5812391740,lbltf
5812562288,vuenm
5814866438,ittmf
5814919143,tfcaz
5817989191,qzsbh
5818709341,hmbxp
5819998461,xcrfc
5821034682,mapjy
5821817277,kdbcb
5821837402,oyytn
5824066960,jfgmt
5825086281,jpexq
5825768832,yxgfu
5826094850,jzuam
5826349738,ctxev
5826979608,nbvmd
5827830286,ypgus
5828095492,ypjdt
5828589952,vszch
5828600611,kmlpw
5829910737,canek
5831127843,aehkt
5831220247,rsdwd
5831485515,bgpvf
5832318511,hsysm
5833434426,lvvea
5833496380,rcphg
5835521796,mvdcf
5836194383,hcpna
5836435298,mimlp
5837488352,rrase
5837654225,zxukq
5837742172,sysur
5838247065,udjzp
5840172738,yzkvi
5841382978,qxifc
5841571441,fctyd
5841732972,podya
5842258142,hfhht
5843023552,pjkua
5843270502,rfrar
5843652248,kqmmv
5843766707,pnlnq
5844018143,ixavl
5844356260,gymxf
5844874331,bpkew
5845363183,qxrmn
5845398649,fbfbe
5848289123,gudex
5849775874,wthhx
5850064869,herdr
5850093995,aujyj
5852316845,owgkz
5852435085,aexei
5852869360,pwvhq
5852976650,mcplm
5853070468,mcoom
5854353971,bwcpc
5855276584,kiaty
5857272683,fpmjv
5858757382,ixceg
5858814289,uixva
5858911615,dlzav
5860732371,kdygo
5861074359,ufuuy
5862318585,phbpj
5862340936,xhzqy
5863307020,rmjfv
5863802174,qgsff
5864295914,peimn
5864963167,ldpmg
5865110645,ybrtt
5865894587,qrlgp
5870560423,uyuvf
5871114850,dntxh
5873103926,foytk
5873610520,otial
5874119754,xseuf
5875840249,dtrin
5875866893,pdmwv
5876851193,htgjk
5878271990,bxqog
5878304970,lrkro
5878792674,oghzc
5879400845,yywgr
5880062739,rvsye
5880247728,rjnxx
5883553346,rsaiq
5883942739,jybes
5885583428,zuldl
5885610541,wuati
5885932073,zeanv
5886535984,kqnie
5887652607,vavov
5892733888,xorkw
5893106106,qsktx
5893507054,ojmcm
5895073070,jrswg
5896804590,gdmir
5897979930,ylfso
5898030772,abckt
5898750330,qjdku
5900979126,biszi
5901373637,zywdw
5902975240,zesrx
5905562348,jlkiu
5906034835,yhssf
5906518928,msnhi
5906653090,yyrtt
5907202748,xvekm
5908798666,wbcxi
5909862632,hkhvh
5910232418,buksf
5912344953,wsels
5913673781,fltfw
5915014776,uowed
5915995134,fsczz
5916595894,auepj
5917003541,hjnlw
5918826545,idgbk
5919196500,tyvty
5921525782,cdntr
5921970503,oeuqq
5923241518,sxjeo
5923306495,hbgjb
5923381942,ujihs
5923672068,lqldy
5923925584,dpdml
5924639040,erdfo
5925642499,djpxj
5925729987,falxc
5926525949,mlxpq
5926942559,zuxtq
5927494303,qrjxj
5927735581,oqkxf
5928358680,gnwcg
5928657247,mekxq
5930213214,zyedy
5930885409,xrhzm
5931524705,ijcsv
5932273910,lmooe
5932382133,sktwl
5932866663,fsjlh
5933359753,uqwrs
5933400831,gifhf
5933412438,kfrkf
5933622662,mfsev
5933810948,atwto
5934727917,qmdgg
5935931995,yijrb
5937008843,rehvo
5937431262,cwdge
5941079041,evpfu
5941159685,lysnd
5941382783,kdoyv
5942459708,seecy
5942556329,uzsre
5942727127,azlhy
5942807806,vqarq
5943713576,karko
5943771689,wemsw
5944768428,fncgq
5945491929,lglod
5946567300,yktmx
5947427569,pgidb
5948234738,qvwda
5949151807,pszly
5950319666,dqfok
5950600996,pacvv
5951331669,zmvjm
5951451233,qfcif
5952259960,yzqxc
5952532395,wbkpu
5953731465,uvfhe
5953920556,skecl
5955208062,zychr
5955946644,nogqg
5956110504,telpm
5957856405,tecay
5957980296,ksxbd
5958015509,qmlop
5958366958,gdvod
5958569389,paczl
5958794983,fpxrw
5959019782,jvfiz
5959853265,iijqz
5960793776,nhkuh
5961605259,qbyyw
5961970308,vfotv
5962585711,srkfd
5962615927,lndxb
5964139112,yjgwf
5964269933,prlde
5964307486,pnadr
5965280713,rwehb
5967817716,kbpfg
5968190082,epzyk
5968294272,tzmdf
5968982872,egghi
5969296768,wyhji
5969542571,zjhqs
5970625856,lvqek
5970772464,riggd
5971139640,eotze
5972044831,rzhqv
5972505675,zgepw
5973950393,zikuj
5974798593,jwzla
5975417192,vgfjd
5975929335,fcrqn
5976589423,emeyf
5978773627,dmqfr
5978928219,akvhn
5981144900,uhmlw
5982341120,xlbpi
5982343524,skaws
5982351473,lfaya
5982964809,kxxwo
5983072997,rdnmy
5984892611,dadgl
5986494735,sxofn
5987606904,tepnx
5988006591,hqlck
5988191421,rqcxi
5988670944,bqqwe
5988758150,oewjp
5990473546,rxxvp
5991135195,ndpmx
5991593224,dsxri
5992239863,ucqmq
5992707241,ohnly
5994096036,pwxbu
5994169096,gkpwv
5994283110,rurid
5994706714,qdaow
5995334644,debin
5996818142,vrzpd
5996941337,egeyu
5998068206,kkuwg
5998409727,hvxvj
5998992670,kvskv
5999394567,rhxpt
5999731922,eylog
6000912825,pbzif
6001248436,ameem
6003214777,omnhu
6003309469,pxutk
6004000340,ffvgz
6006850248,chfcr
6006879660,jlvyp
6009535072,plkbb
6010424795,jrmpb
6010768291,mlbyw
6012772689,aqbln
6013426961,pacoc
6018699110,krnbs
6018975550,zilts
6019042950,nrbpe
6019051269,syykj
6021059969,uipvy
6021878114,ohlff
6024708694,rdonm
6025487957,afiqe
6026511825,sfyuo
6029303946,azcoa
6029813678,bhucj
6030207403,bnmur
6032072400,pbuak
6034340266,yahru
6034376219,wkumi
6036545704,fwnbv
6038119609,qtrms
6038545893,ygqni
6038745642,bqrof
6040246837,tplzh
6042657821,osgbc
6043942786,oqhab
6047126711,gldrv
6047131975,ftleo
6048082446,mdrhg
6048210958,yadrx
6048401615,hyjil
6049083712,jqxet
6050257775,ssalt
6050264619,gjodr
6052328334,vwmdt
6052856792,ngcqy
6053213800,wwpop
6054669336,rikob
6054880710,tffqr
6056854414,qgile
6057952911,miatk
6058050265,pfamu
6059336016,cphtq
6060406901,jiuav
6061710122,soioi
6062771603,tvyyq
6062906583,vggfa
6063350476,zywvp
6063758633,nybqd
6064078991,uimmy
6064745286,ptnhn
6065521280,fxgor
6067632869,xiiqm
6067786573,aqbqv
6067883498,hzvbi
6069241857,pampj
6069904043,hsowd
6071442243,hunki
6071696616,smvpa
6072193132,adxdc
6072569885,oisdx
6073593856,lybml
6075123702,kotry
6077568468,nrgns
6078621685,gbfdm
6079639671,khldk
6079817071,rdsqf
6080779018,lfexl
6083198601,hokly
6083625165,aceqc
6083664149,tqqef
6084719683,aipzy
6085008428,xpzwf
6085206540,rbdeb
6086366602,gicvz
6087139322,khzug
6088095912,struj
6088114649,hdsgv
6090321126,ffkzj
6090425028,okfha
6091440311,gnrwk
6091869110,snkil
6092853365,cwgit
6092906126,oumnp
6093103290,bwlze
6094225050,mlfgr
6094287636,sqbvz
6094890174,cankl
6096602480,ufrtv
6097315434,hlxev
6098213343,wndex
6098835678,vokpw
6100544761,joxjs
6100789615,vfvok
6107285926,oplla
6107904493,puife
6108732291,brart
6111137636,eiyhw
6112164853,zfgew
6112631289,frqzi
6113132487,qlkzf
6115022545,wmxpj
6116339612,gojkm
6117376937,mryla
6119350370,wwlzf
6119772475,izkjg
6120817870,yvoxl
6121890643,grnng
6121939897,aijji
6122648326,aijlg
6124077080,cbore
6125088095,zmlym
6126084195,emkxs
6127086817,opnrm
6128123021,egqtf
6132743180,ayrdt
6133112913,yugzz
6133140740,jzfjw
6133834275,xksqo
6134330150,ogdmc
6136084851,qihbv
6136680036,ujsfb
6137910694,fsvpz
6138235941,phvyj
6138522516,amufj
6138694102,pekrz
6139184241,uggvz
6139402957,oripm
6139992745,ewnta
6140271759,duerf
6142480379,cpbak
6142523710,uhisk
6143454173,hvmvl
6144210694,kzmcd
6144368013,jnfmh
6144593245,yxalm
6145038696,urboz
6147482272,xbiym
6147766440,wddil
6148986925,tclou
6149141100,wcesr
6149394612,msiuk
6151928757,cqxki
6153379473,dbvio
6156160683,ggbrd
6156560403,dzamq
6157256064,ilixu
6160043573,kdmce
6160309719,vsutc
6160896986,pikok
6162515432,tekth
6163185918,jdchd
6164098676,qrbyz
6164278133,vonbq
6167380331,oxztu
6168664703,ycrmb
6171250175,lbcje
6173303191,lxjjr
6173307974,hmqug
6173709710,csckl
6174142476,sobxp
6175361484,ddsnx
6177296683,caizd
6179581973,rvdhd
6179614052,zfiec
6180210561,bpoeb
6180618459,zjvxm
6181724612,zufna
6181728830,fzbxr
6182105382,utpsx
6182498249,yagrd
6183944807,bwqzu
6185154793,ehfnu
6186445449,jkirk
6187378013,luzyt
6188211162,uztie
6188854249,wsywm
6190209015,zgllq
6192398238,epxmn
6193278948,ipchb
6193290137,kcayu
6193455149,lbxso
6193601015,jvxrw
6195522732,aijwg
6195608826,goeuw
6195712287,ovbou
6199498674,uurqc
6199814575,owftb
6199985845,nskje
6200157270,mhwpc
6200456605,ncahh
6200615071,oqpry
6201385874,luoef
6202945379,esnuy
6203512446,oudms
6204457941,kcyyw
6204619558,yfjmc
6205101219,zrwue
6205677637,rqutc
6206184464,lfawy
6207137800,mpnad
6207179391,lmyjz
6207826072,vpzhp
6209277226,wsysl
6209624355,bjtjv
6210689583,jsqxi
6211428113,omlhl
6211652850,qonts
6211867632,jxuet
6212202908,vjair
6212543813,mnsda
6213264975,qelfd
6213999366,rfvcc
6215350833,yldxr
6215654093,sjbeb
6217791545,eyzzw
6218072828,vnskr
6218278005,hdhtz
6218499901,ossxe
6219047962,qvukk
6219402523,ddvkv
6220814909,elass
6220972177,komgt
6221426161,docou
6221562532,lkffb
6224173473,ulluq
6224539644,nzqsw
6225286990,dltzh
6227932163,ptjjs
6229268746,pncpu
6230579507,pwefg
6230606283,jwmsq
6233076448,tlomq
6233523788,ywbxt
6233999067,wiueq
6234086430,zpnxs
6234313049,pqnzt
6234586862,lszch
6235290792,nausp
6236687416,ybuex
6240231556,rsrwt
6241324787,cxxoi
6242402834,taplj
6242542308,fvpqh
6243469742,qhdze
6243956317,mdgvr
6246563813,buaho
6247355458,cuark
6247458400,qjopu
6249321954,olpyy
6252140106,wqlqk
6253060751,krgbz
6253928276,chivq
6253956629,elfkl
6256764987,ybisv
6258151860,geova
6258263179,enedl
6259219831,ahqnb
6262840098,xmosj
6262952535,knoge
6264000574,cnict
6264420672,pzqcw
6264461756,rngqx
6264698180,bhaxb
6267582884,zfwnu
6270243745,dcmlr
6270326343,frhga
6270761377,kgdfc
6270914626,fsaen
6271828022,dqeyz
6272563024,jnelk
6273956210,amnxf
6274688643,zymvi
6274841203,xzltx
6275064133,cpihz
6276710380,dtewi
6276773145,fxgok
6277151138,xdvxn
6278007740,scawk
6280379958,fpsdw
6281101460,wqcnf
6282150084,gnkiz
6282485297,mzlmx
6283067045,gayhe
6285152466,iihqa
6285533584,mojfq
6286471762,qpqxo
6286869709,wgphl
6288763095,ztszw
6289354381,spjfl
6289714111,pnhou
6289767758,yitgn
6290383793,taedm
6290689830,helsh
6290748000,tzzyl
6293048698,kixbk
6294604489,gjfon
6294937836,jlbgh
6297469695,ycwas
6297748457,rnheg
6297873030,aleff
6298688945,ibtxm
6300769429,jclyv
6304083325,kqzht
6304322870,mldxo
6304495413,qaauu
6304760692,bfehw
6304908618,fouzc
6304940504,jtqvl
6305659374,mltgg
6305753660,cbtgd
6307071298,npyba
6307826116,etasf
6308354192,yrmmm
6309367674,hbxrt
6310953183,tdzad
6312008113,gqnrh
6312015142,vahkv
6312480494,zrzhz
6313479195,nlmbw
6313676207,auiqo
6313809504,qudhl
6314238220,lotug
6314346917,lqmrw
6315773718,ywbka
6316686814,dlgsl
6318440783,vwjne
6319223519,uspvm
6319808302,hevsp
6320190351,jzbdk
6320708118,dzvkf
6320925576,ljbrc
6320976357,cbryx
6321212581,qfofh
6321276349,hobtm
6322122392,jpbfz
6324800193,pgwml
6325679006,vepjo
6326397023,sqrxd
6326969553,dalva
6328300876,xitgw
6328666322,xynui
6328945246,kinel
6329278370,urqbu
6329533067,loccm
6329611790,zkmgn
6331210741,wsyxg
6332150466,idvxy
6332414836,mqlbz
6333429385,oqawm
6334388017,lgpbp
6334793319,ymnvi
6338976949,cnnpx
6339632092,rqzhk
6342103836,rrzef
6343167807,prvvb
6343409300,ffaqn
6345142690,abenv
6347927548,zflwq
6348969851,sktgm
6349052847,soofz
6349934992,nzqgp
6350995845,ymccn
6351517972,rlrft
6353462381,bzhwe
6353783668,hsjaj
6357070970,uuvjm
6357536218,lmves
6359237496,ldwts
6359506776,ntlfb
6361316894,jufsz
6364307752,fxrqh
6366657240,libbm
6367418036,wshvc
6367554925,mqixt
6370585670,dbnms
6372243810,zkytn
6373484973,jwnzo
6373647810,qupqr
6373873838,dppaw
6374596325,inpbl
6374752431,lksak
6375072179,bsbjf
6375926931,njced
6377600565,pohbu
6378503426,mkweo
6379303508,iwytn
6380216892,ylsgp
6380294926,ndqoo
6380669736,wgboi
6382982243,kxler
6383247053,nlkxd
6383515695,etpoy
6383889924,evmqy
6384023280,fyypq
6386022093,rkcjy
6386371869,xcrve
6387044237,mcufy
6387588082,xfksu
6389299160,ljdtx
6389738292,haxgl
6390076927,qtwqe
6391090375,agrtc
6392083900,ysnvw
6392243985,nvgcg
6392372316,jsplk
6393095859,abywq
6394804199,qxyht
6395273723,lltww
6395389650,qmosh
6396997212,nuzrd
6397079559,rakad
6397417200,frfkf
6397846830,wyoeh
6399355443,qfjam
6399705613,qynlp
6402016098,kcnnz
6402559170,hscqv
6402723608,xjrki
6402797344,iecvr
6402859086,jlpie
6404865847,kcvwu
6407720519,omcby
6408208924,vrgtt
6409361422,cenkz
6409574843,wmgdi
6409588428,yxlmr
6409596762,bsyyo
6411941834,kcemm
6414519916,nmilw
6416186773,fspiw
6416560895,rmwbs
6416737674,uewdy
6417426832,qhjxk
6418747850,ttqqw
6419041213,pjxrm
6419863714,esmbq
6422286834,yyrzp
6423278964,wqbwe
6423379591,mobki
6425005639,npzec
6426036802,ydenc
6426252797,vdlnj
6427926910,bdkto
6428865848,bzajm
6428892809,pfuvu
6429675283,skski
6429710115,tooig
6430097524,utchf
6430354997,jzkcl
6430970225,kyyul
6431718919,uphvo
6432055585,ygjhm
6433303811,qgxol
6433405063,poxpc
6433596055,gmnro
6436623525,aegol
6437036714,zsjkq
6437366815,gdhbi
6437606341,lpppe
6438523472,jhyyb
6439667007,qywjs
6439932825,iixfg
6440006181,gvrkh
6441481987,vepno
6442052113,mjqmx
6442093565,iogrt
6442223641,jtrar
6442434699,ejgoo
6442847688,cgalb
6443512741,zzcks
6444006171,pjeia
6444051221,lzsau
6444924783,boogs
6446344652,cqnks
6446920396,kqybx
6446987495,mkcnl
6447553077,djpcs
6447803797,tsjfn
6449465343,ldqiu
6450050534,avdlb
6450561972,nezuf
6451363797,ynxoe
6452073975,ehrtx
6453021364,fujev
6453454650,wlyvz
6454424827,wsrds
6454648267,iivnk
6455759165,ztyzn
6457810723,gloyv
6458472064,vgizj
6459064209,pnsga
6459398597,vgwfs
6460443124,qkian
6462347899,cifcz
6463334078,rilji
6463424019,smexp
6463853981,ldnoc
6464581815,ubazy
6464636731,hascb
6465607510,kqefq
6469855738,zkkbd
6470171905,fginf
6470840702,ectla
6470891489,arcvk
6471848761,dotkb
6471951119,zezfu
6472365000,xfqyr
6472809994,lkovx
6472896684,peciz
6473795583,lqqch
6474122532,hlqey
6474432418,ndjxu
6474886201,ahvkf
6477276051,zuwax
6477860184,hjktk
6478843022,qamob
6478853616,przhs
6479446106,giucz
6480359862,aogsd
6480534619,airwg
6481090369,mdfog
6481093479,cdopx
6481275825,ihrly
6481548207,imblv
6481964560,gopaa
6482872102,nipmv
6484248363,qottf
6485792098,vzfkm
6486627895,vnufj
6487146469,krmsk
6488913266,vprwn
6490417731,rtfbu
6490477023,wvzfi
6490841813,mmjau
6490842290,csexi
6491237246,laihj
6492194613,gdnqe
6492882235,xqihy
6494495268,ludvr
6494631540,whnhh
6495525733,atbrq
6496141144,tiojw
6497346144,ixsvo
6498525739,yxypf
6498776848,zpofd
6499290469,zozbk
6500740426,bzbek
6501119996,pwwef
6502189053,bzhnc
6502319658,tmuvw
6503320752,wysjx
6505290676,ubezz
6505420672,euuvh
6505510034,huxuw
6505641752,rjykv
6506876018,zphhi
6507130097,noozd
6510829268,rfyyf
6512476010,cuufn
6513139398,qbdwu
6513412283,fhshj
6513460708,short
6514265351,irvae
6515555333,gfanh
6517528508,balar
6517654818,abshh
6519181505,ofgzh
6521319883,aoqcu
6522828965,ipgio
6522840919,xwsph
6523737142,vlgrz
6525127645,bpkdh
6525242006,jqfqr
6525921945,kihda
6526105117,epyhm
6527074841,usxmi
6527510099,lgygx
6529597095,htvlf
6530272996,ojtdh
6530866854,ukhwi
6530927093,nwogf
6530965166,tpfbp
6531260279,xbfvx
6533359099,vnvbr
6534299433,qtwbu
6534759101,jblnt
6535206491,kseeh
6535498893,dcgwl
6536895774,uxahh
6538738246,nxbaa
6539656076,xsttd
6539747287,qxggl
6540703799,juqfy
6541709607,qarvb
6542030958,xkzjp
6542051305,mhuvt
6543080794,vpckf
6543234646,nrllg
6544395536,hqvwc
6545641541,tqffx
6546123478,dchpq
6548401297,glcei
6549866634,verym
6550551323,jfrmv
6551875406,bqyqd
6552247952,vfydb
6552991278,wqsgc
6553356919,eruhb
6555724265,jpwst
6556650965,grhzb
6557069167,zwyrz
6560270136,mgenj
6560633077,ktqct
6561351647,wdeei
6561579730,lzven
6562585401,ynsxv
6563044471,eqrlw
6563469728,ddhfc
6564247389,vncey
6565527979,ugeuw
6566260445,caogf
6569160167,ieexv
6569619253,saijq
6570624118,imfye
6571081368,emlqv
6572568705,jypfs
6573015145,aulhu
6574505180,gjwbs
6575595874,pgvap
6575989477,gnyii
6577354210,pqveb
6578263199,ygnwb
6579550588,rrldf
6580932176,vahjz
6582044101,uugfc
6582621399,mmcbl
6584950887,kdwwl
6584956380,zlvim
6587464669,cglwo
6588992446,bsdef
6589210930,lpxlg
6591038073,nvwgm
6592694718,xnkzq
6595724646,rxdlo
6596558783,yxjlr
6598434850,ytkbs
6598858943,enigc
6599730533,klxly
6600004624,rjvuf
6603029690,qetky
6603052041,sqiyc
6603437913,ncson
6603594140,slkrh
6604764199,pukeh
6605378442,lvkxd
6605518235,mrylu
6605572632,unapw
6605766133,qghta
6606185052,dbzbc
6606195892,cqhlk
6607072002,rbhib
6609587138,cydyj
6610340580,lkrjx
6611271407,eohtm
6611443723,kasmk
6611744731,cebjl
6614848549,cdfbc
6616013933,wcshl
6616097113,fzuae
6616975515,ecqfa
6617114115,zufjx
6617723588,zefkw
6618252500,nqawx
6619728361,saiio
6619753261,hhoyh
6619905167,hqjyx
6620124604,pruur
6621067332,ejzll
6622695648,svsoa
6622844340,yuqql
6622881019,scffi
6627696543,qlpvx
6629260754,mllgf
6631211145,jjlha
6633204334,evqax
6634034669,nnsrv
6637199042,vzfvq
6637296108,pmvlr
6637771183,umvbe
6637827525,bfwqd
6638053791,kynfk
6639596051,vbmbs
6640148305,sjxal
6641357793,ayaib
6642024271,etfds
6642662802,kgrbv
6643404429,ahxsd
6644145666,lzxmo
6644332616,bitdi
6645692998,xcgrq
6647275063,etckn
6648323564,ljqqk
6650127360,gamsl
6651982151,yyhhk
6652791531,geadw
6654957796,wkupx
6659685281,gittk
6661296801,yaltr
6661535418,mgoho
6661737539,wapol
6662275730,kywzi
6663082621,lsmlq
6663643882,grjfj
6664649628,hxhgp
6665914931,huedy
6666498754,thfqz
6668275330,nmvci
6668626527,nryms
6668762000,phhyo
6669241392,vmlov
6669269282,fgflg
6670228068,dngfw
6672173416,irbjw
6673799698,htuvt
6673900655,tojck
6676753044,vlsno
6677005959,jvqyd
6677496843,lhgbu
6677553025,zxzhu
6678626912,faklq
6679972932,gnudv
6681048995,nogev
6682851460,gzxwt
6683542725,ejtje
6684201985,bbtok
6684525833,wjhax
6684688685,iepkh
6684996032,ynobl
6685756882,bvvyt
6686211364,siagc
6688982695,rcvzp
6689726969,evets
6689965231,kurlj
6690371034,hqaxa
6692234732,ppdbc
6692916255,blain
6693032761,nxhta
6693657600,uhoog
6694597970,ncbyo
6695826362,vbvnz
6696108778,mhorv
6696704011,jirzl
6697789234,hialb
6698182812,mwwxh
6700175384,jzvaj
6700197356,blklx
6700344232,fgjfg
6700355241,njzev
6700488782,tjaqs
6700953855,iyraj
6701203779,zmlvx
6701251524,hetio
6701420747,xnxhc
6701812308,zbmax
6702029274,luwue
6702561138,biytm
6704137286,qgbcv
6704301949,mblfh
6705391457,zupoa
6707032009,trmiz
6708480641,extik
6709895741,iebqk
6710395430,dbugr
6710491725,pcfza
6711602454,rujgl
6711689092,ynlsg
6712849669,mirhr
6716409043,bxtqp
6718090363,rqjcf
6718962550,dckps
6720419081,chkdb
6721241331,cbyyb
6721948267,csdcm
6721948545,icfuz
6723791428,btaaj
6724342798,boiwh
6724855912,hisno
6725490838,cjhxf
6727697860,jurnc
6727749786,fybgm
6729240879,yrgia
6730145324,acwii
6731284590,qnraz
6732069974,xhmje
6732344436,rzcyn
6736480195,cxcyi
6737754490,rzjoo
6738228185,pnilj
6738718877,vrtop
6741691842,lmxxn
6742991385,dabtj
6743403913,qduwb
6744390798,gdpay
6744440336,orpai
6744722456,kpqqk
6745287642,axsif
6745484455,komui
6747702616,cyjnc
6747860443,ishzb
6749599947,ayvrj
6751236834,psukw
6751237676,ezgwp
6751434072,chsus
6752169028,rwgjl
6752678601,rqmsu
6753066305,jvzvf
6755057514,rycjd
6758210368,gcajg
6759391609,bzrdq
6761239683,dqivq
6761713816,poota
6761994220,zjvnh
6763803707,obqfm
6764744635,fumkc
6765047476,smvqm
6765324962,olzax
6766759397,oiozc
6767218212,lcapn
6769360588,wuted
6769908390,nexzx
6770806106,vxiyh
6771502603,hcnno
6771573507,vubsv
6771951525,erisn
6772602929,xgzar
6772738400,djnyt
6772748769,tvfrf
6775032370,mvbkv
6775800766,cchyv
6776726843,oltat
6778702345,cjuta
6779739209,yycjg
6780034556,dvhfq
6780956982,kjplv
6781434997,xuohn
6782130755,xdgae
6782652186,hrvhu
6783513898,kkfsd
6783870325,hkvew
6785042898,cdiih
6785043800,snpwh
6785088363,jxpwj
6786076579,camxk
6788262839,cdzzx
6791793974,ismko
6793726346,hqvvb
6794859112,zrlgw
6795854301,ewhdc
6796912478,ybcit
6798398543,zppbl
6798613026,xcnnq
6799249744,mfclz
6799605124,kotbv
6800440612,tcwkx
6800624739,ebmdz
6800913461,dkmby
6801900437,ammtv
6802217862,sspqn
6803536087,dxyuo
6803672434,bklcj
6803803370,aohli
6804471361,lqejq
6805119003,enfar
6805565088,jehbq
6806426141,psrtx
6808299214,lpcta
6809880415,qcydi
6810656592,bfump
6811570208,qmokr
6812472228,uuqjk
6812478279,xzkhe
6813594456,onhpc
6813894187,ukwrj
6813898057,mopyl
6814417407,unhxu
6814453280,lwcum
6814759295,emkui
6814801972,tcjhr
6815066954,xsszy
6815747196,ebuiq
6819655186,oezcg
6820459773,nslcx
6821796086,ptezi
6822991896,cmgqy
6823208909,jmehz
6824247563,yjrwq
6825274306,lbnip
6827358774,rbsgy
6828402573,uggqi
6828470240,bwpnv
6828615974,rgwjn
6829518550,semzg
6830566379,zbbzy
6831758366,tjbfg
6834225360,nqhew
6834781483,nuoug
6835240232,gnukr
6835340491,vybvl
6835360160,oewkq
6835827070,pasja
6837088498,nsmpp
6839151582,fkfde
6839574574,uroby
6839914349,hjkfx
6840849134,ftajt
6840924177,enjmr
6841531004,sjxvx
6844703446,wymua
6847942306,rtata
6849589737,mykyd
6850253538,tdruf
6850309048,nzocv
6850478786,yqgfi
6851339917,cbloe
6851632306,wtdqa
6855751709,txzyl
6855950251,yapbe
6856132379,imwfa
6856213634,ypkgu
6856399421,rlmdp
6856478769,wswez
6856708789,juqkt
6857567315,vcygz
6858090344,zmnjv
6859650819,vxigg
6860619840,tamzi
6860820259,jmlzd
6864788007,qnqdm
6865071423,tntvv
6865345588,zmvmk
6866097631,cgtjh
6867140510,cmkmk
6867401246,xbosa
6867709204,uizey
6867781422,zasbk
6869265686,ucmmi
6869812500,evoxm
6871936391,ripqz
6872386153,cwajl
6872883615,rgiig
6874599125,wqfwm
6877159091,wnpvj
6877807688,vtwrg
6878013234,fgldl
6879995646,iwbcx
6880763522,osldw
6881397248,byndv
6882549233,pjtnf
6883273197,jxyqo
6884878047,fzqrl
6885422153,fkhab
6886541456,ecqye
6887337058,mwhlx
6887999012,fofjf
6888896112,orzxv
6889424205,zkxpd
6889631160,jnpew
6891502906,bcoep
6893882131,ejznp
6893943871,aqkck
6895516733,hnvcg
6896990911,zfftn
6897604295,llnno
6897761382,phely
6898177941,emocf
6899519794,ynluw
6899960126,ioozz
6901091611,bbzbv
6901419637,rwirn
6901981293,jvhyf
6902772062,itnjq
6903039155,vbjlj
6903206425,pdsnr
6903297339,ffeto
6905109948,myxlj
6905162856,mxyys
6905427043,rgqib
6905431411,ebwze
6905677185,ydtma
6908937140,gswzy
6909933430,shtmw
6910073239,uqury
6912311402,kpdle
6913092791,rbtyr
6913103087,laiul
6913816368,lidbp
6914602345,wgprk
6915758210,knmtd
6915959475,ertjb
6916848113,gvllh
6918084835,lntbl
6921256252,tdgfj
6924007995,otjfi
6926887259,ifyxq
6927248808,tumhk
6927657659,cbsmg
6929986693,dxvyn
6931897851,pfluf
6932282083,jhmba
6935210131,twjel
6936123555,tlpcq
6936567561,tzeet
6936606489,qsxuy
6936698128,gzibg
6939458286,vctib
6940654888,xowew
6940675754,sfqmc
6941496798,acnrg
6941832902,qllse
6941835376,rvnhc
6942566548,upzzh
6943091847,xhmyi
6943720340,lnxiw
6944322828,sqjxh
6944849074,ztldl
6945070247,zslal
6946565068,ljyac
6949357534,fenir
6949526262,qnhmr
6949835841,ukgkn
6951168449,ubjiz
6951623577,bfntc
6951876771,zkqxf
6953281711,ohrjn
6953515141,ydjpy
6954030131,pybfs
6954744553,eoxdp
6954921490,fcfsb
6958453025,aesao
6958568811,oqgow
6958604855,wwesq
6958991032,qvfej
6960135276,gzubi
6960143849,ijhnh
6960217405,mimhi
6960407299,cmmka
6960804989,tgrlh
6961697850,srfjo
6963646807,kucye
6968373866,pjlax
6968511118,gpstg
6968893648,lwzml
6969831897,jornt
6971825728,aqdjb
6973885491,ejnfm
6977909116,olssv
6979227737,kmczr
6982919392,njxki
6983103969,jruwl
6985074128,qdjmo
6985911672,dshfu
6986120507,djozv
6986141009,akjik
6988153138,mbgpo
6989655477,esoir
6990136449,hnguv
6990172192,iyckh
6990231115,qkwlf
6991499882,wmhto
6992571593,dlaxq
6992803179,qzvhm
6993560696,qcxcr
6995483851,kloii
6996026033,xuiaz
6998184370,nrdib
6998340746,fimhc
6998555912,txnni
6999265857,obmfl
6999658672,luste
7001682624,quwvt
7002353559,ifywg
7005296121,kzptc
7006160730,raxfk
7006459785,eqqjt
7009634813,joygg
7010717059,onhey
7011256026,tuiio
7011284372,dokas
7011492421,suepw
7011900601,mzgyk
7012248296,kbilp
7012304847,vsctx
7013213038,rpgca
7015693546,mfama
7015865412,kikep
7016055466,ujwsv
7016111284,yyebg
7018440929,zqnno
7018751966,ckvsf
7019533168,zipzl
7019763389,fltzm
7019829132,izihn
7020176323,dahvh
7020391849,txqtz
7020510822,klbsw
7021842721,fgfhv
7026752094,seyox
7027862808,blywb
7030751568,sizrl
7030768588,gocmt
7031308704,gjrhe
7031846154,qioij
7034008313,jnqzo
7036104447,ywreo
7036536963,xqeox
7039147414,ecixb
7039308744,bhmga
7039462881,glauk
7040870500,hknkd
7041147402,dhnsr
7041170813,fctum
7041734051,foptz
7041738825,mckxx
7043284989,lekih
7044749212,jkhor
7044888197,uowzn
7045828619,vtkgq
7048847555,ositi
7053240097,tklrw
7054724363,ayopy
7055664870,mpkrp
7055696359,dxsee
7056345839,cguyv
7057393610,iphrk
7058343375,ozywb
7058471234,oikvu
7058503831,sumga
7058708303,fvoyz
7059543099,yivey
7059744891,jevfe
7060925837,zmohl
7062272417,uyjqg
7062976308,wqvgv
7063647873,vaytt
7063775044,vqwne
7065149120,nqiyp
7067330575,fxftg
7068001131,uphpv
7068453694,veqdj
7068841687,iimix
7069972417,nvgun
7070219310,aigfb
7071000218,wlmdl
7072130690,akuhv
7072806023,screu
7072960009,phxpl
7073676195,lqrmm
7073764775,geeav
7074243447,bswlw
7075219216,udhrh
7076264630,pakbm
7076347486,mhksh
7080401929,lsvbv
7080555295,hhaho
7082675392,iwnij
7082867873,nwthv
7082977724,njlms
7083068983,pcnib
7085051114,kwdnp
7087432286,agaeg
7087992946,fcasx
7089051248,vnfrf
7090966911,lthuf
7091364826,hylxz
7092322094,lkfyr
7094121888,tlgep
7095896370,kcrhu
7097385891,tuyfu
7097494422,bxxmg
7099672567,rbgau
7099695799,ltnhw
7100281822,ghyqs
7100464029,xoapp
7101349246,hmpgf
7102354163,kipew
7102720118,hfcln
7104993122,tzlzo
7105796099,utedk
7106357040,cgmmi
7107478199,mlrsp
7110318889,wwban
7110928974,dcjta
7115288518,gvfzq
7116132259,wyijo
7117199138,hjexn
7120846419,xudwq
7121271047,uawge
7123607824,iwonc
7124782300,tfxms
7126576184,rzrjj
7127099718,xjupb
7128127324,jmikw
7129840351,scjbc
7129949550,hjhjw
7130240944,xsofp
7130420790,lzdea
7130709005,plqol
7131012843,majvn
7132640341,bbbui
7132975392,xnmni
7133458790,csdzu
7133604853,ctzmi
7133732272,qcwqr
7133976137,onopy
7135298891,sdaci
7136620360,txpeb
7136757973,cmyrv
7137919051,hrfob
7138933933,rlctc
7141412019,demmt
7141806138,gtltc
7142496719,opdhd
7144764330,qrvuo
7144767686,lzbfx
7144848679,okpuj
7145755127,dnkfa
7145952642,djjut
7146372930,pgpvu
7146480485,mnqap
7149785271,smsha
7149831113,pdtje
7150813070,abtdf
7151216246,wuvdu
7151751436,vfwhb
7153001869,jsebr
7153593428,zczoc
7153884156,xxxmi
7154737527,jgxfl
7155760311,aqhgx
7156434578,xzofk
7157437964,gzhgn
7159527049,auvxn
7161217125,ivfum
7161590439,xsavf
7162318637,jtrtz
7165034920,qhwgk
7165820150,tblni
7166147531,yqgtq
7166270131,uqkge
7166595809,viiwj
7166643433,wbjot
7167623299,ibpye
7171062929,lsqlp
7173586691,ojtgm
7174730669,xnjsv
7175334639,budld
7175368296,fuucw
7175509739,rlwox
7175616644,mefrj
7177019924,udnzl
7177975306,wiako
7179323659,owbcz
7180941119,mksaz
7181869426,facgv
7182055291,tgawm
7182892183,dqsgy
7183236262,jsmnc
7184653961,ldayd
7184665987,rbdzm
7185053440,towbk
7186107809,xpluw
7187367857,jdjkm
7187550761,aixzx
7188070351,iznfy
7188378634,wawji
7188451823,wbxzk
7189502770,cmxdx
7190484406,kmgua
7191493895,cbyrs
7191679847,wgzgk
7192433235,rqnxy
7193722816,atzqu
7193954124,huion
7194030953,mynee
7194349433,lycfe
7195188479,iqobu
7196230895,dtvuf
7196292734,linse
7196659847,jiuyp
7197587471,odpdr
7197665930,yvyad
7197846118,qyphq
7198545821,rywcy
7198891204,wxpso
7199845889,nbbwf
7200079686,fqiis
7202183990,wuriu
7205982947,vvwyz
7207814102,djcig
7207876336,zxvmx
7208033436,cpreg
7208377420,tdlid
7208838882,gnmsh
7209877303,ywyot
7210670058,rsmsz
7211679079,mzxrz
7211754334,tyzhb
7211930952,fgnfc
7212386677,gxbvt
7212779635,ykwos
7213267313,ofclm
7217073864,ixyqq
7217477299,fqwzz
7218820730,bnedg
7218892391,hhadz
7219322131,ebinc
7220235865,chgsu
7222219837,jnskm
7224303757,ltxcy
7225300887,wxznt
7228271422,lrhig
7231612911,stjej
7233749620,asjpo
7233884603,ndfmb
7236238899,oczfn
7236339402,dabeg
7238480633,hiemm
7238776090,dytpr
7239459818,vnuvu
7240231471,rxfcy
7241222074,wbrpw
7246718885,hofue
7249921337,ksfso
7250664826,qwxoa
7251113975,kmmzx
7252383695,swach
7252576173,wozhp
7252837944,ipbbc
7253245623,dptio
7254223626,uzdsj
7254748095,yffql
7255149812,ldbgl
7255435772,csghi
7255721478,lrqkx
7256533165,invmv
7256951688,sgyst
7257349855,rgwre
7258286327,pybcp
7258742463,hvujm
7260109930,dpktt
7261517716,olxoy
7264000489,evoqm
7264532272,kyted
7265187306,oefcg
7265363234,zhvpp
7265391977,znuok
7265705936,urjtu
7265902769,ajtgc
7265928946,idzfx
7266056873,faoqk
7266172153,jynrc
7266493188,hifml
7268128346,acikf
7269327765,hwgnj
7270421875,viozn
7271508540,rrykp
7274067050,wbxwl
7277530966,eetxp
7277756495,zmusj
7278291170,edrpj
7278323420,bkecp
7280009502,ovxkt
7280025799,ucotm
7280880342,gqbtz
7281352647,waxan
7283669703,ugxbc
7283814382,cjzem
7283948010,oqqsn
7285978584,ndsdn
7289063787,xrqlp
7290967456,ygxet
7291211360,munab
7292694503,oonwi
7294337699,eeymt
7294546029,pnxgr
7295430923,lpdyj
7296208494,ibwcg
7296785794,macyp
7296905118,lygbg
7297895321,aeenk
7301860067,hhkuk
7302584194,dndfg
7303087899,vmyzc
7303716045,oozvc
7305208681,vvxds
7305218293,xgkzs
7305615096,xfhny
7305962356,lioln
7306102049,ieqgq
7307929216,mbadv
7311929756,usqrg
7313475526,gscte
7313563670,grhwd
7313833312,itjhy
7315376550,rxmmf
7317176700,vauqx
7319866046,aupsd
7319888386,tuwyk
7321895671,suask
7322636543,ahoyd
7324004619,ylbed
7324739985,bnpxh
7324933817,ixwth
7324981851,expqa
7327319073,givro
7328347423,ermwj
7330435111,stovu
7331400528,afpwg
7332443342,slqpg
7333208482,ybjoy
7334052442,wniqw
7334102529,ahrhy
7334968829,ccgiu
7335309380,pbibb
7335806627,uraad
7336038086,yswkk
7336230694,xjieg
7337223117,zpwby
7337518920,ghvwl
7338098145,bojsy
7339687412,wgbhk
7340008052,vppxm
7342180733,gtmnm
7342224239,ofoou
7342651535,eqchj
7343545059,ozhfs
7343625244,evygz
7344356443,mgdip
7345937712,wvozx
7346273752,snvtt
7346699740,ghjfk
7347500395,icmtv
7353976503,mloud
7355388842,hzlvo
7355739443,tjatk
7356125598,tqheq
7358058751,bkwfx
7359182132,lxjxr
7360334493,scjnk
7361128317,glrru
7364526185,iddwv
7365227226,mqxyj
7367057218,ktbjv
7367260854,wtpvt
7370456459,izehb
7370542177,smlag
7373718792,zgbec
7373767756,qhmpt
7374238423,fuity
7376688514,highq
7377480952,ygegh
7377562163,rzfae
7378993045,vrkmy
7379484686,mwnzp
7380035355,tqavc
7380575718,pywhs
7382241450,hnush
7382994094,gmudn
7383089391,zbikq
7384402221,ahxrq
7385675744,ehijw
7386021850,fwtdd
7387912274,bomvy
7388216209,tjbkc
7390192448,aaaak
7391534096,tlvds
7391733163,sbwer
7392956970,sltjo
7394208427,opapa
7394627853,xlrbp
7399272659,dghce
7399647251,pixxm
7400389724,jwkmm
7400746005,iymtq
7401078862,rfmmy
7403129777,ujozp
7403589946,gjugj
7404177222,zsnkq
7410159986,uflbe
7411948737,znvkh
7411983551,mjvsm
7412757300,vskmo
7416241712,ngjvc
7416812356,muafx
7418208358,gzqsl
7418943699,tdxoy
7420332419,furzn
7426962874,xkyua
7427673961,rxltg
7427996449,zirtl
7428125759,vustx
7428266125,iraaq
7428488104,qyeqf
7428658050,bpnyw
7429611934,lskyw
7429804738,ynwxt
7430615195,cecmr
7431105530,hihgb
7431252077,vpohd
7431472098,pbupo
7432296312,qbidy
7432541340,plwtt
7433361219,ropvl
7433860053,alyqf
7434583382,amqrd
7435564361,whouf
7435617612,cmkfx
7436232549,bsaqk
7436971814,kcyni
7439452384,rnoft
7440757516,thmeu
7441806164,iaqnw
7441850105,rbsen
7443135482,vxael
7443500132,gyick
7444418845,nnitv
7446134483,xunlw
7448104373,gzmhh
7448128811,yvmyt
7449145364,zyguk
7449288492,izyne
7449784766,jhzrw
7451048919,boctp
7451252543,uorhi
7452795115,mbely
7453590420,dduuo
7453793184,pyhrv
7454319739,hixqh
7454673417,rzuih
7455371608,tufmi
7457223751,xaedu
7457298165,oreug
7458810222,unidj
7459670714,szwku
7462839508,jeief
7463420785,qgynt
7466325393,ibqlt
7467624133,pcces
7468359099,lwnoy
7469422597,ktfkj
7469725313,pponv
7470009718,lldcl
7470678095,mitnl
7471267331,uadgs
7472351754,bsswr
7474215764,vaepv
7474236010,puegr
7474380421,fbmou
7475271452,cjyjv
7476493627,obffu
7476603591,bchcv
7477644217,salca
7478839426,naviw
7479811107,ugnaa
7479871857,yeiqc
7482761460,qlohq
7484175485,xtzpo
7487969493,qpntz
7489949250,oknru
7490299588,pnjmu
7490496266,itthq
7490656187,eckak
7493493851,rfnsj
7493831265,mjgzu
7494379866,iaush
7495470481,dpbgo
7495902303,wquvf
7495905918,mfwik
7497325939,wwkzm
7498309410,ycaxn
7498353379,mcrxb
7498686112,jdgqa
7499505059,nrdiq
7499553256,uhnyi
7501069201,perkp
7501201932,kzkjh
7503525869,citgf
7504249516,yogri
7504271661,cidpd
7504507341,ulsgk
7505832476,kckfh
7507479902,dbsby
7507588630,uxbsz
7507862375,vvrjj
7508942779,ulijj
7509532380,kqvbp
7509854164,zivqi
7512943573,pxlnz
7513618976,jhdjr
7514114299,onnwe
7514442194,rtnrj
7517773527,knczy
7518096721,ezcud
7518207900,lzkyv
7518554333,yusvg
7518771550,fqnwd
7519113882,vkipk
7519476036,uhimy
7521746698,efkfg
7521855085,xaata
7522066871,lgjqs
7522186016,vnyei
7522589212,ddoqo
7523169638,slpse
7525808274,orgae
7525917471,hgtiw
7526990734,kudcq
7527349317,bhvvr
7527895968,atldc
7528850587,jnnik
7528919510,yjefr
7529185628,zvfmg
7530734524,gnwyb
7530944679,iihdz
7531433616,gyurk
7531966396,mviep
7534750545,oqmox
7538084816,exyog
7538104538,vqxhf
7538644082,jjhkg
7540874477,wcrmc
7541049023,cvejh
7542144063,zgcav
7542204589,giwtk
7543021511,ekonw
7544246931,wraof
7545317966,aucxp
7545504790,nkwxe
7547903650,linjl
7548452506,uprnd
7548631882,qflmv
7550568428,eybyt
7553652508,yzahe
7553853884,gejbd
7553949919,ttlqg
7554038702,kxfec
7556057716,pwfye
7556189831,ffheq
7556655085,gabrs
7556670474,pmjpx
7560263368,flwih
7560371722,kgohv
7560827300,aiaaw
7561111469,pufds
7561477254,lnkoh
7562348483,rkhru
7562454872,tmvye
7563253262,akkqg
7563423994,oedvc
7564419407,vpumc
7564696700,dcgmz
7564732599,jiyzz
7565355949,srway
7565592449,njqst
7566142675,aitgo
7566686597,afsss
7569545209,ectfy
7571413877,hwajz
7571571312,iedhb
7572459317,plaop
7572472629,vkknw
7573725801,ievrl
7574537516,zfgjt
7574985309,ajjvp
7575251179,zmsgr
7576487175,fzokj
7576998251,emphs
7577818495,fuvha
7578112950,titfl
7578448628,tjkzm
7578733912,buzwr
7580726582,acnba
7582485690,bhphd
7583125305,ndbxc
7583189791,qcrnl
7583808597,obxbd
7584213987,nqarj
7584265873,mpvzn
7584668822,zyukn
7584722051,xwrdl
7585133527,wqhzc
7585229940,advqg
7586946989,awrhw
7587260628,lnvfn
7590480979,nneyc
7591015513,ulqmz
7592051108,ijoiv
7594182767,sdsuh
7596065519,hluhf
7596354769,akyel
7596493945,coxlj
7597615751,ykldt
7598044221,kxpmy
7598339970,mpqon
7598943479,hvabb
7599249232,jskrx
7599360580,ulqnq
7600128793,ajvxr
7601611428,fjvov
7602249427,vggej
7603689876,mjvjy
7604034036,aivqe
7605614048,xocvz
7606022798,rasds
7606263753,jwldq
7607151335,psuha
7607862741,cwuhk
7608130782,sjonn
7610741893,rsdzr
7612089089,ruhre
7613906187,rzzqd
7614049648,ddnhh
7615793560,lwjco
7615911096,dtynw
7616015226,khzro
7616419908,tizer
7617527792,ebnoi
7620853536,jiwtv
7621439816,aetct
7621486253,aqduc
7621740946,mnfuk
7622525950,bitwo
7623106025,jkueb
7623225354,dxqfk
7623998997,vlzyq
7624110038,ogqoy
7624665276,tdhzd
7625150548,lycfy
7625372183,eoqmw
7627295826,einky
7627736692,qqnbj
7627741538,ymtjj
7629761272,wdukz
7630211155,pjghn
7630465621,iqigz
7631526713,zqucb
7631750148,axntp
7632093002,fxczd
7632321999,zlaul
7634305633,vklxv
7634323920,pazvi
7635386810,fwlzb
7635719483,rgnlf
7636258300,rptjr
7637418536,uuqmb
7637678325,cswch
7637906420,jmkah
7637912672,ymkdq
7641950875,hhobd
7642379663,qqivy
7642573024,xmilz
7643088945,vpvaz
7643285284,rdqjj
7643573922,bjcyg
7644975181,ycolc
7645820409,efssq
7648293518,evqfb
7648351997,dkmam
7648858586,akujf
7649362352,cinsy
7650970244,enggv
7651161770,oyrgd
7652452499,hvlgh
7652505876,dmkzy
7653465498,btqqd
7654151105,bogbg
7657080292,bqgiy
7657562668,hpqbk
7657919772,wkwqw
7657921474,dtbfj
7658276392,aqrfp
7658906184,utswu
7660571434,xjnfi
7660837959,psxhp
7661128541,nwjuu
7661891438,zenpm
7663639756,xyeaj
7664263595,tpgbk
7664907473,xblte
7667052308,xrbin
7670701212,ovnjz
7674400924,gfkoz
7675040614,honls
7675239787,heswg
7675834534,lrnte
7676788391,datxo
7677103144,nrocy
7678396074,reoxn
7679969648,aqogf
7680301085,twdkr
7682617487,tswic
7684310022,cqkjt
7684817426,eatzf
7685028805,hepas
7685381967,vwlzg
7685792030,ddgxu
7685946884,vxjmt
7686426803,zhhip
7687585557,nzuou
7688845831,kltfb
7690769322,ckoiw
7692004305,rkutf
7692632504,ccuhf
7692962671,rncel
7693111327,kgnap
7693705151,ezygq
7694761415,fhpmc
7694903667,ajnjn
7694916369,vonsk
7696201071,twpvn
7697751526,vrciq
7698701517,hgqbg
7699630693,vmgar
7702831819,xkpqj
7703346777,vybul
7703480664,qjjkt
7704365473,phrty
7704480053,ocehe
7705819450,ikcjw
7705911091,jljvt
7709325128,vfxpx
7711192707,hvkly
7711608498,setyz
7711806940,rflnw
7713769721,igetf
7713869158,hymxz
7715039104,ktbxs
7715390555,nzpdz
7716319173,qjfbc
7718865503,uduvn
7722791081,ghvfk
7723181759,uffqe
7725481751,gqpsi
7725856005,corqo
7726226191,breuo
7726356445,akzvy
7726579037,eceex
7726932575,vdjvr
7728060149,fxzop
7728409136,dbphf
7728709148,yorvw
7729499096,zkagc
7729936499,xsxmd
7730368952,fkgln
7730888295,manfz
7732415063,oxpkh
7732694343,dsudy
7733132441,muval
7733940831,fqtdo
7734146601,gdlew
7734492100,guvwv
7736236326,jljbm
7736951889,nclbf
7737119195,lxekn
7738063797,vfjes
7738399320,elgkp
7740687172,rllfk
7741119117,lwgnw
7741438682,dkrxn
7744219904,zemme
7744285714,ulalm
7744582339,oajzh
7746173387,mkddz
7746179570,nhsac
7746430895,zbjee
7747530225,pdlpn
7747657947,vnjza
7748503299,jcjyy
7749610110,newrm
7749976577,amokv
7751263753,cgoyz
7752021961,clvty
7753938739,iroji
7754004897,vhjvu
7755586510,dsluy
7755996078,kxqkq
7756206656,ultsr
7756725747,xceid
7756918762,ixkeo
7758886825,jfuqx
7759083434,mcvtc
7759345494,ptzll
7759413472,hocof
7760128243,ldgxc
7761099702,uaooz
7762098680,nptkj
7762304110,vjkug
7763057811,oxgtg
7764950714,tefsl
7766366967,iejtd
7768072263,wedqf
7768405885,uzxoi
7769676747,gqhjp
7770498112,bfgeo
7770681277,danmr
7772032338,kvnyx
7772277854,gspjk
7773392668,qbtcx
7774781410,ppksq
7775590931,zgswa
7776799109,mrnwk
7777768841,nrwsb
7778597708,xrjec
7780680960,eoqio
7780953553,pnvjl
7781046038,zrohe
7782489180,rovos
7783729006,bqkcj
7783835274,mtraa
7785673296,rjjtb
7785795426,ghaza
7786555492,ueslg
7787543395,fhjen
7789635626,rnjgb
7789788347,mlfmj
7791518457,gnjev
7795358990,ozuqc
7798447614,epmmg
7798648145,cughm
7799198963,zyqjn
7804348082,eogcq
7804777845,uacfj
7805576203,juqoo
7805949127,nhknp
7806979248,udghf
7807380804,bssay
7807995410,jvtqi
7808240166,rqnvy
7809048224,lrxyt
7810605549,lssmd
7810687433,wddry
7810811982,lskwo
7811830553,nvvan
7817237445,lmdzi
7818691463,ruupn
7818846777,iqlix
7818922810,urjro
7819352097,rvokd
7820416667,iqttl
7821092261,wycdr
7823253750,osayx
7823895246,ocgdb
7824723794,nmied
7826885739,xqlso
7827670809,zxtcz
7829958384,jrosw
7830456085,wtbcz
7830685522,xuhpa
7831707093,rvdrd
7834205413,sfhap
7834379299,gezwx
7834659588,xlrag
7834767801,uqyml
7835237970,xxqpf
7837124768,zrmsr
7839896041,zoxzm
7840342070,nwvxb
7840552418,pitqs
7841269010,bcxbl
7841995166,vlgtp
7842737226,pheca
7843283448,wkcmd
7844040571,qgbiz
7844663578,xkqdb
7844759400,txgpv
7846266849,wvjsd
7847032376,ggyxx
7847137287,didpf
7847220397,eohck
7849221732,vfwip
7849412461,nudvw
7850046068,fnlhb
7854461609,tcffj
7854649485,xyces
7855311308,fewbe
7857333770,tirrh
7857877420,tsfii
7858769892,zkxvg
7861398535,ittmu
7863725852,yjowj
7864818800,cyjtp
7865162674,rlvpy
7865348022,nbhmg
7865926020,gobqh
7866895215,emsmu
7866991115,evcor
7867033669,nrmyu
7868220737,agugu
7868462084,mpeqg
7870075556,gfqfx
7870077990,mqkba
7872434623,qscmo
7872809169,csvfa
7875287383,femab
7876238436,khkkj
7876465196,cjqmz
7878225565,niobi
7879721171,acceb
7880546301,vjkwe
7882334920,nkytu
7882913141,qtwxu
7884332807,cckme
7884941684,rkzcn
7885402395,pqfom
7885542770,axpve
7888017402,jcqyf
7888451493,pylfz
7889173983,hmyrh
7892244846,kckhb
7892730145,gbqvc
7892930187,kdtsq
7894374284,ajnxw
7895108487,jqtrn
7895509214,fzbgr
7896044720,clkec
7896829937,sqjvw
7899050313,vwvbm
7899898152,sbdov
7901494645,azrje
7902938506,azxlm
7904937189,mjxoc
7905180335,zyqdv
7906255594,slieg
7907236179,pqvue
7907967709,oerqq
7908106337,ebuzp
7908109238,wzhlw
7910274277,nvemz
7910438238,cnuia
7910558456,pxffl
7911450288,ddyuo
7911451621,hxmad
7911571810,vdbha
7911602667,kdqmb
7912967910,olrsn
7913714926,golts
7916467111,rnvis
7916956071,bsfsx
7918976630,yjjqe
7919895421,jpqvw
7920129766,ughcv
7920370416,gxkbe
7922977851,dteni
7925735611,wxryd
7927105607,unpza
7927203368,czmla
7929405623,fnihh
7929544760,kiacx
7930326141,embgy
7932070746,bbbyj
7932389195,cmxpw
7932865783,smvar
7933121558,duyhv
7933465364,zmbcj
7933534003,uvajx
7935893213,hdrgc
7936171338,ngwbi
7937046736,iblxn
7937234621,ntwtp
7937570313,glpnf
7938182613,trlwg
7938706345,edvet
7940402131,dsbgf
7941021176,ehiec
7942156437,enons
7942600999,qyvdt
7944616018,erihx
7945440931,xrwdc
7946144645,ligud
7950188274,bbhlr
7952719843,szcnn
7953059781,otzvp
7955185642,owhny
7958536821,tdwhv
7959528537,vqlui
7960244948,pbbrk
7960717817,zvyrv
7961669691,tayfc
7962716323,wahgi
7963370396,jywkf
7963715995,kkjge
7964654788,rgqrp
7967236927,cblzu
7967961032,yqfzw
7968490885,ibfuh
7969840384,zuucv
7970154483,qkdzu
7972084024,cwgeg
7972634937,aymrb
7973279127,thfua
7974669284,kpybw
7974860988,tyikd
7976179507,hikbc
7978194789,gketn
7978227796,glijh
7980414311,wlstt
7980762295,akapz
7984554108,pzquy
7985155510,lynmo
7985345046,vuccn
7986188224,gbxmu
7986289443,mxurc
7986883037,cndkc
7987839452,vodvn
7988645046,dcvee
7988950408,ttedv
7989353786,xibne
7990758822,enzgo
7990800621,uzead
7991493077,clhyp
7992902210,vzcbh
7994078807,egerc
7994992956,gbyvx
7995105009,khlxw
7996090126,jfuyb
7996381169,bgfrn
7996913339,ksqhg
7998238812,ducma
7998531332,bxnxv
7998829842,nwyel
7999219641,xvpxa
7999903916,tubcu
8001480150,oxbnq
8002221929,ogixb
8002265183,hmjsp
8002709474,gfnsh
8003361098,ttxvp
8003677953,ywjgc
8004318103,rghrl
8004701240,pyxld
8005580317,tfnrs
8006904778,asthr
8006927252,ytlgn
8006999639,psszf
8007511784,utklh
8008127209,detcv
8008287525,nzsql
8008658014,ayegp
8009748091,lsvsr
8009760926,eyyuf
8010024758,votui
8011754885,awoli
8012686657,ftolk
8013843729,priiq
8014722965,ackph
8015320467,ivszl
8015649114,iaqem
8015687365,ihmdw
8018335810,iyllj
8018753048,lzuav
8019172030,arvtu
8019311425,dnquz
8019956982,cmojd
8020066834,gndoh
8020961939,xynht
8024010673,zqscn
8024228024,mfzmj
8024670057,ksrkc
8024881854,wvnbd
8025533318,ahkfc
8026712220,ysgig
8026912512,pckrh
8029675616,etgqx
8029954038,lxrnc
8029956709,kstke
8030663650,jtntm
8036605380,hyhkm
8037029515,jythz
8037957615,ellvi
8038213305,heqga
8039516433,eavxw
8040044082,iurnt
8041259581,nbldm
8041612492,flxtb
8042393702,zbuwd
8045528440,wrqbc
8045955302,wwdzq
8046706721,vzcaw
8046938732,wrhyg
8047746896,jxuof
8048599538,cgcot
8049229032,nlrsf
8050353123,qtinw
8051081079,kwnnn
8051519758,inbsa
8052613426,bihdw
8053692644,wisbr
8054223373,vlrpf
8055979408,upazo
8056543048,icurq
8056649382,iyval
8057395692,scvae
8058165764,bendk
8058494904,nusrx
8059004438,eosnc
8059141697,dtllf
8059887309,fvrkg
8061031554,mqbzr
8061518375,rwyrc
8062584976,jwgqw
8063013019,ktjzl
8063044567,olrps
8063125467,xbyjc
8063509327,aolvc
8066103145,jimrw
8066705159,nnmvh
8066806838,wsyax
8066987934,bojne
8067633776,tqrei
8068405780,scxzv
8069357768,siusv
8069609023,fkjcg
8071709012,pelfd
8072415148,hylwm
8073010814,dnzri
8073514766,kzukv
8073645779,wmfmg
8073726227,lpqyz
8073789321,isqur
8073917387,wupgx
8074445562,zbqxr
8075884585,twcvf
8076563363,qpfnv
8077569815,eplbc
8078521246,hkwrv
8079092363,atsfu
8079428798,dhedc
8082001709,gngwe
8082041861,hlrjf
8082701193,otnfe
8085099171,zyevp
8085667210,iladb
8085935657,fjcdt
8086714890,ozsjq
8086817412,lyhzy
8087733721,lnphk
8088036591,petba
8088702789,canpx
8090475787,tzolw
8091101081,qotnz
8091157883,ntdcj
8091470999,widyp
8091520586,fyhfp
8092782303,uaooz
8093731038,cqopt
8094184121,dtzrv
8094430230,npleu
8095784560,nkraf
8097144634,yiglp
8098685622,vhvzn
8098838370,mjuqg
8100024968,amhad
8100068261,kdikv
8100979733,qfeke
8101285248,iocnj
8101310144,gwfaq
8102234458,dmwmk
8102692697,mquir
8102940446,kpfjl
8103055663,xtevf
8104659621,xqqrk
8104908714,sqien
8106295974,gwbpx
8106463423,ejjis
8106727017,iiutr
8108082203,uahvj
8108949528,ixdne
8109483771,dwhdv
8110079779,rhwar
8113636640,hpyva
8114665620,riqek
8116263965,waqjz
8116781220,hudmc
8119505171,ontko
8120789593,kxrfp
8120907331,kptlx
8124644027,yxiku
8124659997,onlxf
8124733384,xfqan
8124747806,iexor
8124909758,afilt
8125599054,xoczl
8126182906,kevnx
8126211531,dbskk
8126277072,jbezo
8126282972,umrvg
8126891358,ozeuf
8127578760,ebjot
8127935167,ojpbu
8128364113,hquon
8129092679,rtkac
8130249253,jhxla
8132415677,mowrj
8134181485,umqzh
8134443088,fyhps
8135059104,ruwrl
8135468378,aqust
8137543227,nqazr
8139092554,iwsls
8139377919,yaexz
8140257236,gaprn
8140303997,fdakt
8143187007,jruje
8143543247,ywzkg
8143673976,ipkxt
8145260752,sjrvr
8148966675,rsvyw
8149180450,rqfqi
8149484929,fidgm
8150573026,posdd
8152299091,duevm
8153165151,mvlxv
8153748254,awllw
8154746389,kcedk
8155160285,wjbxe
8155244344,ewhfl
8155614178,ibcpx
8158828952,rmvhs
8160104804,wynkj
8160277244,rgqdm
8162712621,rzmdh
8164512710,mtntv
8164786835,lanse
8165939711,wwkfa
8166045737,btjnv
8166260524,lxunf
8168303502,llqsd
8168419170,pcqje
8169458797,pnuhb
8169850156,xuuqe
8170345186,atock
8173352938,nwemu
8175209224,ftqoh
8175821134,ucvqv
8176195112,yydxs
8176280810,qutqn
8176894996,casms
8178085622,mrpvn
8178117697,ziddr
8178178955,ejlxc
8178813470,vsblh
8179231126,spbgc
8179636946,hakuz
8180825084,epowb
8181432258,vsfgz
8181606145,otqwe
8182030823,rkrgi
8184455073,sxper
8186799129,njxou
8189844355,avnyo
8190054876,pdtct
8190311712,eopzi
8190593391,mqfhk
8190878542,amtgb
8190983082,mxyay
8191853591,xbdww
8193033751,gndwe
8193123451,zyema
8193129974,wpmne
8193222257,icnhg
8193535725,lucpv
8194300599,daupr
8196981284,kathb
8199211883,jkozg
8201650499,ccbai
8201813040,cgcpv
8202645680,fqhah
8202664459,vtjap
8203400211,ryuyq
8204466692,elfya
8205141908,uttrf
8205610917,vclqq
8207461732,egger
8208184177,fduxi
8209173606,snhwx
8209315681,xthzq
8209612268,tkfgw
8210071590,oclah
8210824337,rawzc
8211953541,ntcit
8212502269,audzk
8213183927,dljtl
8213409832,irwsn
8213687917,iiqqx
8213927739,atiqp
8213985778,qlnzi
8214963026,rlxoy
8215717681,zzuqy
8215849311,updcz
8216633541,weuhm
8216878484,xqvcz
8218531741,dgoqq
8219899431,txwmc
8219997673,eruua
8220702052,sjygj
8221476060,jojoy
8222129375,yabwa
8223196845,rkasc
8223305349,rhnzi
8224048537,uaqcn
8225552847,uzokn
8225798342,izdez
8226113134,koszl
8226903792,zdoop
8227347829,gjcen
8231419535,owszc
8231687102,vedhj
8231920147,oruiv
8233653672,ftvkv
8234318897,vfxsn
8234866514,zvugh
8237217551,vppqt
8237946356,hjfnh
8238545432,oumzh
8239250541,brexf
8239398825,kpbzs
8240228066,wpeyc
8240273395,ijina
8241139179,viimu
8243503356,skjeq
8243612397,mvlws
8243727524,gickd
8245435714,fxczn
8245911204,osume
8246048450,zfzem
8246203540,dzfse
8246595758,slwwi
8248379848,oapcf
8248486648,quryg
8248930075,qyzef
8249222282,yxbpw
8249279710,cdrpc
8250617004,ktkte
8250709171,obeza
8250889976,fjlol
8252996333,lnvvv
8253198067,ejwzy
8253497703,rxyyk
8254353845,puyfl
8256660981,jzkaj
8256833063,blxoy
8257095760,qfyoy
8257652205,aqkja
8258601092,hbnbv
8259626288,nrdqz
8260878988,zjgwg
8261402537,ihusw
8261422522,mdhwu
8263651144,xcdue
8265128755,jafzy
8266469420,yddwv
8266847698,swwoh
8268230631,myqqm
8269311892,jganv
8270282035,ounjm
8271220957,cxmit
8272159840,dzeqw
8272335526,vyray
8273201182,ahrio
8273748892,ybjti
8274136165,eunpz
8275308524,wrjon
8276151697,gyzts
8276571779,lpgdb
8277149459,bedow
8277455117,ypbgy
8280537951,ksvgy
8281298441,uqpvf
8282314950,qffbn
8282896334,htbuv
8284078273,qvyxv
8284712562,yazdf
8284963788,axshv
8285151484,nutlm
8286454897,ydwdp
8286724400,yicqi
8288874669,zsqbg
8291123607,ykaey
8291999440,dkell
8292276266,npjaq
8292427556,dweyn
8293551215,jcgrn
8293561854,cierw
8294869128,odlre
8294962976,uerpj
8295360515,grbpb
8295373163,meudh
8295676752,yrmob
8297622414,szjew
8298071250,tnuad
8298590062,uauyr
8298591187,nsnxc
8299016202,plxrx
8300162039,hxbtt
8300750143,kvyyd
8300894640,nvlco
8301192730,srqkx
8302342936,rdvoo
8303936906,ajjpo
8304605978,jjepp
8305421827,qdess
8305593626,bnqmt
8306288292,vzwby
8309999940,yzcid
8311462519,ypiou
8311468535,ylqrk
8311756706,klkqw
8311945428,lacqf
8312822899,fxajz
8313353017,gamjw
8314016606,occbt
8317353630,unpvx
8318673819,vaokr
8319278496,dpkyh
8319383866,ciyhv
8319631856,pdjcy
8319640596,irnkr
8320789646,sbvyq
8321410918,cwqva
8322249378,wfefj
8322344594,aoqir
8322866336,lztgo
8324061160,lrink
8324088740,zrsan
8324653322,wzwvl
8325008673,lypjt
8325123192,ujtqz
8325502103,gwwup
8326571992,gerxd
8327004981,uairu
8327429773,nhopl
8329841603,qcscd
8329999692,uzvga
8330152886,sbrzm
8330158144,aheeq
8332050312,kkvkl
8332311379,ddisk
8333508205,isyst
8335204844,mvepg
8335563666,shqva
8335658766,nabyz
8336553171,lxjwf
8337867002,geqgd
8338215578,juqnc
8338609513,bqrwx
8338758349,vmjkj
8339969034,afosb
8340477111,yarsm
8341388241,yjqsr
8341669869,ituzf
8341957908,ndsuv
8342053946,ecgon
8343911696,vrpof
8345889462,jaray
8346364536,dkxti
8348216741,cxaiw
8348336141,yzqun
8348742574,nyeoc
8349097584,xofwy
8349782279,zwzsk
8349888885,vwfhr
8352972986,ucbhs
8353004987,lkwnm
8356057598,gheks
8356858259,gtykw
8357333916,vpfij
8357534910,lnblq
8357987761,mlozx
8358453416,bcczp
8362010290,icofi
8362146350,sciqq
8363871544,kpgfd
8364917146,nhwei
8366015411,iljxk
8366145294,axqym
8368438240,zbtca
8368690263,likvt
8369369278,lskbx
8370110928,cwamd
8371668723,qnfer
8374171288,ychvf
8374360062,fcipg
8375138009,rnzuz
8377977653,gqdam
8378912615,fsrce
8379440528,mjdcx
8381167851,xtvql
8381498297,qjdsp
8384752737,wseyf
8384789104,jtedc
8385265116,gvoyl
8385540788,bybvj
8386549677,wmukw
8387070516,sglok
8387497231,fxxcb
8388284588,byfez
8388584227,rkmjs
8388942764,jjbrb
8388967716,qchta
8389161958,xqukb
8390575592,auphp
8391177080,zvehw
8391317075,ahoyy
8392002293,rnhch
8393278236,vrfqg
8395910142,dsahr
8396547894,cmjyu
8397003040,xetuv
8399664877,flztp
8402814444,uzier
8402816414,pojbi
8403030806,lpwwa
8403592047,mxvtq
8403885064,bjaxy
8404441518,aysbx
8404798834,nnvvv
8406550688,naolo
8406946185,pacio
8407648434,wafea
8408358073,dszxw
8410497550,quoaa
8410525108,pkwso
8410747015,dxuyt
8410884432,ascix
8411500182,nfltw
8411855308,zjzox
8412094083,nusyc
8412639474,lbbhd
8414316943,onwym
8414363501,noagh
8415621432,qxfft
8419101425,drglb
8419165952,crukq
8419621192,ddmac
8420308862,hyxeh
8420831693,wimyr
8421123594,mdyej
8421509955,dzzvp
8421537522,xxtcw
8423026823,mikrw
8423318353,kuyis
8424369896,qwcwg
8424976834,hsucz
8425447443,vrblf
8425729982,gbxil
8425761947,jiauh
8426238390,zibkq
8426789198,ixxrw
8427111788,boodw
8427421840,ivzsl
8429459369,wybie
8430480681,kzrma
8430621157,rlprr
8431226100,iqmsx
8431924975,zuqcc
8432642917,pbgnc
8432839153,jjqpv
8433173889,ntmof
8433386740,rtaqi
8433710503,krwox
8433871802,ccefg
8434258837,yfhca
8435257971,ytvix
8437115199,kiwra
8437501026,ktzrt
8437980781,gkpbd
8439335328,elojk
8439543370,ioeqi
8439943377,ibfao
8440210329,ecjxq
8441926789,ddlle
8442063754,abyic
8445561077,kyzla
8445898440,dexcg
8446704054,ucnng
8447961405,gbrxk
8448265175,httev
8452218200,cmbml
8452883447,lrunz
8453038056,gxhgd
8453994292,rubfy
8455179525,wmuki
8455709202,zfvyl
8455721220,gqgay
8455931741,gmgzw
8456614199,tdyxw
8456829403,nubvj
8458914736,ldcjc
8459924138,inwmi
8461662698,lzokm
8462747677,jpffe
8463294411,owvoc
8463572750,lmwbv
8463962789,kfmhl
8464447320,xvymp
8465162054,cvomk
8465402326,imazn
8466791928,bjqqy
8467452002,pgbkm
8468253518,zcbjw
8468986397,qmuuh
8468987407,bdaxc
8469293980,fjhbu
8469597545,ssjgr
8470882237,tcpim
8471467479,zlvzr
8472653861,nyrlq
8474934966,luzik
8475904262,rjnfb
8476552490,zdjja
8477847424,ugvec
8478014062,bkedy
8478864063,joijn
8479444138,nziwj
8479752693,wjrud
8479810477,rtvas
8481467674,hfkew
8482062585,lmdzz
8483046466,mrlgi
8483262773,ctrge
8483335926,gttnk
8484072027,jctcm
8485516573,ggkfs
8485970558,dwhgi
8488202164,kezwk
8488468059,wstjg
8488549728,nxczm
8488876051,cceyj
8491031608,gqxmy
8491346731,zbpae
8491577848,zgles
8491840919,zygxg
8492777411,zvqgq
8492800671,frkdw
8494289742,orimw
8495198752,lxzgy
8496508495,rtapj
8498133107,aaula
8498295371,rtajr
8498410044,kjglg
8501143567,lmiew
8503020036,nziet
8503459627,vbhry
8503613147,vwqnt
8505013546,rmvkq
8505596433,jrvwg
8506159339,akjhn
8506236858,amzau
8506264402,axmvy
8506934598,fwiye
8507797281,kuvad
8509520225,nfwbs
8512369523,cfilg
8513766447,cjrpp
8514158020,vpild
8514282083,xvken
8515024710,gbafz
8515424967,onykb
8515509219,gcoll
8516544306,ogeav
8516757924,igllw
8517080729,fdrkp
8518312380,suyux
8520394105,bnxbr
8520542540,gezal
8520851753,yxevg
8521910551,crmur
8523586130,oebut
8524056300,uljdt
8524164539,ggquh
8524660413,sngqh
8526981169,mvyki
8527355813,qlzic
8527505558,jtqmf
8529050562,qtiga
8532116681,pxesa
8532189396,enbkl
8534472094,wqwru
8534981805,hjjlm
8535364083,xqocx
8535447679,njgib
8537118722,fykza
8537596711,yyjox
8537727426,amsiz
8538187116,bqkjj
8539248464,mxiae
8539666199,xhdrq
8540076622,tiqcy
8541550514,lpynp
8541736941,ehdhl
8542493422,zspdm
8542727086,zmoap
8543942878,eccbt
8543955334,ttbmr
8546001990,rxnnj
8546077449,vbyfr
8546428720,cekuq
8548562483,lvvdy
8548890388,mmqgs
8549364644,sdocn
8550092241,hclvb
8551265180,oiwhu
8551677549,vgcqt
8552836346,wdclu
8553195681,scrjt
8553504658,bfolb
8554261289,cqcja
8554602775,zernm
8555982542,tjdjo
8556780882,hfapm
8560523235,ynwrp
8562099904,omhhz
8563032204,mvfsk
8563194878,fngwl
8563649266,dalhv
8563742194,fqaaw
8566694202,cpmwc
8567197305,wfyvm
8567229584,fgtpg
8567264479,ctllf
8567530267,svkap
8569205311,eguww
8569686730,qzwgn
8570158488,xcvga
8571286153,amyjh
8572924308,bfkre
8573070926,ixexs
8573804854,oorch
8574012714,fmqxy
8574501976,theyj
8576395136,dmxhv
8576857653,tqtoz
8579716293,nsqao
8580146733,xiuli
8580624128,xdmqw
8583026472,rvwxz
8586055296,ygjts
8586594069,lajgz
8587637724,lrxju
8588145987,ppieb
8588535384,csyaq
8593504098,nqrof
8595174555,ozpsn
8597267182,ecsbs
8598972900,fzwjc
8599714896,gknhv
8600186757,vgdta
8601337147,rnxbm
8601690507,qgcre
8602846859,vhfen
8603309811,byoby
8604398808,gbffb
8604555510,vtigp
8606019898,dhkon
8606215636,uvzie
8607389222,bvipf
8609904039,cegfu
8610174957,xywgd
8612383247,mdeeg
8613184024,koyqz
8613941640,ehsoa
8613985860,sawkc
8615113844,mcuqd
8615400251,ompkd
8615503295,yvtno
8616655357,pfudk
8616835013,noyhe
8617586168,vpvpj
8618166616,kbjhm
8618797699,krgbf
8619480309,nfqlf
8621528825,qiiia
8622434909,pooql
8622771955,kizeh
8623304022,zotfd
8624771306,qbjya
8625501261,qzqno
8625915298,yptgc
8626933069,rhnfe
8627408946,ksxry
8628927490,yrijg
8629681774,pbhgu
8629971314,nkktp
8630607274,zlhsk
8630995192,tsfpj
8631070428,vhpyh
8631361145,orrss
8633172205,svzie
8633307658,aiqsf
8637082069,oorex
8637700494,ntufd
8638054081,jpsuf
8638745580,czqwh
8639870061,vnetd
8640317754,hhiyo
8641706585,ymteh
8644144982,gzzmq
8645096752,gukic
8645224765,pekgv
8645351446,ulvxd
8645984165,rfzho
8646624016,hmqfv
8647150236,rcimu
8647597256,vfcyg
8649756923,bmtig
8649844270,gfrxi
8650822132,uilnf
8651286913,izfmz
8654739389,iaufk
8656516070,aisvk
8656984465,uowcs
8657104791,pwhwp
8658772590,asweg
8659087101,ejzat
8659459267,tcluk
8660617785,iuicd
8660655283,gkasu
8660710786,fueyu
8660794627,kqewk
8661032886,oeyrq
8661099024,flagv
8664280818,nprmk
8666084967,nnjfk
8666930349,zshqo
8667358791,cepdb
8669544613,ccsle
8671704068,xvgrf
8671769819,stulm
8671853389,zbvhr
8676813080,ovkuz
8677213868,jwsxj
8677755702,otljg
8679309333,nacbu
8680017288,gzwvy
8680369546,khodh
8681461087,kfcib
8683625076,wdckq
8685373236,spdix
8685769710,mkflw
8686839788,sscwx
8687190235,jlvqk
8687552001,vdgln
8688938214,iikao
8689146285,wraxn
8689530949,kdzvx
8690288367,noygd
8690501647,fcvak
8691208575,qzhdl
8695980103,shplg
8696201921,vefrh
8697547467,rkefw
8697815364,duyju
8698701607,tfgdc
8700516493,lubbb
8701099213,ktgzz
8701532385,yyhvw
8701961398,hvtgq
8702310612,jzvxm
8702768285,urroi
8703316452,silvn
8703665140,iagqv
8705018876,gammw
8705037903,mrbjl
8705484456,vhjdz
8707503406,nhtyy
8707623494,ezaku
8709208370,likgh
8710116848,rwspn
8711429866,birkz
8711434575,hlcks
8712153523,bsloi
8713274353,lyivf
8713594459,ncsnq
8714706774,hzshq
8715575825,ckdng
8717303238,rhtkb
8717670238,tpbkr
8719501640,orlnj
8720015101,kwtij
8720276293,caqkd
8720991012,vhzzu
8721130861,ttrod
8721166264,kwycc
8721202140,cxpol
8721314734,fxlav
8721842757,ybcyh
8722288752,rhmks
8723388720,aicxo
8724225876,bqsyu
8724392457,fyzla
8725609587,waqgc
8725930555,nwocv
8726909873,bqasi
8727968444,eumvj
8728093718,mkbep
8728132812,uycwh
8729020264,icqei
8729564004,pwdym
8729693910,fexjr
8730117326,gswor
8731311943,fwqmo
8731910604,ajuiz
8732594861,fqyzh
8732678040,ihqwz
8732977666,tzmlf
8734661301,djrez
8734714025,rchzf
8734744437,cwppx
8734854327,gezyx
8739974923,lnipu
8740130441,bpfiu
8740212199,xhfjo
8740672563,jkscv
8741373702,rwqzf
8742796763,dvwdn
8743893659,ojgzi
8744113455,jcqye
8745902969,tkwej
8747414131,puyvr
8748510149,lvcma
8750887907,kbehu
8751511571,mwfjr
8751673302,fgese
8751728726,cbnya
8752320320,cdmcr
8752572954,nopoe
8756260499,zpcym
8756262134,syvfy
8756762221,kbhrc
8757230677,knjww
8757292726,hnfur
8757429505,ywmdx
8758212145,isisg
8759539535,zybxj
8759751891,zrueg
8760773806,nzpps
8761486191,sjvru
8761676744,toygy
8763633313,joidj
8763637514,rglnm
8764220351,kepvs
8764945277,vppwc
8765440615,vmwfr
8765506306,mkwcf
8765799422,enqve
8766240144,nbudy
8768272062,zaxmf
8768461889,uywqr
8770243657,qwzfb
8772895933,jkrpq
8773289476,tcoax
8773850303,naxzx
8773906281,rynca
8774645267,abeah
8775078785,gmgig
8776865461,lqlzl
8776866606,xsurv
8777606144,rzfge
8777789094,pwnag
8778885637,tonzd
8779371136,gpvef
8779395528,xhraa
8780519569,blngc
8780760090,neyew
8785405959,rqrmt
8786810241,fvvmd
8787907442,sxits
8788341462,cplcp
8788913105,ysbok
8789756203,dkzco
8790687151,wxoei
8792532556,ttxir
8796032164,xxzoh
8799238864,zqngo
8802391553,tltzw
8805547106,fjtih
8806493362,iabnu
8807022897,tmnti
8807252960,qgaqm
8807847597,olazs
8808242905,vngxy
8808680466,mujsk
8809699458,qmvxp
8809734413,mompf
8810457161,ldkch
8811329948,gubmd
8811411352,axgff
8812526806,hroni
8816413074,shzgu
8818946001,tvibo
8819982073,feygx
8820024701,aoxbn
8822295264,ibmxh
8823795167,avfjb
8824211055,cmyco
8825552489,irzrl
8825897390,kppkk
8827310140,toevh
8827540690,iwhqm
8828011025,yffnc
8828605419,pklpr
8828945642,syagb
8829468863,mvumf
8829505697,nzoxm
8829960334,uurzm
8831468770,okwlu
8831764297,ogsdd
8832587730,codrb
8834710940,gcttu
8835241809,nmsdb
8835672619,eatdr
8836200509,bqtty
8837168084,gylmp
8838750910,jbvws
8838978588,hoixb
8840743363,ohbdz
8841226921,cjrse
8841508273,rpttz
8841528348,zsarw
8843792709,oqvln
8844880079,ndapg
8845054091,wbdkh
8846372651,fjpdp
8846446920,rqgqb
8846679984,ffgrz
8850394958,maopl
8850948804,xgidk
8853487748,myldy
8854037808,zemuw
8854163817,mvvyv
8854734134,iaefb
8856141460,atzww
8859164643,iuubs
8862260818,nwyyt
8862679558,qynvz
8863043473,mhpyc
8863913455,xdeli
8866007135,ijlpg
8866614082,buwev
8866769163,pubzj
8868262852,afjrn
8869310327,fxjnp
8869696195,xyyyi
8870754991,dyisi
8871374864,whqrl
8871773427,lmtjc
8872321831,khexf
8875390279,secfo
8876351135,hronx
8876580253,qfptv
8877388482,dompt
8880819382,qtado
8881967530,qfwlj
8882327543,ytaqt
8883481374,kawds
8884200132,cxdja
8885019800,epzjn
8889329002,wcncp
8889634713,vvrcu
8890318167,kkmbt
8890372855,aybhn
8891110957,uknjt
8891448583,khfhp
8893868360,hsltz
8893980351,bbtsd
8894254158,hsfpx
8894726884,cropf
8894939557,hapro
8895870014,rczzs
8896074241,ymfoa
8896291160,pwkpe
8896929561,cqrwo
8897076444,vfzza
8897365542,sicrq
8898451041,wsury
8899608038,yrxyq
8901031122,xhasb
8901139328,gjtzp
8903017943,dvaed
8903615870,ludpf
8904378190,jlkvp
8906249351,yywdv
8910431845,hyihx
8910623624,tigol
8910715666,oxgey
8914348773,bctws
8914355822,evtwh
8914357968,diqfn
8917048544,ebgda
8919367088,gaxzp
8921674605,ujank
8922178119,vmbjq
8922392687,dfbgf
8924681229,utkdh
8925408331,adwtv
8926486309,pcuzl
8927918930,bvppc
8928268332,owyac
8928645489,vfelq
8928932786,kvxgk
8930157181,jzhwm
8930798869,eweju
8931498473,yiqfk
8931677804,notmc
8931919340,khhfe
8932698285,hejiu
8932795651,fwhvd
8933459232,hmupz
8935759780,aimrk
8936602045,ilzco
8937174961,qqpud
8937600858,rehal
8938807933,burxq
8939668653,escfs
8940287243,ljkwn
8941150291,wemxs
8942362237,pknas
8942821604,brotk
8944099359,ijgpu
8944316216,enzck
8945805975,akehd
8945932402,ocnxx
8947548874,nqcie
8947821469,aywid
8947889090,cjxup
8948632853,mbclc
8949097412,ybssx
8949980739,dumfb
8950033701,cgrod
8950413147,ymnfd
8950767207,bnozc
8950808059,ynwuc
8950815191,guaao
8951714599,rdsky
8952191111,xfpap
8952687098,wfsey
8952941637,jspcn
8953687973,hxmst
8953978295,saqxy
8954645408,xekdj
8955885383,tiiqi
8955910830,qiaim
8956447999,mxbas
8958310776,napbi
8958612180,pgnff
8960037847,nxzya
8960112305,mmgul
8960266001,vnqbp
8961653224,jrkbd
8961987065,msycr
8962176459,uqfcf
8966160418,jttbc
8969174847,ilmlp
8970990494,xwvvv
8971951857,obfrv
8972319687,ifple
8972858922,xbcbx
8973008299,inbpe
8974381387,uninn
8974515857,vkypf
8976732431,ismbh
8979107527,riwih
8980322670,rsudq
8980434333,hfaeb
8981197464,kivvi
8981210589,cpozi
8981747068,gnbrq
8982148210,cmwqf
8982653329,cugch
8982677850,izfeu
8983201899,qsqha
8983203997,kzknp
8985586375,nepyu
8985702555,krkwd
8989208702,kqyng
8989256402,kuium
8991305617,subsz
8993303031,nntxh
8993918565,vitfl
8994339848,mzwog
8995536899,lbozc
8995649248,cwqqf
8995921799,qbjls
8996726324,jcdov
8996884678,zmmga
8997222904,dugco
8997881057,iqwmc
8998948405,ndukv
9000290059,olpqk
9000756478,henjp
9001546898,zfsax
9001611752,nhtgu
9002909574,rybsy
9003740213,fzuow
9004822457,wxopw
9005034616,iekyw
9005347616,yrcou
9005417780,kguec
9005887890,wwvxz
9005913261,hqlsd
9006282017,chfka
9007197600,nswei
9007488474,wulme
9007969749,uwycq
9009121204,xadom
9011102309,yfkwk
9011440092,ymxre
9013188154,lqneo
9014392844,pbipc
9014631638,pzhbk
9014807704,aoqjm
9016614844,mlkkk
9016841445,bmvob
9019182808,tuocw
9019406775,mnsvt
9020413077,vmcbo
9020626437,fekpe
9022448616,jgmec
9023140901,ukich
9023230575,ytvvt
9023700461,fuocl
9024623609,xtgmc
9025954099,uvmst
9026038056,ueapr
9026242379,jwddy
9026398877,ajeee
9026905703,miytv
9027534841,qkgvt
9028432630,bjrrz
9028715772,gkdap
9029080891,rbtwq
9030137358,hyylq
9030561306,vuazz
9031463234,veslb
9032862784,vteyb
9033427967,agdob
9033851917,xftau
9034096445,mwgkd
9034491770,wuark
9035071714,znssa
9035326649,agivd
9036088625,vsopo
9036381064,vdtyp
9036944611,rqskr
9038350152,ccmhy
9038839296,bixpl
9039382983,jpozk
9040200196,dlicf
9044121713,xspor
9044974332,yhnst
9045006192,clbds
9045953412,bbmdm
9046611744,ojbju
9049915646,nqbop
9051408932,deeoa
9051988304,rjftv
9052361086,lbiui
9052821939,bchit
9053547135,lrgcu
9054465745,eqjlu
9054489421,vxsyf
9056134229,gcmas
9056598146,awnbv
9056927636,bkyvb
9056975338,limsj
9057216052,dqvza
9058832145,nyrby
9059469216,zhref
9059482583,jfvfg
9060312411,occit
9060388977,ltwko
9061842374,xbrgq
9063734854,ogiug
9063865381,uxwfs
9064632880,ilari
9066128512,ovhoo
9067979154,jkeyl
9068573250,euewa
9068797298,sxmwx
9070225615,qaiwg
9070479755,ijakj
9072020580,yaear
9072278256,ooozu
9073450848,dohha
9075670176,ukkyl
9076243242,noyem
9076554390,zdvir
9077661216,uqjvw
9079224510,poeyy
9079855699,beguo
9080016510,vedsj
9080157340,zixgg
9080587076,fendm
9081188088,vjace
9081593742,qeeuc
9081935474,jrsvy
9083214703,senwe
9084242628,iosvf
9085176655,bgryo
9086213394,xzwtf
9086368067,hidkj
9086391473,vjexp
9087175628,tvagw
9090952403,kjotl
9091836086,ghbgw
9093098299,iwgxk
9093642930,qszca
9093937817,dhxwt
9094548662,yvqft
9094689536,osxhn
9095874240,uqqky
9096495844,qhvvw
9096803129,cwhhq
9096933836,gojqx
9097193707,pgkmv
9097241082,gxicm
9097421667,ffomz
9098588614,tsdja
9099749969,rbeao
9100533040,zkucy
9101432106,ypxmf
9102040867,bcsey
9102230869,tules
9102478482,ccove
9102761139,wcjgk
9103423402,zpvsq
9105535172,mblfh
9105670673,aonju
9106884471,ikfby
9107016361,bdrsp
9108327079,fhlqr
9108482501,cijix
9108982994,zulxe
9110310748,bcthg
9111505737,zswpl
9111936473,cvzdv
9113963725,bzwjd
9116841133,wmqzb
9118115191,bmtor
9118271278,zflja
9119159433,ovvwa
9119733460,hihhl
9121023536,apura
9121247572,fktof
9121251297,nqdng
9122479122,suvno
9124365527,syybq
9124861487,ukykf
9125378174,qsyui
9125921620,lpzma
9125976525,jwqpv
9125990055,svfoe
9126244335,xewqv
9129231694,bqawx
9129663154,odkgp
9129765947,tlsjx
9130629578,wrmfs
9130807169,wlqgv
9132799960,hqodn
9132916093,lrgis
9133219456,vpxiq
9133389371,naxcs
9133482525,zdeyf
9133740664,wlwaf
9141794940,vvsxq
9144500375,ytwpn
9144611167,okumq
9144918292,pkrkr
9144962522,gifmk
9145475861,ccrcv
9145902458,gypni
9147140312,bpuqx
9148038904,agjfv
9148354791,whxyv
9148357711,xpogt
9149284710,ifntv
9149791209,ulkgd
9154645396,sflfz
9154752198,cxwpg
9155505301,ojrwd
9155977362,cqchn
9157062649,qeuiz
9157471891,qenaf
9160221617,zduur
9161168310,ymour
9161307112,mhbhd
9164259229,gruex
9164589987,qieln
9164810076,yrogn
9166435016,pqkle
9166878854,numpm
9169348883,gmsxq
9169520519,rhqbw
9169952720,vadsp
9171122064,yqoxn
9173548533,rsqzb
9175357318,dqohq
9176456489,jzurz
9177684531,givrz
9178221618,pcuij
9181668192,xecnv
9183078690,craqj
9183449014,ofhur
9184781565,ogmyr
9184958430,wlkrb
9185119105,zzvox
9185499140,wmbov
9185660885,nmfim
9185997407,argat
9186234799,qncwa
9186306452,idsnr
9186639567,gyeqp
9186857513,sjihu
9188663981,pbzlz
9191692381,xcuki
9191897961,glouf
9193261300,pcpan
9193879724,mpzud
9194824434,qxckd
9196428392,zllug
9196894832,ipeny
9198376158,hzqod
9198565716,vlffu
9198842155,nmqus
9199253311,lbcec
9199269515,nxska
9199465733,xrgzt
9199497157,ogbkj
9199723068,xntvz
9200406007,ctvks
9201539036,akwoh
9201958604,ycvgi
9203754388,zpgha
9206128332,dzrvk
9206813790,tairt
9206922500,hedvp
9207496406,jkjcj
9209533204,sjrcd
9209765457,dpgok
9210070211,gyqov
9211778084,meogj
9212102529,nkzcv
9213879660,lpmam
9215872521,lbjkz
9216608347,niqjy
9216854839,islct
9217554651,lsvdd
9218299326,zbkfj
9218619681,wkhtn
9219473804,oqdzk
9220778111,lbdgz
9221850758,phyca
9222803520,xkaxm
9223856425,vlqxk
9224907595,oclmp
9226133766,zsoiv
9229589323,ocray
9230263124,qhwry
9230880491,suruz
9231694378,fmwmv
9234953088,unxpx
9238065536,modsv
9239979504,xxrlf
9240724087,ukoys
9240974409,sbnmu
9242066979,enjwk
9242753099,foizr
9244491115,twrcy
9245131634,wlutc
9248698378,wpgyq
9249283374,txahu
9249315279,touwx
9249721536,phcpq
9251241756,ulgxt
9252418618,uvjrg
9252730782,awzqc
9253546684,kzlfj
9253758699,girpx
9254329441,zmjax
9255480593,tpfkt
9255595084,uzhcu
9256608180,dxefj
9257384688,zaqcs
9257426915,haygb
9257988540,repwc
9260062084,qwzdo
9261244114,oqqmr
9262169974,ngwzw
9263796568,esgzi
9264120769,lertv
9264228854,djdib
9266024441,xqrhz
9267155513,ppprk
9268227553,ddxxi
9268898850,xekxb
9268942273,yumwl
9269498837,lhury
9270284509,oamza
9272969579,zzjpk
9273168510,jwimm
9273170659,gnxfp
9273171075,edarn
9274110717,txivz
9274262868,iwzri
9274578843,ctziv
9275164048,prqgk
9277749594,btplh
9277917029,thxmf
9278419376,uvkrw
9278505406,elvsx
9280604846,imylr
9281093890,shmqu
9281674939,lcbim
9281963517,wmbik
9282782125,hbxxq
9284429035,mepbz
9284615269,qklak
9285397451,qklom
9287064178,gswae
9289709938,szopl
9290547096,cpdcp
9290774824,yegef
9290916560,fepkr
9291847302,fagai
9292549648,eznxl
9293500165,pgmdk
9294162732,brlfe
9296362199,rlxxw
9297404661,lrtrq
9297546049,trzfp
9300376349,kpyir
9301476378,cabvt
9302404823,iydoa
9302989295,vjaov
9303464592,akmqn
9306546215,zxiqs
9306817742,jvdxq
9308209842,wzfzl
9310048352,zjxyj
9310217953,fvcsa
9311705233,vrsrx
9312008834,kgtzi
9312028901,jnsyx
9312242615,boosa
9314449169,kkhqw
9314580291,iseub
9316098513,xefvy
9316133368,yqqcj
9317467021,qnkyg
9320739834,obzkn
9320775018,npyrx
9320869669,afvzz
9322544193,ycfdp
9323900392,avuen
9324976850,qtcis
9325221119,nqiuo
9325277503,thump
9327579534,jxsks
9328306610,ohabz
9329134226,dkobm
9329473229,rdtgt
9330335025,vddmr
9331156435,ecfcr
9334531506,tpafq
9335062467,exari
9335601232,wgdmc
9335728934,xybau
9336051198,pixau
9336883157,wpphb
9337052334,zfewp
9338217620,mrzqc
9340102784,kxuze
9340805364,opzsl
9340839835,zufsx
9342059391,ldhia
9342167267,kpdzm
9343742743,fncjb
9344398279,xldwz
9344730686,vxnig
9346093202,rbrga
9346450767,ltmbb
9346943999,wwahn
9347157837,hobzn
9350613381,ybfqy
9351433190,kwznh
9351567813,lpapl
9352024053,sgtpu
9352978038,rmbpl
9353236839,djest
9356611243,mfplm
9356953214,qjpzm
9358309289,augen
9358918114,jgqcn
9360313893,pkzaq
9364019380,svdak
9364205879,qzqse
9367858946,eowoi
9368376312,vmqjs
9371996249,zpsqr
9372480364,ibgbh
9374634181,jnwyo
9375052239,cxwek
9376688461,ekgme
9379018848,bbtcr
9379737922,sseda
9380781888,zzeug
9380824554,yjccn
9380940829,qpjsm
9382012586,wfudy
9383046157,yaunn
9383439856,sfahl
9384856429,pxcma
9385685892,gkzmg
9386209482,xkdyj
9386286916,hbpkp
9387812272,tajdg
9388046878,uawqb
9388751493,ezsxf
9389415369,pcbio
9390214758,wajgd
9390258214,gfaiz
9390317005,twbsz
9390532802,illzv
9390704618,fpyij
9391136389,whtuf
9391503589,jiyzc
9392032105,jyakl
9392956251,nynsl
9394752555,pijxj
9397409485,atwev
9398235280,fvvrl
9399704484,teoyr
9399906429,dobvk
9400154221,mflli
9401018064,uialq
9401036962,gduve
9401139794,tjsgo
9401297470,weaxx
9403984571,xecww
9405472448,ngcij
9405556891,lazzz
9406062230,selvr
9406196514,pvbjp
9407364695,yxemm
9409128129,facyf
9409350444,ddmwg
9409606075,hhhwe
9411632717,ymryw
9414913996,wxmdg
9417383154,jlzdn
9417583902,lymwh
9421190759,roohx
9421312234,txvam
9425351253,gzatt
9425578073,eband
9425771738,pffbx
9426690849,xfufz
9427004246,ycfmy
9427261932,nkazc
9428480066,qrmek
9428636297,cobfl
9428962202,oiftq
9429748828,ebrlp
9430433104,bfisk
9431245989,uiopn
9431956840,nmszr
9433616279,kjdqn
9433817347,bvyya
9435040190,ytqzr
9435811073,xgods
9436475679,btpiz
9437022935,enoei
9437110226,yxpug
9440056363,eudkz
9440651381,hlvwh
9442839312,mhugo
9444172243,osrmr
9444730765,zuuvz
9445237609,muqqt
9445407032,punba
9445748853,dhnnp
9445998314,wdoea
9446687809,pbigz
9449327604,iakzh
9449644461,wysjp
9449800806,hnhoa
9452133113,bnokv
9453446213,qexhd
9453653185,ouwpr
9454102837,mxiqm
9456994638,uehgi
9457944606,dmnyc
9459978583,ffvrh
9460283122,pfkpw
9460800613,kcpke
9462330433,icqyc
9462350264,cfcfo
9462979938,dsxld
9463503763,drldt
9464309279,gcyrf
9464551584,uqush
9464633456,prclo
9464840929,ocgzq
9466484321,ahojz
9466655397,psuhn
9467991289,njgsu
9468061477,stgma
9469023473,gpnjl
9470029982,hfqyu
9470107103,ehsmi
9474125333,kevvz
9474451997,rgvwh
9475153688,qcytj
9475173844,tttyr
9477757855,rbrjs
9477768615,bocvt
9478149607,mlifb
9479012697,uvnfc
9479573482,ygdit
9479594361,ajyry
9479866723,expts
9480487592,wbyoe
9481688620,wpfbn
9482847090,wptoh
9483701108,wpmoi
9487469219,ufkqt
9488484631,gjyvp
9489235721,fmxcs
9489680681,lxceb
9490010440,bivge
9490391459,frdmd
9492862174,beykr
9493961173,qlbks
9494193763,wnpun
9494391058,imtdf
9495277700,fhkhs
9495704865,yciwy
9495969711,bdkyb
9496239338,noxnk
9496540008,jkxjm
9497561546,tmjxm
9498596506,gqxmq
9498728742,lovuf
9499161980,hezbm
9499507087,vsial
9499695392,eceed
9500407351,qkavy
9500721737,yqyyp
9501604796,wpjss
9502378276,uvfop
9503071803,oeocw
9503953695,bzaks
9504388586,rfysj
9505412794,wfjjn
9505927610,stltc
9507138027,tmcnn
9509121535,ocecx
9510131359,anfgr
9510613544,jxomn
9511430377,avwwl
9511785866,cfwgl
9512307447,ijubu
9512509750,iyska
9512579038,yclqx
9512701004,tdhlz
9513130947,syszs
9515115214,ljsvl
9515288051,tpybm
9518158749,mayae
9518311860,ktkgx
9518332034,eyhoh
9518873997,cymog
9519861665,skktu
9519968933,tpmtg
9520476730,lxyfr
9521828637,efgjb
9522846348,zihgr
9522935316,omefz
9523549368,fcyfm
9524516286,xtare
9524859468,umqkm
9524882130,uqpqc
9526064498,qhwqv
9526203906,tyoec
9526294528,cmzli
9526981274,yulie
9528688763,wvqas
9530627900,ucybr
9531788403,whyox
9532950248,eyjpp
9533992304,ymfhi
9534062844,lrefy
9534871151,pvjgk
9535903250,lgosi
9535974070,jfxce
9538226572,nagdi
9538649146,itqfn
9540026390,tluua
9540503244,gpjlw
9540692032,wyuzu
9541061285,mcrae
9541773791,ewndi
9542317813,arrwo
9544428160,jdymq
9545110788,gymkv
9545764081,vqati
9546192335,qdtdt
9547448840,xpcmg
9547834929,myebp
9548357594,brvia
9548500903,hamrj
9549398146,cwgok
9550115674,uppro
9550174424,skosb
9550174633,vakbu
9551738865,tnaad
9552416822,ihhel
9552562072,ksnrj
9554842643,bfpxv
9555706625,qoghs
9556804103,uwhvz
9557232615,nmcob
9560723187,nctpe
9560878004,wvauh
9563394831,mfvcj
9564023626,veivl
9569666088,klklq
9570757440,ipgbo
9572759817,jehgn
9572785376,gzjsy
9575032084,qjbyo
9575263695,syhxe
9575294980,lwdiq
9575796910,obxln
9577732457,uidpc
9578065438,xogmx
9580250899,vgpdp
9581260111,lzsnk
9582050247,gckuc
9582569402,jploy
9583799057,jvlee
9584849151,kxvjh
9585030577,cwwqy
9585344811,weord
9586026496,lvxbj
9587274041,wenwf
9587290834,sggwj
9588647222,sootx
9588815426,adzsj
9589025021,yzfye
9589658286,gijyn
9590466022,omjpo
9591768767,jpxbq
9592884783,fddin
9595679823,txmyh
9596682443,kplff
9596876170,rvjeb
9597856867,jkchx
9598406264,mnrph
9599133606,jdflo
9600178894,qirbg
9601052864,rzccd
9601235853,vqbcf
9601907189,wphmp
9606628796,jpgco
9607409602,xexfz
9607479983,nmruy
9607512336,alttw
9609092397,lhplt
9609398686,rhhif
9610054870,ywvnn
9610774161,hqgya
9611547258,hvhph
9612499416,lpqxi
9612765797,opsbl
9612803992,jrfwo
9615799743,bmete
9616260472,xqxht
9616642960,uhebz
9617478377,ojvtx
9618351995,wjaaq
9618496996,mvpsg
9619912580,elnqh
9621061123,nvzag
9621755699,bxqdi
9621775083,nfmxx
9621969770,wrgge
9623675010,cejsd
9624004643,pqlje
9626889946,njprk
9627567839,ouznv
9627896173,ikwia
9629620030,sduxs
9629679830,tnpdn
9630878043,ycfri
9631549480,xwhng
9633125584,hrqyy
9633871096,fjhka
9634457827,ehwmf
9635042791,hggbq
9635660436,fdsda
9636472559,ysnrg
9636539407,sfsbv
9636556862,ynyvi
9636807515,weyps
9637262077,hpumo
9641088358,sxmlu
9642109083,wngpk
9642224319,gmoig
9644385264,yinrv
9644967360,asowo
9645168473,prfnb
9647677399,rkckt
9649300716,btzme
9650987474,nbnlg
9652461892,gqejg
9652654218,huimd
9654385124,qtjvz
9659499399,ttsuc
9659639954,xsqrp
9660398915,uqqie
9662304890,bvzez
9662461206,juomo
9663442457,wxiwl
9665858670,qqnlu
9667606023,lwcsn
9668037538,qqfvn
9668939191,exaxv
9669252059,wmfnw
9669423131,idxnc
9670051698,prvaw
9670746465,lwggz
9673111100,fauno
9673139166,uksqt
9673297489,uolll
9673474982,rokdk
9673597333,hczmn
9673743832,tnimh
9675544086,ljyzf
9676069728,cevnr
9676585542,xmzhn
9676977948,lywyb
9678023804,niqfo
9678292633,gopzu
9680100429,foixt
9681863113,uvusr
9684085185,qahgh
9685906552,czmxi
9687416692,vtcmm
9689303622,ghagg
9690191666,kcxzo
9690571121,vimhz
9690623619,rzqbb
9690718500,gkpjo
9693616055,nxvpw
9693648447,ongxz
9694115787,wawma
9694449905,ytfwy
9695106233,oranj
9696788190,riydm
9701096876,mbxft
9701581420,ludhh
9703313184,wmtpj
9703626169,xnsnr
9703840977,qchxt
9704630349,fkufs
9705928388,mmkiq
9706991042,grvtj
9708233202,gxdsl
9709510019,aqtrr
9710017511,mclli
9710119171,glbbm
9710538362,npotx
9711648572,kwiir
9712077498,odzfv
9713897232,bilov
9714294984,vxiql
9715015484,mcwny
9715356293,xhsdh
9716490440,aenwn
9716758185,hevtu
9717489075,vxrod
9718089178,xgsbz
9718459208,qxuas
9718570332,zeuth
9718718445,uvfjp
9718811785,mviuh
9719658425,orwuw
9721199725,wtjoo
9722312623,xhpmi
9724438255,sxccj
9724851855,rmsqu
9725621099,snxuq
9726531424,umldw
9726783702,nunqv
9727479557,epwph
9727791865,njpnx
9728405283,euabx
9730035246,iaowv
9731512516,qrozx
9732281577,bwpdj
9733408809,rkbgz
9733645560,ozwbr
9734713830,sucfm
9738027711,vrmxq
9738343185,zqxof
9738508757,cryjc
9739361426,vofqy
9740168113,ihlkj
9740194183,znprc
9740442185,vggjk
9741846232,rijka
9741987532,jnmjw
9744991357,cgukg
9745870506,gvkwl
9746176926,enzhq
9746236223,pqtzx
9747572444,uiyga
9749122113,rdpcw
9749205013,ixvln
9752079303,wyuqs
9752512505,dmocc
9752822608,tfvfs
9753259258,gpxan
9755506931,ntqui
9755779986,mvlcw
9756971924,xmjax
9757486692,fzuhb
9758599684,dtegg
9758969854,bpcks
9759267433,jlixl
9759508168,daecq
9761367711,jlosl
9764058062,vcyqe
9764610239,mhkdf
9764981253,lfzou
9765975734,kbvac
9766833105,kvdzd
9767014634,wehvn
9767732064,iqpkc
9768213755,otadp
9768594775,bsaie
9769055108,sbpjr
9770215283,xsniq
9770513024,ebdht
9771696700,heakk
9772767811,bhboh
9775530536,zdgzj
9775810791,gwdfo
9776132431,xjwdg
9776504112,otqgv
9776721054,yocka
9776964955,szkwz
9777752152,cxjrd
9777989460,karor
9779156950,uxnmr
9779880477,crmxp
9780932293,qkgcy
9782387372,cztlc
9782955324,ghgct
9783859994,wxthu
9784998075,qxaws
9785676770,xmuaw
9787892214,wuvvp
9793351885,tzldr
9794103163,htgpl
9794473199,dlnrh
9794876198,rudqi
9795497710,dpjzf
9796398965,zruzd
9796535482,cddll
9797197501,wjutz
9797799747,voalx
9798352325,fighi
9798817625,ebpkp
9799238898,tunlf
9799548506,ncfae
9800324724,izeqd
9800781008,rvnzs
9800812863,bluiw
9802558536,aqvml
9802820201,vowqr
9803502405,hecxv
9804021649,hsogx
9805809624,utgzv
9806300214,wfbvo
9806694847,moryx
9808340230,htlpc
9808526362,hmoag
9809095159,yuhrv
9809939975,xmpjo
9810089021,eklln
9810851828,yurbn
9814581742,pwvnt
9815025176,etssl
9815265805,tnliw
9815629941,fhjjr
9816476385,ywols
9820289592,imfar
9822093962,sqtci
9822501570,nwtvv
9822801004,dlpck
9823357121,xeukz
9824145608,njrnp
9825409160,sbcfx
9825576762,vinxx
9825610644,ayosg
9826495072,xlrdr
9826711443,jajiw
9827482138,bdlyf
9827937840,zknpv
9831134719,qvvui
9832782580,rhokj
9833248101,ybwsx
9833368834,ztgmw
9835581397,dbzor
9836374732,gnezg
9836375932,zsrkq
9837378459,iemeg
9840684595,yhojz
9840897808,zgvau
9841669054,axagy
9841818778,gqqqe
9842297538,xlmko
9844425588,hhcgb
9847755670,ilklr
9848863598,uqfdd
9850303412,gyzen
9851192032,hlnxe
9851595505,muyap
9852235099,qzvpk
9852396145,kctyt
9853832947,gibed
9854821003,vyaqj
9855622462,xpwrz
9857498030,andww
9858565471,krntd
9858927799,zefzr
9860156770,lflaa
9861198464,fbair
9862875555,tvgyf
9863321324,cxztd
9865937197,lcjsx
9866125904,tltck
9866720610,kywzj
9868468136,ogblu
9870428115,lvcbc
9872816931,vkrte
9875285608,lstbe
9875887994,aomqv
9880409108,oasrb
9881033389,rhgnh
9881142706,suayo
9882273701,tvjkd
9883311369,rmzzn
9883403700,cybtl
9883414238,toeeq
9884092366,wajqv
9885764812,dyzji
9886713762,heswz
9887311302,qtlvr
9887931182,xazvg
9889108847,xogwf
9889696657,bnuyl
9892061245,vgvyg
9893281840,ebama
9893937074,nialx
9894251717,zlldx
9894739387,hntbt
9897013050,vxfvz
9901994412,yuhur
9903200853,aleln
9903286684,nfadf
9905230607,sdvie
9905761752,fsiuv
9907210279,cvxfq
9907966687,bipfy
9909452211,nknbf
9919904479,abxbi
9920082666,pdkgr
9920085500,eqmgb
9920471863,pnvfd
9920980087,xtqqt
9921156874,jjlrm
9923137018,stduv
9923653595,fqjpe
9924391469,cjsna
9924690346,tfcdw
9925853744,bfboj
9926072337,eyoiu
9927406431,trnxo
9927861212,nojhz
9928439439,mkunc
9928880389,prdcg
9929195810,fcbql
9929348571,jafuh
9929604021,qhkdm
9930163664,vymzy
9931158638,mtgle
9932861923,axler
9933271724,wvwnj
9933950651,hqvum
9934198409,yynxc
9934250897,rjzrb
9934989747,vkkao
9935972535,cqosc
9937753663,sfsvx
9938261414,xvabb
9939501124,eivvg
9942059142,edcim
9942446624,iogdk
9943396708,koeqe
9946603532,hnucp
9947100740,ylirp
9947119575,lwemd
9947661439,qmlko
9949093316,bkjik
9950325283,wwwlc
9950992025,wqjuz
9951405688,qytmp
9953368932,pnejm
9956445404,juldn
9956775393,exgvh
9956866583,naxra
9956873542,joelk
9957944802,ouikr
9960862015,wcekv
9961191659,bcfvh
9962689709,lymga
9966328707,belhd
9966831121,ydqhm
9969926777,trzkt
9970820259,hktdk
9971413882,ckjkz
9971876483,dmvvc
9972228519,dsadj
9973184431,opcex
9974105636,nfocm
9974799284,zkczk
9975725877,lzxty
9975764092,olppo
9976089254,ricnn
9976282223,qbmta
9976888106,exgax
9977624917,zpufm
9978163212,arxhc
9978200707,okqjj
9978325687,kuozm
9979204309,qhkbk
9980023680,wnnhp
9980352881,ounbp
9981853846,wscns
9983974086,lbykr
9984729717,okzfj
9984844311,robat
9984956672,kyfzo
9985637201,btppk
9986749596,vldoh
9987158177,xwaia
9987564553,ybpos
9987838903,piydt
9987878028,mdxtg
9988559310,vwemp
9989651680,ztuwy
9989971145,zznae
9990013975,zynsh
9990563541,yklfv
9990816092,cqfog
9991014166,mgnfb
9992090097,binwd
9993769833,bwiim
9994199103,cyvhp
9995147824,ytekg
9995597650,hdzoo
9997241868,bkiuj
9998312669,caglo
9998475042,dmxme

Running time: 0.0205581seconds.